line,p,y,p_cal
0,0.9999978542327881,1,0.7432803909590715
0,0.9999973773956299,1,0.7432803909590715
0,0.9999957084655762,1,0.7432803909590715
0,0.9999878406524658,1,0.7431999598948028
0,0.8402273654937744,1,0.3898235985821249
1,0.9999929666519165,1,0.7432803909590715
1,0.9999979734420776,1,0.7432803909590715
1,0.999999,1,0.7432803909590715
1,0.9999970197677612,1,0.7432803909590715
1,0.9999953508377075,1,0.7432803909590715
1,0.999998927116394,1,0.7432803909590715
1,0.999999,1,0.7432803909590715
1,0.9999972581863403,1,0.7432803909590715
1,0.999999,1,0.7432803909590715
1,0.9999841451644897,1,0.7430716765551016
1,0.9999978542327881,1,0.7432803909590715
1,0.999999,1,0.7432803909590715
1,0.9999980926513672,1,0.7432803909590715
1,0.9999951124191284,1,0.7432803909590715
1,0.9983296990394592,0,0.6856400530053478
2,0.999826967716217,1,0.7376154964455545
2,0.455939382314682,0,0.22459893048128343
2,0.9994701743125916,0,0.7252299469060212
2,0.9999780654907227,1,0.742860629770432
2,0.9998171925544739,1,0.7372761663211836
2,0.999997615814209,1,0.7432803909590715
2,0.7213464379310608,0,0.22459893048128343
2,0.7253016233444214,0,0.22459893048128343
2,0.9999810457229614,0,0.7429640840766426
2,0.9999942779541016,0,0.7432803909590715
2,0.9921860694885254,0,0.5800247779725421
2,0.9287264943122864,0,0.509686904760801
2,0.9998021721839905,0,0.7367547566178823
2,0.998968243598938,0,0.7078061726540315
2,0.9999852180480957,0,0.7431089201053375
2,0.9999967813491821,0,0.7432803909590715
2,0.999745786190033,0,0.7347974011443776
2,0.9999961853027344,0,0.7432803909590715
2,0.9999332427978516,0,0.7413046770050246
2,0.981320321559906,0,0.5675216130508725
2,0.9999887943267822,0,0.7432330652727902
2,0.9999213218688965,0,0.7408908597801821
2,0.9999972581863403,0,0.7432803909590715
2,0.9997814297676086,0,0.7360347146466565
2,0.9999737739562988,0,0.7427116555694887
2,0.9995996356010437,0,0.7297240019678097
2,0.9901158213615417,0,0.5776425532117159
2,0.9999808073043823,0,0.7429558077321458
2,0.9829400777816772,0,0.569385458899934
2,0.999969482421875,0,0.7425626813685455
2,0.915169358253479,0,0.504279753273955
2,0.9999979734420776,0,0.7432803909590715
2,0.9977850914001465,0,0.6667348130884223
2,0.9999300241470337,0,0.7411929463543171
2,0.999999,0,0.7432803909590715
2,0.9999881982803345,0,0.7432123744115481
2,0.9637166261672974,0,0.5472651237442417
2,0.9999669790267944,0,0.7424757797513286
2,0.9726682305335999,0,0.5575656926917896
2,0.9999946355819702,0,0.7432803909590715
2,0.9987587928771973,0,0.7005354040135503
2,0.9933755993843079,0,0.5813935644163222
2,0.9741689562797546,0,0.5592925707336541
2,0.961812436580658,0,0.54507398176301
2,0.9524907469749451,0,0.5343475574750087
2,0.9682283997535706,0,0.5524568003420233
2,0.9998537302017212,0,0.7385445161153257
2,0.5099496245384216,0,0.22459893048128343
2,0.9994814991950989,0,0.7256230732696214
2,0.9981841444969177,0,0.6805873446900219
2,0.9964583516120911,0,0.6206790250495863
2,0.9999921321868896,0,0.7432803909590715
2,0.9999808073043823,0,0.7429558077321458
2,0.9999963045120239,0,0.7432803909590715
2,0.5910495519638062,0,0.22459893048128343
2,0.9995676875114441,0,0.728614971805232
2,0.9999982118606567,0,0.7432803909590715
2,0.9999779462814331,0,0.7428564915981836
2,0.9999948740005493,0,0.7432803909590715
2,0.999983549118042,0,0.7430509856938595
2,0.9949104189872742,0,0.5831596740985057
2,0.9999978542327881,0,0.7432803909590715
2,0.9991476535797119,0,0.7140341218879097
2,0.9968834519386292,0,0.6354357472874665
2,0.8352370262145996,1,0.3805686242960845
2,0.9999880790710449,0,0.7432082362392997
2,0.4871674180030823,0,0.22459893048128343
2,2.122529986081645e-05,0,0.22459893048128343
2,0.9947354197502136,0,0.5829583033013448
2,0.6315081119537354,0,0.22459893048128343
2,0.00014580486458726227,0,0.22459893048128343
2,0.998753547668457,0,0.7003533244346196
2,0.9998595714569092,0,0.7387472865554985
2,0.8205054998397827,0,0.35324785707650563
2,0.8475080728530884,0,0.4033262395099333
2,0.9993919134140015,0,0.7225132368249307
2,0.6438235640525818,0,0.22459893048128343
2,0.6401475667953491,1,0.22459893048128343
2,1.6039222145991516e-06,0,0.22459893048128343
2,0.9759446382522583,0,0.5613358396090689
2,0.8414474725723267,0,0.3920863825345787
2,0.9979506134986877,0,0.6724806652553591
2,0.9999682903289795,0,0.7425212996460613
2,0.9387633204460144,0,0.51855147247756
2,0.7593445181846619,0,0.23982003566779173
2,1.523798005109711e-06,0,0.22459893048128343
2,0.00016874572611413896,0,0.22459893048128343
2,0.023408759385347366,0,0.22459893048128343
2,0.0022336046677082777,0,0.22459893048128343
2,0.9999319314956665,0,0.7412591571102919
2,1e-06,0,0.22459893048128343
2,0.9956986904144287,1,0.5943085223965037
2,5.218164369580336e-05,0,0.22459893048128343
2,1e-06,0,0.22459893048128343
2,1e-06,0,0.22459893048128343
2,0.9825647473335266,0,0.5689535679225084
2,0.0001160763786174357,0,0.22459893048128343
2,1e-06,0,0.22459893048128343
2,1e-06,1,0.22459893048128343
2,4.5388267608359456e-05,1,0.22459893048128343
2,1e-06,1,0.22459893048128343
2,0.00010785090125864372,1,0.22459893048128343
2,0.9998534917831421,1,0.7385362397708288
3,0.9999054670333862,1,0.7403404828711417
3,0.9999918937683105,1,0.7432803909590715
3,0.999883770942688,1,0.7395873355219286
3,0.999999,1,0.7432803909590715
3,0.9999538660049438,1,0.7420205808040019
3,0.9999958276748657,1,0.7432803909590715
3,0.9999927282333374,1,0.7432803909590715
3,0.9999960660934448,1,0.7432803909590715
3,0.9999978542327881,1,0.7432803909590715
3,0.9999966621398926,1,0.7432803909590715
3,0.999992847442627,1,0.7432803909590715
3,0.9999988079071045,1,0.7432803909590715
3,0.9999929666519165,1,0.7432803909590715
3,0.999999,1,0.7432803909590715
3,0.9999985694885254,1,0.7432803909590715
3,0.999998927116394,1,0.7432803909590715
3,0.9999951124191284,1,0.7432803909590715
3,0.9999243021011353,1,0.7409943140863927
3,0.9999673366546631,1,0.7424881942680739
3,0.9999305009841919,1,0.7412094990433108
3,0.9999933242797852,1,0.7432803909590715
3,0.9999871253967285,1,0.7431751308613123
3,0.9999788999557495,1,0.742889596976171
3,0.9999957084655762,1,0.7432803909590715
3,0.99998939037323,1,0.7432537561340323
3,0.9999933242797852,1,0.7432803909590715
3,0.9998646974563599,1,0.7389252279621807
3,0.9999954700469971,1,0.7432803909590715
3,0.9999547004699707,1,0.7420495480097409
3,0.9999887943267822,1,0.7432330652727902
3,0.999997615814209,1,0.7432803909590715
3,0.9999977350234985,1,0.7432803909590715
3,0.9999527931213379,1,0.7419833372537661
3,0.9999978542327881,1,0.7432803909590715
3,0.9999967813491821,1,0.7432803909590715
3,0.9999760389328003,1,0.7427902808422088
3,0.9999970197677612,1,0.7432803909590715
3,0.9999973773956299,1,0.7432803909590715
3,0.9999926090240479,1,0.7432803909590715
3,0.9999983310699463,1,0.7432803909590715
3,0.9999977350234985,1,0.7432803909590715
3,0.999997615814209,1,0.7432803909590715
3,0.999997615814209,1,0.7432803909590715
3,0.999999,1,0.7432803909590715
3,0.9999960660934448,1,0.7432803909590715
4,0.999984860420227,1,0.7430965055885922
4,0.9999982118606567,1,0.7432803909590715
4,0.9999926090240479,1,0.7432803909590715
4,0.9999977350234985,1,0.7432803909590715
4,0.9999877214431763,1,0.7431958217225544
4,0.9999237060546875,1,0.7409736232251506
4,0.9999626874923706,1,0.7423268055503853
4,0.9999986886978149,1,0.7432803909590715
4,0.9999979734420776,1,0.7432803909590715
4,0.9991821646690369,1,0.7152321227538285
4,0.9999959468841553,1,0.7432803909590715
4,0.9999984502792358,1,0.7432803909590715
4,0.9999969005584717,1,0.7432803909590715
4,0.9999964237213135,1,0.7432803909590715
4,0.999999,1,0.7432803909590715
4,0.9999988079071045,1,0.7432803909590715
4,0.9999932050704956,1,0.7432803909590715
4,0.9999967813491821,1,0.7432803909590715
4,0.9999983310699463,1,0.7432803909590715
4,0.9999979734420776,1,0.7432803909590715
4,0.999997615814209,1,0.7432803909590715
4,0.9999979734420776,1,0.7432803909590715
4,0.9999943971633911,1,0.7432803909590715
4,0.9999938011169434,1,0.7432803909590715
4,0.999999,1,0.7432803909590715
4,0.9999984502792358,1,0.7432803909590715
4,0.9999899864196777,1,0.7432744469952745
4,0.999998927116394,1,0.7432803909590715
4,0.9999984502792358,1,0.7432803909590715
4,0.9999984502792358,1,0.7432803909590715
4,0.9999969005584717,1,0.7432803909590715
4,0.9999933242797852,1,0.7432803909590715
4,0.999999,1,0.7432803909590715
4,0.999998927116394,1,0.7432803909590715
4,0.9999980926513672,1,0.7432803909590715
4,0.9999761581420898,1,0.7427944190144572
4,0.9999885559082031,1,0.7432247889282934
4,0.9999967813491821,1,0.7432803909590715
4,0.9999974966049194,1,0.7432803909590715
4,0.9999980926513672,1,0.7432803909590715
4,0.9999973773956299,1,0.7432803909590715
4,0.999687910079956,1,0.7327883185177677
4,0.9999979734420776,1,0.7432803909590715
4,0.9999960660934448,1,0.7432803909590715
4,0.9999955892562866,1,0.7432803909590715
4,0.9999920129776001,1,0.7432803909590715
4,0.999968409538269,1,0.7425254378183097
4,0.999999,1,0.7432803909590715
4,0.9999632835388184,1,0.7423474964116274
4,0.9999940395355225,1,0.7432803909590715
4,0.9999949932098389,1,0.7432803909590715
4,0.999998927116394,1,0.7432803909590715
5,0.9985230565071106,1,0.6923521683922916
5,0.999998927116394,1,0.7432803909590715
5,0.9999411106109619,1,0.7415777963734206
5,0.9999982118606567,1,0.7432803909590715
5,0.9999955892562866,1,0.7432803909590715
5,0.9999932050704956,1,0.7432803909590715
5,0.9999960660934448,1,0.7432803909590715
5,0.999999,1,0.7432803909590715
5,0.9999984502792358,1,0.7432803909590715
5,0.9999978542327881,1,0.7432803909590715
5,0.9999972581863403,1,0.7432803909590715
5,0.999999,1,0.7432803909590715
5,0.9999141693115234,1,0.7406425694452767
5,0.9999642372131348,1,0.7423806017896148
5,0.9999815225601196,1,0.7429806367656363
5,0.9999978542327881,1,0.7432803909590715
5,0.9999909400939941,1,0.7432803909590715
5,0.9999977350234985,1,0.7432803909590715
5,0.9999957084655762,1,0.7432803909590715
5,0.9999966621398926,1,0.7432803909590715
5,0.999999,1,0.7432803909590715
5,0.9995771050453186,1,0.7289418874128576
5,0.9999897480010986,1,0.7432661706507776
5,0.9999984502792358,1,0.7432803909590715
5,0.9999853372573853,1,0.7431130582775859
5,0.9999983310699463,1,0.7432803909590715
5,0.9999977350234985,1,0.7432803909590715
5,0.9999961853027344,1,0.7432803909590715
5,0.9999983310699463,1,0.7432803909590715
5,0.999933123588562,1,0.7413005388327761
5,0.999999,1,0.7432803909590715
5,0.999994158744812,1,0.7432803909590715
5,0.9999957084655762,1,0.7432803909590715
5,0.9999980926513672,1,0.7432803909590715
5,0.9999982118606567,1,0.7432803909590715
5,0.9999614953994751,1,0.7422854238279011
5,0.9999945163726807,1,0.7432803909590715
5,0.999992847442627,1,0.7432803909590715
5,0.9999985694885254,1,0.7432803909590715
5,0.999998927116394,1,0.7432803909590715
5,0.999999,1,0.7432803909590715
5,0.9999977350234985,1,0.7432803909590715
5,0.999999,1,0.7432803909590715
5,0.999990701675415,1,0.7432803909590715
5,0.9999903440475464,1,0.7432803909590715
5,0.9999967813491821,1,0.7432803909590715
5,0.9999979734420776,1,0.7432803909590715
5,0.9999986886978149,1,0.7432803909590715
5,0.9999979734420776,1,0.7432803909590715
5,0.9999988079071045,1,0.7432803909590715
5,0.9999972581863403,1,0.7432803909590715
5,0.9382357001304626,0,0.5179443422675916
5,0.9998010993003845,0,0.7367175130676464
5,0.9999918937683105,0,0.7432803909590715
5,0.999983549118042,0,0.7430509856938595
5,0.9999963045120239,0,0.7432803909590715
5,0.999999,0,0.7432803909590715
5,0.9999841451644897,0,0.7430716765551016
5,0.9999958276748657,0,0.7432803909590715
5,0.9999982118606567,0,0.7432803909590715
5,0.9999963045120239,0,0.7432803909590715
5,0.9999985694885254,1,0.7432803909590715
5,0.9999922513961792,0,0.7432803909590715
5,0.999999,1,0.7432803909590715
5,0.7222564816474915,0,0.22459893048128343
5,0.9999655485153198,0,0.7424261216843475
5,0.9999985694885254,0,0.7432803909590715
5,0.9999986886978149,0,0.7432803909590715
5,0.9987819790840149,0,0.7013402785158688
5,0.9999836683273315,0,0.743055123866108
5,0.9704755544662476,0,0.5550425906770912
5,0.999999,0,0.7432803909590715
5,0.9998687505722046,0,0.7390659258186271
5,0.9999986886978149,0,0.7432803909590715
5,0.9999979734420776,0,0.7432803909590715
6,0.9999958276748657,1,0.7432803909590715
6,0.9999977350234985,1,0.7432803909590715
6,0.999999,1,0.7432803909590715
6,0.9038079977035522,1,0.498936358477101
6,0.9999982118606567,1,0.7432803909590715
6,0.999997615814209,1,0.7432803909590715
6,0.999997615814209,1,0.7432803909590715
6,0.9999852180480957,1,0.7431089201053375
6,0.9999980926513672,1,0.7432803909590715
6,0.9999418258666992,1,0.7416026254069111
6,0.9999843835830688,1,0.7430799528995985
6,0.9999959468841553,1,0.7432803909590715
6,0.9999973773956299,1,0.7432803909590715
6,0.999996542930603,1,0.7432803909590715
6,0.9999945163726807,1,0.7432803909590715
6,0.999992847442627,1,0.7432803909590715
6,0.9942797422409058,1,0.5824339573393917
6,0.9999974966049194,1,0.7432803909590715
6,0.9999983310699463,0,0.7432803909590715
6,0.9997051358222961,0,0.7333862844076651
6,0.9999079704284668,0,0.7404273844883587
6,0.9998425245285034,0,0.7381555279239738
6,0.9966552257537842,1,0.6275132165178586
6,0.9999963045120239,1,0.7432803909590715
6,0.9999958276748657,1,0.7432803909590715
6,0.9999961853027344,1,0.7432803909590715
6,0.999993085861206,1,0.7432803909590715
6,0.97923743724823,1,0.565124847891886
6,0.999999,1,0.7432803909590715
6,0.9999796152114868,1,0.7429144260096615
6,0.9999982118606567,1,0.7432803909590715
6,0.9999184608459473,1,0.7407915436462199
6,0.9999982118606567,1,0.7432803909590715
6,0.999056875705719,1,0.7108829037207348
6,0.9997344613075256,1,0.7344042747807774
6,0.9999406337738037,1,0.7415612436844269
6,0.9999922513961792,1,0.7432803909590715
6,0.999999,1,0.7432803909590715
6,0.9999984502792358,1,0.7432803909590715
6,0.9999984502792358,1,0.7432803909590715
6,0.9999393224716187,1,0.7415157237896942
6,0.9999983310699463,1,0.7432803909590715
6,0.999999,1,0.7432803909590715
6,0.999999,1,0.7432803909590715
6,0.9999918937683105,1,0.7432803909590715
6,0.9999967813491821,1,0.7432803909590715
6,0.9999988079071045,1,0.7432803909590715
6,0.9999980926513672,1,0.7432803909590715
6,0.9999985694885254,1,0.7432803909590715
6,0.999996542930603,1,0.7432803909590715
6,0.999999,1,0.7432803909590715
6,0.999999,1,0.7432803909590715
6,0.9995251893997192,1,0.7271397133986689
6,0.9999889135360718,1,0.7432372034450386
6,0.999999,1,0.7432803909590715
6,0.9999978542327881,1,0.7432803909590715
6,0.999998927116394,1,0.7432803909590715
6,0.999985933303833,1,0.743133749138828
6,0.999999,1,0.7432803909590715
6,0.999999,1,0.7432803909590715
6,0.9999979734420776,1,0.7432803909590715
6,0.9999984502792358,1,0.7432803909590715
6,0.9999966621398926,1,0.7432803909590715
6,0.999999,1,0.7432803909590715
6,0.9999922513961792,1,0.7432803909590715
6,0.9999983310699463,1,0.7432803909590715
6,0.9999881982803345,1,0.7432123744115481
7,0.9999980926513672,1,0.7432803909590715
7,0.9999918937683105,1,0.7432803909590715
7,0.999996542930603,1,0.7432803909590715
7,0.9999985694885254,1,0.7432803909590715
7,0.9999986886978149,1,0.7432803909590715
7,0.999999,1,0.7432803909590715
7,0.9999973773956299,1,0.7432803909590715
7,0.9998993873596191,1,0.7401294360864721
7,0.9999977350234985,1,0.7432803909590715
7,0.9999985694885254,1,0.7432803909590715
7,0.9999929666519165,1,0.7432803909590715
7,0.9999873638153076,1,0.7431834072058091
7,0.9999827146530151,1,0.7430220184881206
7,0.9999864101409912,1,0.7431503018278217
7,0.9999983310699463,1,0.7432803909590715
7,0.9999972581863403,1,0.7432803909590715
7,0.9999985694885254,1,0.7432803909590715
7,0.9999966621398926,1,0.7432803909590715
7,0.9999923706054688,1,0.7432803909590715
7,0.9999932050704956,1,0.7432803909590715
7,0.999997615814209,1,0.7432803909590715
7,0.9989957213401794,1,0.7087600213572932
7,0.999995231628418,1,0.7432803909590715
7,0.999999,1,0.7432803909590715
7,0.9999856948852539,1,0.7431254727943312
7,0.999998927116394,1,0.7432803909590715
7,0.9999982118606567,1,0.7432803909590715
7,0.9999150037765503,1,0.7406715366510157
7,0.9999598264694214,1,0.7422274894164231
7,0.9999266862869263,1,0.7410770775313612
7,0.9999920129776001,1,0.7432803909590715
7,0.9999988079071045,1,0.7432803909590715
7,0.999999,1,0.7432803909590715
7,0.9999983310699463,1,0.7432803909590715
7,0.9999959468841553,1,0.7432803909590715
7,0.9999904632568359,1,0.7432803909590715
7,0.999997615814209,1,0.7432803909590715
7,0.999984860420227,1,0.7430965055885922
7,0.9999980926513672,1,0.7432803909590715
7,0.999998927116394,1,0.7432803909590715
7,0.999999,1,0.7432803909590715
7,0.9999966621398926,1,0.7432803909590715
7,0.9999973773956299,1,0.7432803909590715
7,0.9999977350234985,1,0.7432803909590715
7,0.9997010231018066,1,0.7332435174650944
7,0.9989166259765625,1,0.7060143440704638
7,0.999999,1,0.7432803909590715
7,0.982071578502655,1,0.5683860808735614
7,0.9502695202827454,1,0.5317916023908826
7,0.9999985694885254,1,0.7432803909590715
7,0.9999977350234985,1,0.7432803909590715
7,0.9999867677688599,0,0.743162716344567
7,0.9999961853027344,1,0.7432803909590715
7,0.9999985694885254,1,0.7432803909590715
7,0.999999,1,0.7432803909590715
7,0.9992992877960205,1,0.7192978769879051
7,0.9999961853027344,1,0.7432803909590715
7,0.9999854564666748,1,0.7431171964498343
7,0.9999967813491821,1,0.7432803909590715
7,0.9999983310699463,1,0.7432803909590715
7,0.9999778270721436,1,0.7428523534259351
7,0.9967716336250305,1,0.6315541417184448
7,0.9999903440475464,1,0.7432803909590715
7,0.9841550588607788,1,0.5707835319003856
7,0.999998927116394,1,0.7432803909590715
7,0.9999934434890747,1,0.7432803909590715
7,0.9999926090240479,1,0.7432803909590715
7,0.9999969005584717,1,0.7432803909590715
7,0.9999982118606567,1,0.7432803909590715
7,0.9999970197677612,1,0.7432803909590715
7,0.9999904632568359,1,0.7432803909590715
7,0.9999986886978149,1,0.7432803909590715
7,0.999998927116394,1,0.7432803909590715
7,0.999994158744812,1,0.7432803909590715
7,0.999995231628418,1,0.7432803909590715
7,0.9999969005584717,1,0.7432803909590715
7,0.9985211491584778,1,0.6922859576363168
7,0.9999949932098389,1,0.7432803909590715
7,0.9999985694885254,1,0.7432803909590715
8,0.9999805688858032,1,0.7429475313876489
8,0.9999738931655884,1,0.7427157937417371
8,0.9999984502792358,1,0.7432803909590715
8,0.9917463064193726,1,0.5795187446818567
9,0.9999973773956299,1,0.7432803909590715
9,0.999999,1,0.7432803909590715
9,0.9999980926513672,1,0.7432803909590715
9,0.9999969005584717,1,0.7432803909590715
9,0.9999805688858032,1,0.7429475313876489
9,0.7194164991378784,0,0.22459893048128343
10,0.9999879598617554,1,0.7432040980670512
10,0.9999768733978271,1,0.7428192480479477
10,0.9999978542327881,1,0.7432803909590715
10,0.9965347051620483,1,0.6233295243747019
10,0.9999918937683105,1,0.7432803909590715
10,0.999999,1,0.7432803909590715
10,0.999999,1,0.7432803909590715
10,0.9999984502792358,1,0.7432803909590715
10,0.999999,1,0.7432803909590715
10,0.999999,1,0.7432803909590715
10,0.9958229064941406,0,0.5986204978793616
10,0.9999924898147583,1,0.7432803909590715
10,0.9999985694885254,1,0.7432803909590715
10,0.9999982118606567,1,0.7432803909590715
10,0.9999982118606567,1,0.7432803909590715
10,0.9999873638153076,1,0.7431834072058091
10,0.9999961853027344,1,0.7432803909590715
10,0.9999967813491821,1,0.7432803909590715
10,0.999998927116394,1,0.7432803909590715
10,0.9999984502792358,1,0.7432803909590715
10,0.9999969005584717,1,0.7432803909590715
10,0.9999638795852661,1,0.7423681872728696
10,0.9999924898147583,1,0.7432803909590715
10,0.9999986886978149,1,0.7432803909590715
10,0.9999916553497314,1,0.7432803909590715
10,0.9999923706054688,1,0.7432803909590715
10,0.9999979734420776,1,0.7432803909590715
10,0.9999806880950928,1,0.7429516695598973
10,0.9999986886978149,1,0.7432803909590715
10,0.9999973773956299,1,0.7432803909590715
10,0.9999849796295166,1,0.7431006437608406
10,0.9999973773956299,1,0.7432803909590715
10,0.9999922513961792,1,0.7432803909590715
10,0.9999954700469971,1,0.7432803909590715
10,0.999997615814209,1,0.7432803909590715
10,0.9999837875366211,1,0.7430592620383564
10,0.9999903440475464,1,0.7432803909590715
10,0.9999988079071045,1,0.7432803909590715
10,0.999999,1,0.7432803909590715
10,0.999999,1,0.7432803909590715
10,0.9999970197677612,1,0.7432803909590715
10,0.999999,1,0.7432803909590715
10,0.9999657869338989,1,0.7424343980288444
10,0.999999,1,0.7432803909590715
10,0.999999,1,0.7432803909590715
10,0.9999973773956299,1,0.7432803909590715
10,0.999909520149231,1,0.7404811807275882
10,0.9999978542327881,1,0.7432803909590715
10,0.999999,1,0.7432803909590715
10,0.9999986886978149,1,0.7432803909590715
10,0.9999580383300781,1,0.7421654168326968
10,0.9999980926513672,1,0.7432803909590715
10,0.999999,1,0.7432803909590715
10,0.9999988079071045,1,0.7432803909590715
10,0.9966803789138794,1,0.6283863708622761
10,0.9999966621398926,1,0.7432803909590715
10,0.9999985694885254,1,0.7432803909590715
10,0.999999,1,0.7432803909590715
10,0.9999951124191284,1,0.7432803909590715
10,0.999999,1,0.7432803909590715
10,0.9999871253967285,1,0.7431751308613123
10,0.999998927116394,1,0.7432803909590715
10,0.999998927116394,1,0.7432803909590715
10,0.9999914169311523,1,0.7432803909590715
10,0.9999977350234985,1,0.7432803909590715
10,0.9999513626098633,1,0.741933679186785
10,0.9999973773956299,1,0.7432803909590715
10,0.9998706579208374,1,0.7391321365746019
10,0.9999905824661255,1,0.7432803909590715
10,0.9999833106994629,1,0.7430427093493627
10,0.9999969005584717,1,0.7432803909590715
11,0.8273729085922241,0,0.3659840034304833
11,0.996852457523346,0,0.6343598225028764
11,0.9997803568840027,0,0.7359974710964207
11,0.999588668346405,1,0.7293432901209547
11,0.9979739785194397,1,0.6732917470160502
11,0.9999980926513672,1,0.7432803909590715
11,0.9999797344207764,1,0.7429185641819099
11,0.9999969005584717,1,0.7432803909590715
11,0.9999840259552002,1,0.7430675383828532
11,0.9999985694885254,1,0.7432803909590715
11,0.999984860420227,1,0.7430965055885922
11,0.999999,1,0.7432803909590715
11,0.999999,1,0.7432803909590715
11,0.9999715089797974,1,0.7426330302967686
11,0.9999752044677734,1,0.7427613136364698
11,0.9999860525131226,1,0.7431378873110764
11,0.9999738931655884,1,0.7427157937417371
11,0.999954342842102,1,0.7420371334929956
11,0.9996299743652344,1,0.7307771668050337
11,0.9999581575393677,1,0.7421695550049452
11,0.9999954700469971,1,0.7432803909590715
11,0.8542249798774719,0,0.41534447492236276
11,0.9944550395011902,1,0.5826356710704714
11,0.9992491602897644,1,0.7175577755574428
11,0.6701045036315918,0,0.22459893048128343
11,0.999935507774353,0,0.7413833022777446
11,0.9999055862426758,0,0.7403446210433902
11,0.9999836683273315,1,0.743055123866108
11,0.7590696215629578,0,0.23931021839428332
11,0.9999914169311523,0,0.7432803909590715
11,0.9999977350234985,0,0.7432803909590715
11,0.9999986886978149,0,0.7432803909590715
11,0.9999973773956299,0,0.7432803909590715
11,0.999995231628418,0,0.7432803909590715
11,0.9999967813491821,0,0.7432803909590715
11,0.9999978542327881,0,0.7432803909590715
11,0.9999986886978149,1,0.7432803909590715
11,0.9999817609786987,0,0.7429889131101332
11,0.9999783039093018,0,0.7428689061149288
11,0.999999,0,0.7432803909590715
11,0.9974275231361389,0,0.6543223654292741
11,0.9999812841415405,0,0.7429723604211395
11,0.9999970197677612,0,0.7432803909590715
11,0.9727041125297546,0,0.5576069819356215
11,0.9999245405197144,0,0.7410025904308896
11,0.9999924898147583,0,0.7432803909590715
11,0.9999971389770508,0,0.7432803909590715
11,0.9999905824661255,0,0.7432803909590715
11,0.9998494386672974,0,0.7383955419143824
11,0.9999988079071045,0,0.7432803909590715
11,0.9999978542327881,0,0.7432803909590715
11,0.9999841451644897,0,0.7430716765551016
12,0.999980092048645,1,0.7429309786986552
12,0.9999983310699463,1,0.7432803909590715
12,0.999999,1,0.7432803909590715
12,0.9999905824661255,1,0.7432803909590715
12,0.9999809265136719,1,0.7429599459043942
13,0.9998499155044556,1,0.7384120946033761
13,0.9999159574508667,1,0.7407046420290031
13,0.9999920129776001,1,0.7432803909590715
13,0.9999946355819702,1,0.7432803909590715
13,0.9999985694885254,1,0.7432803909590715
13,0.9999964237213135,1,0.7432803909590715
13,0.9998112320899963,1,0.7370692577087625
13,0.999984622001648,1,0.7430882292440953
13,0.999976634979248,1,0.7428109717034509
14,0.9999903440475464,1,0.7432803909590715
14,0.9999986886978149,1,0.7432803909590715
14,0.9999983310699463,1,0.7432803909590715
14,0.9999988079071045,1,0.7432803909590715
14,0.9999979734420776,1,0.7432803909590715
14,0.999998927116394,1,0.7432803909590715
14,0.9999334812164307,1,0.7413129533495214
14,0.9999980926513672,1,0.7432803909590715
14,0.9999831914901733,1,0.7430385711771142
14,0.999999,1,0.7432803909590715
14,0.9999951124191284,1,0.7432803909590715
14,0.999997615814209,1,0.7432803909590715
14,0.9999768733978271,1,0.7428192480479477
14,0.9999954700469971,1,0.7432803909590715
14,0.999999,1,0.7432803909590715
14,0.999998927116394,1,0.7432803909590715
14,0.9999969005584717,1,0.7432803909590715
14,0.99994957447052,1,0.7418716066030586
14,0.9999986886978149,1,0.7432803909590715
14,0.9999951124191284,1,0.7432803909590715
14,0.999998927116394,1,0.7432803909590715
14,0.9999866485595703,1,0.7431585781723186
14,0.9999865293502808,1,0.7431544400000701
14,0.9999985694885254,1,0.7432803909590715
14,0.9999057054519653,1,0.7403487592156386
14,0.9999985694885254,1,0.7432803909590715
14,0.9999947547912598,1,0.7432803909590715
14,0.999999,1,0.7432803909590715
14,0.999997615814209,1,0.7432803909590715
14,0.9999940395355225,1,0.7432803909590715
14,0.999999,1,0.7432803909590715
14,0.999998927116394,1,0.7432803909590715
14,0.9999979734420776,1,0.7432803909590715
14,0.9999988079071045,1,0.7432803909590715
14,0.9999932050704956,1,0.7432803909590715
14,0.999911904335022,1,0.7405639441725567
14,0.9999823570251465,1,0.7430096039713753
14,0.999999,1,0.7432803909590715
14,0.9999978542327881,1,0.7432803909590715
14,0.9999969005584717,1,0.7432803909590715
14,0.9998595714569092,1,0.7387472865554985
14,0.9999719858169556,1,0.7426495829857623
15,0.9938515424728394,1,0.5819412298847585
15,0.9878867864608765,1,0.5750776132589153
15,0.3930395245552063,1,0.22459893048128343
15,0.999998927116394,1,0.7432803909590715
15,0.9999916553497314,1,0.7432803909590715
15,0.999999,1,0.7432803909590715
15,0.9999898672103882,1,0.743270308823026
15,0.9999862909317017,1,0.7431461636555733
15,0.9999954700469971,1,0.7432803909590715
15,0.999996542930603,1,0.7432803909590715
15,0.9999984502792358,1,0.7432803909590715
15,0.9999988079071045,1,0.7432803909590715
15,0.9999986886978149,1,0.7432803909590715
15,0.9999973773956299,1,0.7432803909590715
15,0.999999,1,0.7432803909590715
15,0.999999,1,0.7432803909590715
15,0.9999980926513672,1,0.7432803909590715
15,0.9999980926513672,1,0.7432803909590715
15,0.9999904632568359,1,0.7432803909590715
15,0.9999964237213135,1,0.7432803909590715
15,0.9999973773956299,1,0.7432803909590715
15,0.9999985694885254,1,0.7432803909590715
15,0.9999977350234985,1,0.7432803909590715
15,0.9999904632568359,1,0.7432803909590715
15,0.9999943971633911,1,0.7432803909590715
15,0.9999980926513672,1,0.7432803909590715
15,0.9999974966049194,1,0.7432803909590715
15,0.999999,1,0.7432803909590715
15,0.9999938011169434,1,0.7432803909590715
15,0.9999936819076538,1,0.7432803909590715
15,0.999999,1,0.7432803909590715
15,0.9999521970748901,1,0.741962646392524
15,0.9999984502792358,1,0.7432803909590715
15,0.9999849796295166,1,0.7431006437608406
15,0.9999958276748657,1,0.7432803909590715
15,0.999988317489624,0,0.7432165125837965
15,0.9999986886978149,0,0.7432803909590715
15,0.9999985694885254,0,0.7432803909590715
15,0.999999,0,0.7432803909590715
15,0.9999949932098389,0,0.7432803909590715
15,0.9999980926513672,0,0.7432803909590715
15,0.999994158744812,0,0.7432803909590715
15,0.9999852180480957,0,0.7431089201053375
15,0.9999983310699463,0,0.7432803909590715
15,0.9999886751174927,0,0.7432289271005418
15,0.9999905824661255,1,0.7432803909590715
15,0.9999758005142212,0,0.7427820044977119
15,0.9999897480010986,0,0.7432661706507776
15,0.9999961853027344,0,0.7432803909590715
16,0.9999580383300781,1,0.7421654168326968
16,0.4561748802661896,0,0.22459893048128343
16,0.0035914850886911154,0,0.22459893048128343
16,0.9999926090240479,0,0.7432803909590715
16,0.9999920129776001,0,0.7432803909590715
16,0.9999972581863403,0,0.7432803909590715
16,0.999954104423523,0,0.7420288571484988
16,0.9999988079071045,0,0.7432803909590715
16,0.9999368190765381,0,0.7414288221724773
16,0.9999984502792358,0,0.7432803909590715
16,0.9974163770675659,0,0.6539354463240465
16,0.999999,0,0.7432803909590715
16,0.9999973773956299,0,0.7432803909590715
16,0.999999,0,0.7432803909590715
16,0.9999945163726807,0,0.7432803909590715
16,0.9999891519546509,0,0.7432454797895355
16,0.9999892711639404,0,0.7432496179617839
16,0.9999983310699463,0,0.7432803909590715
16,0.9841152429580688,0,0.5707377159288244
16,0.999999,0,0.7432803909590715
16,0.9999954700469971,0,0.7432803909590715
16,0.999999,0,0.7432803909590715
16,0.9999328851699829,0,0.7412922624882793
16,0.9999969005584717,0,0.7432803909590715
16,0.999985933303833,0,0.743133749138828
16,0.999997615814209,0,0.7432803909590715
16,0.9999960660934448,0,0.7432803909590715
16,0.999999,0,0.7432803909590715
16,0.9999914169311523,0,0.7432803909590715
16,0.999999,0,0.7432803909590715
16,0.9999973773956299,0,0.7432803909590715
16,0.9998970031738281,0,0.7400466726415036
16,0.9910233020782471,0,0.5786867869946768
16,0.9999874830245972,0,0.7431875453780575
16,0.9999816417694092,0,0.7429847749378847
16,0.999981164932251,0,0.742968222248891
16,0.9999985694885254,0,0.7432803909590715
16,0.999998927116394,0,0.7432803909590715
16,0.9983648657798767,0,0.6868608138186328
16,0.9991108775138855,0,0.7127574957492709
16,0.9999978542327881,0,0.7432803909590715
16,0.999998927116394,0,0.7432803909590715
16,0.9999885559082031,0,0.7432247889282934
16,0.9999849796295166,0,0.7431006437608406
16,0.9985690116882324,0,0.6939474337940591
16,0.9999780654907227,0,0.742860629770432
16,0.9996877908706665,0,0.7327841803455193
16,0.8515955805778503,0,0.4109068421043362
16,0.9996215105056763,0,0.7304833565753955
16,0.9999926090240479,0,0.7432803909590715
16,0.9102013111114502,0,0.5022982887984037
16,0.9981986880302429,0,0.6810922017043297
16,0.999996542930603,0,0.7432803909590715
16,0.999993085861206,0,0.7432803909590715
17,0.9999960660934448,1,0.7432803909590715
17,0.9999984502792358,1,0.7432803909590715
17,0.9999774694442749,1,0.7428399389091899
17,0.999999,1,0.7432803909590715
17,0.9999986886978149,1,0.7432803909590715
17,0.9999980926513672,1,0.7432803909590715
17,0.9999932050704956,1,0.7432803909590715
17,0.9999986886978149,1,0.7432803909590715
17,0.999999,1,0.7432803909590715
17,0.9999974966049194,1,0.7432803909590715
17,0.9999575614929199,1,0.7421488641437031
17,0.9999988079071045,1,0.7432803909590715
17,0.9999936819076538,1,0.7432803909590715
17,0.9999964237213135,1,0.7432803909590715
17,0.9714335799217224,0,0.5561449860526925
17,0.6808480024337769,1,0.22459893048128343
17,0.9998112320899963,0,0.7370692577087625
17,0.7561269998550415,0,0.23385289641339937
17,0.9998738765716553,1,0.7392438672253093
17,0.6614195108413696,0,0.22459893048128343
17,0.9999592304229736,0,0.742206798555181
17,0.9999942779541016,0,0.7432803909590715
17,0.9999703168869019,0,0.7425916485742844
17,0.9999959468841553,0,0.7432803909590715
17,0.9999867677688599,0,0.743162716344567
17,0.9999947547912598,0,0.7432803909590715
17,0.9999951124191284,0,0.7432803909590715
17,0.9999929666519165,0,0.7432803909590715
17,0.9999983310699463,0,0.7432803909590715
17,0.9999116659164429,0,0.7405556678280598
17,0.9999977350234985,0,0.7432803909590715
17,0.9999980926513672,0,0.7432803909590715
17,0.9999983310699463,0,0.7432803909590715
17,0.9999271631240845,0,0.7410936302203549
17,0.999994158744812,0,0.7432803909590715
17,0.9448676705360413,0,0.5255757193510021
17,0.962562620639801,0,0.545937215023591
17,0.9999974966049194,0,0.7432803909590715
17,0.999997615814209,0,0.7432803909590715
17,0.9999988079071045,0,0.7432803909590715
17,0.7501339316368103,0,0.22459893048128343
17,0.9998189806938171,0,0.73733823890491
17,0.9999967813491821,0,0.7432803909590715
17,0.9999836683273315,0,0.743055123866108
17,0.9999798536300659,0,0.7429227023541584
17,0.999999,0,0.7432803909590715
17,0.9999982118606567,0,0.7432803909590715
17,0.999997615814209,0,0.7432803909590715
17,0.999998927116394,0,0.7432803909590715
17,0.9999982118606567,0,0.7432803909590715
17,0.999998927116394,0,0.7432803909590715
17,0.9999921321868896,0,0.7432803909590715
17,0.999958872795105,0,0.7421943840384357
17,0.9999589920043945,0,0.7421985222106842
17,0.9999974966049194,0,0.7432803909590715
17,0.9999908208847046,0,0.7432803909590715
17,0.9999980926513672,0,0.7432803909590715
17,0.999974250793457,0,0.7427282082584824
17,0.9999988079071045,0,0.7432803909590715
17,0.9882855415344238,0,0.5755364588423642
17,0.9999985694885254,0,0.7432803909590715
17,0.9999943971633911,0,0.7432803909590715
17,0.999994158744812,0,0.7432803909590715
17,0.9999982118606567,0,0.7432803909590715
17,0.9999967813491821,0,0.7432803909590715
17,0.9999971389770508,0,0.7432803909590715
17,0.9999716281890869,0,0.7426371684690171
17,0.999999,0,0.7432803909590715
17,0.9969395399093628,0,0.6373827573303501
17,0.7609704732894897,0,0.24283549650995043
18,0.999983549118042,1,0.7430509856938595
18,0.999998927116394,1,0.7432803909590715
18,0.9999984502792358,1,0.7432803909590715
18,0.9999969005584717,1,0.7432803909590715
18,0.9999954700469971,1,0.7432803909590715
18,0.999409556388855,1,0.7231256863176975
18,0.9999924898147583,1,0.7432803909590715
18,0.9933370351791382,1,0.5813491887672203
18,0.999985933303833,1,0.743133749138828
18,0.999999,1,0.7432803909590715
18,0.9939371347427368,0,0.5820397205062581
18,0.9999933242797852,1,0.7432803909590715
18,0.9999536275863647,0,0.7420123044595051
18,0.9999895095825195,1,0.7432578943062808
18,0.999999,1,0.7432803909590715
18,0.999998927116394,1,0.7432803909590715
18,0.9999970197677612,1,0.7432803909590715
18,0.9999631643295288,1,0.742343358239379
18,0.999143123626709,1,0.7138768713424696
18,0.9999744892120361,1,0.7427364846029793
18,0.9999933242797852,1,0.7432803909590715
18,0.7493175268173218,1,0.22459893048128343
18,0.9999762773513794,1,0.7427985571867056
18,0.9999977350234985,1,0.7432803909590715
18,0.999999,1,0.7432803909590715
18,0.9999927282333374,1,0.7432803909590715
18,0.9999934434890747,1,0.7432803909590715
18,0.999999,1,0.7432803909590715
18,0.9999979734420776,1,0.7432803909590715
18,0.9999945163726807,1,0.7432803909590715
18,0.999999,1,0.7432803909590715
18,0.999999,1,0.7432803909590715
18,0.9999983310699463,1,0.7432803909590715
18,0.9999959468841553,1,0.7432803909590715
18,0.9999988079071045,1,0.7432803909590715
18,0.9999964237213135,1,0.7432803909590715
18,0.9999988079071045,1,0.7432803909590715
18,0.9999982118606567,1,0.7432803909590715
18,0.8957281708717346,1,0.4853145989860422
18,0.9972339272499084,1,0.6476019736978335
18,0.9999847412109375,1,0.7430923674163438
18,0.99998939037323,1,0.7432537561340323
18,0.9999945163726807,1,0.7432803909590715
18,0.999997615814209,1,0.7432803909590715
18,0.9999979734420776,1,0.7432803909590715
18,0.9999977350234985,1,0.7432803909590715
18,0.9999984502792358,1,0.7432803909590715
18,0.9999988079071045,1,0.7432803909590715
18,0.9999951124191284,1,0.7432803909590715
18,0.9999961853027344,1,0.7432803909590715
18,0.9999977350234985,1,0.7432803909590715
18,0.999999,1,0.7432803909590715
18,0.9999983310699463,1,0.7432803909590715
18,0.999999,1,0.7432803909590715
18,0.9999947547912598,1,0.7432803909590715
18,0.9997667670249939,1,0.7355257194601003
18,0.9999898672103882,1,0.743270308823026
18,0.999987006187439,1,0.7431709926890638
18,0.9999945163726807,1,0.7432803909590715
18,0.999996542930603,1,0.7432803909590715
18,0.9999983310699463,1,0.7432803909590715
18,0.9999978542327881,1,0.7432803909590715
18,0.9999903440475464,1,0.7432803909590715
18,0.9999860525131226,1,0.7431378873110764
18,0.999999,1,0.7432803909590715
18,0.999999,1,0.7432803909590715
18,0.9999967813491821,1,0.7432803909590715
18,0.9999943971633911,1,0.7432803909590715
18,0.9999961853027344,1,0.7432803909590715
18,0.9999988079071045,1,0.7432803909590715
18,0.9999973773956299,1,0.7432803909590715
18,0.9999886751174927,1,0.7432289271005418
18,0.9999819993972778,1,0.74299718945463
18,0.9999984502792358,1,0.7432803909590715
18,0.9999970197677612,1,0.7432803909590715
19,0.9335457682609558,1,0.5125476597731091
19,0.9999922513961792,1,0.7432803909590715
19,0.9999955892562866,1,0.7432803909590715
19,0.9999985694885254,1,0.7432803909590715
19,0.9999963045120239,1,0.7432803909590715
19,0.9999758005142212,1,0.7427820044977119
19,0.9999967813491821,1,0.7432803909590715
19,0.9999964237213135,1,0.7432803909590715
19,0.9999798536300659,1,0.7429227023541584
19,0.9999985694885254,1,0.7432803909590715
19,0.999996542930603,1,0.7432803909590715
19,0.9999986886978149,1,0.7432803909590715
19,0.9999982118606567,1,0.7432803909590715
19,0.9999643564224243,1,0.7423847399618633
19,0.999999,1,0.7432803909590715
19,0.999999,1,0.7432803909590715
19,0.999933123588562,1,0.7413005388327761
19,0.998019814491272,0,0.6748828742455694
19,0.8656986951828003,0,0.43468798235281897
19,0.7972425222396851,0,0.3101048466595389
19,0.999982476234436,0,0.7430137421436237
19,0.999998927116394,0,0.7432803909590715
19,0.9998838901519775,0,0.739591473694177
19,0.999999,0,0.7432803909590715
19,0.9999905824661255,0,0.7432803909590715
19,0.9999970197677612,0,0.7432803909590715
19,0.9999871253967285,0,0.7431751308613123
19,0.9999949932098389,0,0.7432803909590715
19,0.999999,0,0.7432803909590715
19,0.9999973773956299,0,0.7432803909590715
19,0.9999904632568359,0,0.7432803909590715
19,0.9999985694885254,0,0.7432803909590715
19,0.9999330043792725,0,0.7412964006605277
19,0.9999984502792358,1,0.7432803909590715
19,0.9999978542327881,0,0.7432803909590715
19,0.9999957084655762,0,0.7432803909590715
19,0.9999972581863403,0,0.7432803909590715
19,0.999999,0,0.7432803909590715
19,0.9999810457229614,0,0.7429640840766426
19,0.9999969005584717,0,0.7432803909590715
19,0.9034892916679382,0,0.4983990527828271
19,0.9999979734420776,0,0.7432803909590715
19,0.9999984502792358,0,0.7432803909590715
19,0.9999982118606567,0,0.7432803909590715
19,0.9999947547912598,0,0.7432803909590715
19,0.9999986886978149,0,0.7432803909590715
19,0.9999207258224487,0,0.74087016891894
19,0.9999979734420776,0,0.7432803909590715
19,0.9999462366104126,0,0.7417557377801027
19,0.995302677154541,0,0.583611043722523
19,0.999953031539917,0,0.7419916135982629
19,0.9999966621398926,0,0.7432803909590715
19,0.999999,0,0.7432803909590715
19,0.9999886751174927,0,0.7432289271005418
19,0.9999943971633911,0,0.7432803909590715
19,0.9999947547912598,0,0.7432803909590715
19,0.9980756044387817,0,0.6768195388578317
19,0.9399681687355042,0,0.51993788572477
19,0.9956573247909546,0,0.5928725766263006
19,0.9999932050704956,0,0.7432803909590715
19,0.9999752044677734,0,0.7427613136364698
19,0.9999896287918091,0,0.7432620324785292
19,0.9999828338623047,0,0.743026156660369
19,0.9999972581863403,0,0.7432803909590715
19,0.8929691910743713,0,0.48066324196779797
19,0.999999,0,0.7432803909590715
19,0.8911883234977722,0,0.4776608818530576
19,0.999916672706604,0,0.7407294710624936
20,0.9999938011169434,1,0.7432803909590715
20,0.9999977350234985,1,0.7432803909590715
20,0.999999,1,0.7432803909590715
20,0.9999961853027344,1,0.7432803909590715
20,0.9999985694885254,1,0.7432803909590715
20,0.999998927116394,1,0.7432803909590715
20,0.999999,1,0.7432803909590715
20,0.9999970197677612,1,0.7432803909590715
20,0.999999,1,0.7432803909590715
20,0.9999909400939941,1,0.7432803909590715
20,0.9999972581863403,1,0.7432803909590715
20,0.9999974966049194,1,0.7432803909590715
20,0.9999860525131226,1,0.7431378873110764
20,0.999999,1,0.7432803909590715
20,0.999999,1,0.7432803909590715
20,0.999997615814209,1,0.7432803909590715
20,0.9933679699897766,1,0.5813847853079991
21,0.9999979734420776,1,0.7432803909590715
21,0.9999178647994995,1,0.7407708527849779
21,0.9994643330574036,1,0.7250271764658484
21,0.999994158744812,1,0.7432803909590715
21,0.9996305704116821,1,0.7307978576662758
21,0.9999607801437378,1,0.7422605947944105
21,0.9999978542327881,1,0.7432803909590715
21,0.9999985694885254,1,0.7432803909590715
21,0.9999856948852539,1,0.7431254727943312
21,0.9999971389770508,1,0.7432803909590715
21,0.9999938011169434,1,0.7432803909590715
21,0.9999988079071045,1,0.7432803909590715
21,0.9999972581863403,1,0.7432803909590715
21,0.999999,1,0.7432803909590715
21,0.9999974966049194,1,0.7432803909590715
21,0.9999974966049194,1,0.7432803909590715
21,0.9999960660934448,1,0.7432803909590715
21,0.9999964237213135,1,0.7432803909590715
21,0.9999982118606567,1,0.7432803909590715
21,0.999998927116394,1,0.7432803909590715
21,0.9999970197677612,1,0.7432803909590715
21,0.9999977350234985,1,0.7432803909590715
21,0.9999977350234985,1,0.7432803909590715
21,0.9999954700469971,1,0.7432803909590715
21,0.999999,1,0.7432803909590715
21,0.9999929666519165,1,0.7432803909590715
21,0.999998927116394,1,0.7432803909590715
21,0.999998927116394,1,0.7432803909590715
21,0.9999855756759644,1,0.7431213346220827
21,0.999999,1,0.7432803909590715
21,0.9999988079071045,1,0.7432803909590715
21,0.9999985694885254,1,0.7432803909590715
21,0.9999932050704956,1,0.7432803909590715
21,0.999997615814209,1,0.7432803909590715
21,0.9999940395355225,1,0.7432803909590715
21,0.9999850988388062,1,0.743104781933089
21,0.9999979734420776,1,0.7432803909590715
21,0.9999983310699463,1,0.7432803909590715
21,0.999999,1,0.7432803909590715
21,0.9999974966049194,1,0.7432803909590715
21,0.999998927116394,1,0.7432803909590715
21,0.9905953407287598,0,0.5781943338871786
21,0.999998927116394,0,0.7432803909590715
21,0.9999983310699463,0,0.7432803909590715
21,0.999999,0,0.7432803909590715
21,0.999999,0,0.7432803909590715
21,0.999996542930603,0,0.7432803909590715
21,0.9999979734420776,0,0.7432803909590715
21,0.999999,0,0.7432803909590715
22,0.9999966621398926,1,0.7432803909590715
22,0.999999,1,0.7432803909590715
22,0.9999971389770508,1,0.7432803909590715
22,0.9999986886978149,1,0.7432803909590715
22,0.9999974966049194,1,0.7432803909590715
22,0.9999972581863403,1,0.7432803909590715
22,0.9999964237213135,1,0.7432803909590715
22,0.9999977350234985,1,0.7432803909590715
22,0.9998807907104492,1,0.739483881215718
22,0.9999934434890747,1,0.7432803909590715
22,0.999982476234436,1,0.7430137421436237
22,0.999999,1,0.7432803909590715
22,0.9999960660934448,1,0.7432803909590715
22,0.9999911785125732,1,0.7432803909590715
22,0.9923918843269348,1,0.5802616081369142
22,0.9427847266197205,1,0.523178885605232
22,0.999993085861206,1,0.7432803909590715
22,0.9998705387115479,1,0.7391279984023534
22,0.9419904947280884,1,0.5222649667114418
22,0.9999971389770508,1,0.7432803909590715
22,0.9999921321868896,1,0.7432803909590715
22,0.999999,1,0.7432803909590715
22,0.9999251365661621,1,0.7410232812921317
22,0.9999688863754272,1,0.7425419905073034
22,0.9999985694885254,1,0.7432803909590715
22,0.9973341226577759,1,0.6510801074726339
22,0.9999972581863403,1,0.7432803909590715
22,0.999999,1,0.7432803909590715
22,0.9999947547912598,1,0.7432803909590715
22,0.9999756813049316,1,0.7427778663254635
22,0.999999,1,0.7432803909590715
22,0.999999,1,0.7432803909590715
22,0.9999959468841553,1,0.7432803909590715
22,0.999999,1,0.7432803909590715
22,0.6390190124511719,1,0.22459893048128343
22,0.9982660412788391,1,0.6834302690246893
22,0.9942662119865417,1,0.582418388139475
22,0.9999963045120239,1,0.7432803909590715
22,0.9999730587005615,1,0.7426868265359982
22,0.9999912977218628,1,0.7432803909590715
22,0.9999984502792358,1,0.7432803909590715
22,0.9999959468841553,1,0.7432803909590715
22,0.9999983310699463,1,0.7432803909590715
22,0.999999,1,0.7432803909590715
22,0.999998927116394,1,0.7432803909590715
22,0.9999984502792358,1,0.7432803909590715
22,0.9999967813491821,1,0.7432803909590715
22,0.9999951124191284,1,0.7432803909590715
22,0.9999974966049194,1,0.7432803909590715
22,0.9999972581863403,1,0.7432803909590715
22,0.999999,1,0.7432803909590715
22,0.999980092048645,1,0.7429309786986552
22,0.9999973773956299,1,0.7432803909590715
22,0.9999982118606567,1,0.7432803909590715
22,0.9999915361404419,1,0.7432803909590715
22,0.9999935626983643,1,0.7432803909590715
22,0.999999,1,0.7432803909590715
22,0.999999,1,0.7432803909590715
22,0.999998927116394,1,0.7432803909590715
22,0.9998877048492432,1,0.7397238952061266
22,0.900169849395752,1,0.4928028135047628
22,0.9999985694885254,1,0.7432803909590715
23,0.9984317421913147,1,0.6891823284499988
23,0.999999,1,0.7432803909590715
23,0.9999840259552002,1,0.7430675383828532
23,0.9999526739120483,1,0.7419791990815177
23,0.9999853372573853,1,0.7431130582775859
23,0.9999322891235352,1,0.7412715716270372
23,0.6919517517089844,0,0.22459893048128343
23,0.9998993873596191,0,0.7401294360864721
23,0.999896764755249,0,0.7400383962970067
23,0.9999749660491943,0,0.742753037291973
23,0.9999210834503174,0,0.7408825834356852
23,0.9999955892562866,0,0.7432803909590715
23,0.9999973773956299,0,0.7432803909590715
23,0.9999988079071045,0,0.7432803909590715
23,0.9999908208847046,0,0.7432803909590715
23,0.999985933303833,0,0.743133749138828
23,0.9999644756317139,0,0.7423888781341117
23,0.9999971389770508,0,0.7432803909590715
23,0.9995693564414978,0,0.72867290621671
23,0.9998904466629028,0,0.7398190731678403
23,0.9999949932098389,0,0.7432803909590715
23,0.9999908208847046,0,0.7432803909590715
23,0.9999819993972778,1,0.74299718945463
23,0.9999949932098389,0,0.7432803909590715
23,0.9999973773956299,0,0.7432803909590715
23,0.9999924898147583,0,0.7432803909590715
23,0.9999924898147583,0,0.7432803909590715
23,0.9999849796295166,0,0.7431006437608406
23,0.9965029954910278,0,0.6222287705566211
23,0.9999045133590698,0,0.7403073774931543
23,0.9999945163726807,0,0.7432803909590715
23,0.9999985694885254,0,0.7432803909590715
23,0.9999719858169556,0,0.7426495829857623
23,0.9999980926513672,0,0.7432803909590715
23,0.9999886751174927,0,0.7432289271005418
23,0.9990621209144592,0,0.7110649832996654
23,0.9999977350234985,0,0.7432803909590715
23,0.9986936450004578,0,0.6982738928797866
23,0.9999955892562866,0,0.7432803909590715
23,0.9994505047798157,0,0.7245471484850312
23,0.9998199343681335,0,0.7373713442828974
23,0.9999685287475586,0,0.7425295759905581
23,0.9999854564666748,0,0.7431171964498343
23,0.9926129579544067,0,0.5805159965179324
23,0.9995869994163513,0,0.7292853557094767
23,0.9969485402107239,0,0.6376951893351062
23,0.9999722242355347,0,0.7426578593302592
23,0.999998927116394,0,0.7432803909590715
23,0.9887787699699402,0,0.5761040144780949
23,0.9996823072433472,0,0.7325938244220919
23,0.9999914169311523,0,0.7432803909590715
23,0.999998927116394,0,0.7432803909590715
23,0.999999,0,0.7432803909590715
23,0.9999985694885254,0,0.7432803909590715
23,0.9999978542327881,0,0.7432803909590715
23,0.9998921155929565,0,0.7398770075793183
23,0.9999972581863403,0,0.7432803909590715
23,0.9999954700469971,0,0.7432803909590715
23,0.852773904800415,0,0.4128981111432158
23,0.9999912977218628,0,0.7432803909590715
23,0.9999971389770508,0,0.7432803909590715
23,0.9999481439590454,0,0.7418219485360775
23,0.9999955892562866,0,0.7432803909590715
23,0.9999798536300659,0,0.7429227023541584
23,0.9999974966049194,0,0.7432803909590715
23,0.9999833106994629,0,0.7430427093493627
23,0.999999,0,0.7432803909590715
23,0.9999954700469971,0,0.7432803909590715
23,0.999997615814209,0,0.7432803909590715
23,0.9998108744621277,0,0.7370568431920173
23,0.9999966621398926,0,0.7432803909590715
23,0.9999970197677612,0,0.7432803909590715
23,0.999997615814209,0,0.7432803909590715
23,0.7820854783058167,0,0.2819949238641629
23,0.9998674392700195,0,0.7390204059238944
23,0.9999368190765381,0,0.7414288221724773
23,0.9995540976524353,0,0.7281432201689118
23,0.9245782494544983,0,0.5080324116397396
23,0.9999980926513672,0,0.7432803909590715
23,0.9999674558639526,0,0.7424923324403223
23,0.9999886751174927,0,0.7432289271005418
23,0.9999929666519165,0,0.7432803909590715
23,0.9828973412513733,0,0.569336282175968
23,0.9999847412109375,0,0.7430923674163438
23,0.9999860525131226,0,0.7431378873110764
23,0.9999949932098389,0,0.7432803909590715
23,0.9999988079071045,0,0.7432803909590715
23,0.9999895095825195,0,0.7432578943062808
23,0.9999958276748657,0,0.7432803909590715
23,0.9999974966049194,0,0.7432803909590715
23,0.9999986886978149,0,0.7432803909590715
24,0.9994414448738098,0,0.7242326473941509
24,0.9999980926513672,0,0.7432803909590715
25,0.9999288320541382,1,0.7411515646318328
25,0.9998849630355835,1,0.7396287172444128
25,0.9484081864356995,1,0.5296497743071845
25,0.6498129367828369,1,0.22459893048128343
25,0.9999988079071045,1,0.7432803909590715
25,0.999999,1,0.7432803909590715
25,0.999999,1,0.7432803909590715
25,0.9999477863311768,1,0.7418095340193323
25,0.999999,1,0.7432803909590715
25,0.9999904632568359,1,0.7432803909590715
25,0.9999979734420776,1,0.7432803909590715
25,0.9999836683273315,1,0.743055123866108
25,0.9999805688858032,1,0.7429475313876489
25,0.9996159076690674,1,0.7302888624797196
25,0.9999972581863403,1,0.7432803909590715
25,0.999999,1,0.7432803909590715
25,0.9999988079071045,1,0.7432803909590715
25,0.9999951124191284,1,0.7432803909590715
25,0.9999974966049194,1,0.7432803909590715
25,0.9999585151672363,1,0.7421819695216905
25,0.9999973773956299,1,0.7432803909590715
25,0.9999954700469971,1,0.7432803909590715
25,0.999999,1,0.7432803909590715
25,0.9999849796295166,1,0.7431006437608406
25,0.9999974966049194,1,0.7432803909590715
25,0.9999761581420898,1,0.7427944190144572
25,0.999996542930603,1,0.7432803909590715
25,0.9999978542327881,1,0.7432803909590715
25,0.999999,1,0.7432803909590715
25,0.9999982118606567,1,0.7432803909590715
25,0.9999963045120239,1,0.7432803909590715
25,0.9999961853027344,1,0.7432803909590715
25,0.9999953508377075,1,0.7432803909590715
25,0.9999679327011108,1,0.742508885129316
25,0.9999760389328003,1,0.7427902808422088
25,0.9999969005584717,1,0.7432803909590715
25,0.9999912977218628,1,0.7432803909590715
25,0.9999988079071045,1,0.7432803909590715
25,0.9999816417694092,1,0.7429847749378847
25,0.9999970197677612,1,0.7432803909590715
25,0.9999769926071167,1,0.7428233862201962
25,0.9999978542327881,1,0.7432803909590715
25,0.9999949932098389,1,0.7432803909590715
25,0.9999959468841553,1,0.7432803909590715
25,0.999999,1,0.7432803909590715
25,0.9999794960021973,1,0.7429102878374131
25,0.9999967813491821,1,0.7432803909590715
25,0.9999958276748657,1,0.7432803909590715
25,0.9999960660934448,1,0.7432803909590715
25,0.9999980926513672,1,0.7432803909590715
25,0.9971181154251099,1,0.6435817393584894
25,0.9999899864196777,1,0.7432744469952745
25,0.999998927116394,1,0.7432803909590715
25,0.9999985694885254,1,0.7432803909590715
25,0.9999862909317017,1,0.7431461636555733
25,0.9999468326568604,1,0.7417764286413449
25,0.999999,1,0.7432803909590715
25,0.9999812841415405,1,0.7429723604211395
25,0.9999986886978149,1,0.7432803909590715
25,0.9987770915031433,1,0.7011706134536834
25,0.9999936819076538,1,0.7432803909590715
25,0.9999897480010986,1,0.7432661706507776
25,0.9999978542327881,1,0.7432803909590715
25,0.9999843835830688,1,0.7430799528995985
25,0.9999978542327881,1,0.7432803909590715
25,0.9947988986968994,1,0.5830313482260643
25,0.999982476234436,1,0.7430137421436237
25,0.9999920129776001,1,0.7432803909590715
25,0.9999988079071045,1,0.7432803909590715
25,0.9994375109672546,0,0.7240960877099529
26,0.9999783039093018,1,0.7428689061149288
26,0.9999591112136841,1,0.7422026603829326
26,0.9969342947006226,1,0.6372006777514194
26,0.9999970197677612,1,0.7432803909590715
26,0.9999427795410156,1,0.7416357307848985
26,0.999999,1,0.7432803909590715
26,0.9999988079071045,1,0.7432803909590715
26,0.999999,1,0.7432803909590715
26,0.999999,1,0.7432803909590715
26,0.9999970197677612,1,0.7432803909590715
26,0.9162817597389221,1,0.5047234253976168
26,0.999991774559021,1,0.7432803909590715
26,0.9999942779541016,1,0.7432803909590715
26,0.9999980926513672,1,0.7432803909590715
26,0.9999860525131226,1,0.7431378873110764
26,0.9999977350234985,1,0.7432803909590715
26,0.9999983310699463,1,0.7432803909590715
26,0.9999986886978149,1,0.7432803909590715
26,0.9999984502792358,1,0.7432803909590715
26,0.999998927116394,1,0.7432803909590715
26,0.999999,1,0.7432803909590715
26,0.9999773502349854,1,0.7428358007369414
26,0.999999,1,0.7432803909590715
26,0.9999986886978149,1,0.7432803909590715
26,0.999999,1,0.7432803909590715
26,0.999997615814209,1,0.7432803909590715
26,0.999999,1,0.7432803909590715
26,0.9999856948852539,1,0.7431254727943312
26,0.999999,1,0.7432803909590715
26,0.9999988079071045,1,0.7432803909590715
26,0.999999,1,0.7432803909590715
26,0.999999,1,0.7432803909590715
26,0.999998927116394,1,0.7432803909590715
26,0.9999967813491821,1,0.7432803909590715
26,0.9999955892562866,1,0.7432803909590715
26,0.9999964237213135,1,0.7432803909590715
27,0.9999798536300659,1,0.7429227023541584
27,0.9999985694885254,1,0.7432803909590715
27,0.9954647421836853,1,0.5861873593589714
27,0.9997438788414001,1,0.7347311903884028
27,0.9999631643295288,0,0.742343358239379
27,0.999999,0,0.7432803909590715
27,0.9999933242797852,0,0.7432803909590715
27,0.999997615814209,0,0.7432803909590715
27,0.9999980926513672,0,0.7432803909590715
27,0.9999966621398926,0,0.7432803909590715
27,0.9998537302017212,0,0.7385445161153257
27,0.9999518394470215,0,0.7419502318757787
27,0.9999942779541016,0,0.7432803909590715
27,0.9999918937683105,0,0.7432803909590715
27,0.9999901056289673,0,0.7432785851675229
27,0.9999985694885254,0,0.7432803909590715
27,0.9999983310699463,0,0.7432803909590715
27,0.9999986886978149,0,0.7432803909590715
27,0.9999802112579346,0,0.7429351168709036
27,0.999996542930603,0,0.7432803909590715
27,0.999993085861206,0,0.7432803909590715
27,0.9999982118606567,0,0.7432803909590715
27,0.9999977350234985,0,0.7432803909590715
27,0.999987006187439,0,0.7431709926890638
27,0.999999,0,0.7432803909590715
27,0.999999,0,0.7432803909590715
27,0.9999774694442749,0,0.7428399389091899
27,0.999999,0,0.7432803909590715
27,0.9992234706878662,0,0.7166659994379074
27,0.9972749352455139,0,0.6490255049512913
27,0.9999963045120239,0,0.7432803909590715
27,0.9999831914901733,0,0.7430385711771142
27,0.9999260902404785,0,0.7410563866701191
27,0.9999570846557617,0,0.7421323114547094
27,0.9999985694885254,0,0.7432803909590715
27,0.999999,0,0.7432803909590715
27,0.9999940395355225,0,0.7432803909590715
27,0.9999960660934448,0,0.7432803909590715
27,0.9992984533309937,0,0.7192689097821662
27,0.9999988079071045,0,0.7432803909590715
27,0.999998927116394,0,0.7432803909590715
27,0.9999973773956299,0,0.7432803909590715
27,0.9999972581863403,0,0.7432803909590715
27,0.999987006187439,0,0.7431709926890638
27,0.9999988079071045,0,0.7432803909590715
27,0.9999988079071045,0,0.7432803909590715
27,0.999999,0,0.7432803909590715
27,0.9958250522613525,0,0.5986949849798332
27,0.9995844960212708,0,0.7291984540922598
27,0.9985625147819519,0,0.6937219034065201
27,0.999999,0,0.7432803909590715
27,0.9999839067459106,0,0.7430634002106048
27,0.999998927116394,0,0.7432803909590715
27,0.9999980926513672,0,0.7432803909590715
27,0.9999628067016602,0,0.7423309437226338
27,0.9999979734420776,0,0.7432803909590715
27,0.9999960660934448,0,0.7432803909590715
27,0.9999986886978149,0,0.7432803909590715
27,0.9999983310699463,0,0.7432803909590715
27,0.9999982118606567,0,0.7432803909590715
27,0.9999977350234985,0,0.7432803909590715
27,0.9978000521659851,0,0.6672541537055995
27,0.9999939203262329,0,0.7432803909590715
27,0.650898277759552,0,0.22459893048128343
27,0.99991774559021,0,0.7407667146127295
27,0.9566119909286499,0,0.5390898534655023
27,0.999999,0,0.7432803909590715
27,0.9766013622283936,0,0.562091528792692
27,0.9999958276748657,1,0.7432803909590715
27,0.9999794960021973,1,0.7429102878374131
27,0.9998655319213867,1,0.7389541951679197
27,0.9938454031944275,1,0.5819341654460297
28,0.9999983310699463,1,0.7432803909590715
28,0.9999971389770508,1,0.7432803909590715
28,0.9999960660934448,1,0.7432803909590715
28,0.9999709129333496,1,0.7426123394355265
28,0.9998338222503662,1,0.7378534413498389
28,0.9999098777770996,1,0.7404935952443334
28,0.9999985694885254,1,0.7432803909590715
28,0.9999967813491821,1,0.7432803909590715
28,0.9999011754989624,1,0.7401915086701985
28,0.999998927116394,1,0.7432803909590715
28,0.9999889135360718,1,0.7432372034450386
28,0.9999979734420776,1,0.7432803909590715
28,0.9999914169311523,1,0.7432803909590715
28,0.999975323677063,1,0.7427654518087182
28,0.9999788999557495,1,0.742889596976171
28,0.9999964237213135,1,0.7432803909590715
28,0.6414753794670105,1,0.22459893048128343
28,0.9943829774856567,1,0.5825527496488885
28,0.999763548374176,1,0.7354139888093928
28,0.9999934434890747,1,0.7432803909590715
28,0.9999951124191284,1,0.7432803909590715
28,0.9999926090240479,1,0.7432803909590715
28,0.999998927116394,1,0.7432803909590715
28,0.999998927116394,1,0.7432803909590715
28,0.9999960660934448,1,0.7432803909590715
28,0.9999929666519165,1,0.7432803909590715
28,0.999996542930603,1,0.7432803909590715
28,0.9999587535858154,1,0.7421902458661873
28,0.9999973773956299,1,0.7432803909590715
28,0.9999969005584717,1,0.7432803909590715
28,0.9999202489852905,1,0.7408536162299463
28,0.9999954700469971,1,0.7432803909590715
28,0.999985933303833,1,0.743133749138828
28,0.999999,1,0.7432803909590715
28,0.9999921321868896,1,0.7432803909590715
28,0.9999988079071045,1,0.7432803909590715
28,0.9999946355819702,1,0.7432803909590715
28,0.4977317750453949,1,0.22459893048128343
28,0.9239558577537537,1,0.5077841758622506
28,1e-06,1,0.22459893048128343
28,1e-06,1,0.22459893048128343
28,1e-06,1,0.22459893048128343
28,1e-06,1,0.22459893048128343
28,1e-06,1,0.22459893048128343
28,1e-06,1,0.22459893048128343
28,1e-06,1,0.22459893048128343
28,1e-06,1,0.22459893048128343
28,1e-06,1,0.22459893048128343
28,1e-06,1,0.22459893048128343
28,0.00024238952028099447,1,0.22459893048128343
28,0.6158007383346558,1,0.22459893048128343
28,0.999958872795105,1,0.7421943840384357
28,0.9999922513961792,1,0.7432803909590715
28,0.999990701675415,1,0.7432803909590715
28,0.9999927282333374,1,0.7432803909590715
28,0.9999971389770508,1,0.7432803909590715
28,0.9999982118606567,1,0.7432803909590715
28,0.9999798536300659,1,0.7429227023541584
28,0.99998939037323,1,0.7432537561340323
28,0.9999823570251465,1,0.7430096039713753
28,0.9999920129776001,1,0.7432803909590715
28,0.9999748468399048,1,0.7427488991197245
28,0.9998069405555725,1,0.7369202835078192
28,0.9999161958694458,1,0.7407129183735
28,0.8248537182807922,0,0.3613119680738413
28,0.9999988079071045,0,0.7432803909590715
28,0.9999709129333496,0,0.7426123394355265
28,0.999996542930603,0,0.7432803909590715
28,0.9999314546585083,0,0.7412426044212982
28,0.9999953508377075,0,0.7432803909590715
28,0.9998506307601929,0,0.7384369236368666
28,0.999871015548706,0,0.7391445510913471
29,0.9999901056289673,1,0.7432785851675229
29,0.9999943971633911,1,0.7432803909590715
29,0.9999409914016724,1,0.7415736582011722
30,0.9999978542327881,1,0.7432803909590715
30,0.999999,1,0.7432803909590715
30,0.9999873638153076,1,0.7431834072058091
30,0.9999954700469971,1,0.7432803909590715
30,0.999999,1,0.7432803909590715
30,0.9999960660934448,1,0.7432803909590715
30,0.9999839067459106,1,0.7430634002106048
30,0.9998615980148315,1,0.7388176354837217
30,0.999891996383667,0,0.7398728694070699
30,0.9896244406700134,0,0.5770771237662821
30,0.9997267127037048,0,0.7341352935846298
30,0.9999959468841553,0,0.7432803909590715
30,0.9999901056289673,0,0.7432785851675229
30,0.999997615814209,0,0.7432803909590715
30,0.9999066591262817,0,0.740381864593626
30,0.9999951124191284,0,0.7432803909590715
30,0.9996863603591919,0,0.7327345222785382
30,0.999999,0,0.7432803909590715
30,0.999996542930603,0,0.7432803909590715
30,0.9999943971633911,0,0.7432803909590715
30,0.999941349029541,0,0.7415860727179174
30,0.9998353719711304,0,0.7379072375890684
30,0.9999923706054688,0,0.7432803909590715
30,0.999999,0,0.7432803909590715
30,0.9906455278396606,0,0.5782520839591164
30,0.9999890327453613,0,0.743241341617287
30,0.999998927116394,0,0.7432803909590715
30,0.9999946355819702,0,0.7432803909590715
30,0.9999779462814331,0,0.7428564915981836
30,0.999999,0,0.7432803909590715
30,0.9999300241470337,0,0.7411929463543171
30,0.999999,0,0.7432803909590715
30,0.9999804496765137,0,0.7429433932154005
30,0.999999,0,0.7432803909590715
30,0.9999982118606567,0,0.7432803909590715
30,0.9999970197677612,0,0.7432803909590715
30,0.999976634979248,0,0.7428109717034509
30,0.9999985694885254,0,0.7432803909590715
30,0.9999966621398926,0,0.7432803909590715
30,0.999561607837677,0,0.7284039250205624
30,0.9999910593032837,0,0.7432803909590715
30,0.9991934895515442,0,0.7156252491174288
30,0.9929071664810181,0,0.5808545408826414
30,0.9999792575836182,0,0.7429020114929162
30,0.9999969005584717,0,0.7432803909590715
30,0.9999959468841553,0,0.7432803909590715
30,0.999999,0,0.7432803909590715
30,0.9999961853027344,0,0.7432803909590715
30,0.9999959468841553,0,0.7432803909590715
30,0.9999912977218628,0,0.7432803909590715
30,0.9999951124191284,0,0.7432803909590715
30,0.9999959468841553,0,0.7432803909590715
30,0.9999973773956299,0,0.7432803909590715
30,0.9999957084655762,0,0.7432803909590715
30,0.9999904632568359,0,0.7432803909590715
30,0.9999972581863403,0,0.7432803909590715
30,0.9999966621398926,0,0.7432803909590715
31,0.9999961853027344,1,0.7432803909590715
31,0.9999973773956299,1,0.7432803909590715
31,0.9999898672103882,1,0.743270308823026
31,0.999999,1,0.7432803909590715
31,0.999999,1,0.7432803909590715
31,0.9999985694885254,1,0.7432803909590715
31,0.9999947547912598,1,0.7432803909590715
31,0.9999984502792358,1,0.7432803909590715
31,0.999999,1,0.7432803909590715
31,0.9999963045120239,1,0.7432803909590715
31,0.9999970197677612,1,0.7432803909590715
31,0.9999845027923584,1,0.7430840910718469
31,0.999999,1,0.7432803909590715
31,0.9999984502792358,1,0.7432803909590715
31,0.9999973773956299,1,0.7432803909590715
31,0.999998927116394,1,0.7432803909590715
31,0.9999983310699463,1,0.7432803909590715
31,0.9998683929443359,1,0.7390535113018818
31,0.12493915110826492,0,0.22459893048128343
31,0.004375552758574486,0,0.22459893048128343
31,0.9994152784347534,0,0.7233243185856219
31,0.8686387538909912,0,0.43964461984594705
31,4.695724328485085e-06,0,0.22459893048128343
31,0.8916496634483337,0,0.478438653701511
31,0.9999980926513672,1,0.7432803909590715
31,0.999998927116394,0,0.7432803909590715
31,0.999997615814209,0,0.7432803909590715
31,0.999995231628418,0,0.7432803909590715
31,0.9999985694885254,0,0.7432803909590715
31,0.9999921321868896,0,0.7432803909590715
31,0.9999985694885254,0,0.7432803909590715
31,0.999999,0,0.7432803909590715
31,0.9999988079071045,1,0.7432803909590715
31,0.9999979734420776,0,0.7432803909590715
31,0.999999,0,0.7432803909590715
31,0.9999978542327881,0,0.7432803909590715
31,0.9999984502792358,0,0.7432803909590715
31,0.9999982118606567,0,0.7432803909590715
31,0.9999567270278931,0,0.7421198969379641
31,0.9999606609344482,0,0.7422564566221621
31,0.9999959468841553,0,0.7432803909590715
31,0.9999924898147583,0,0.7432803909590715
31,0.9999465942382812,0,0.741768152296848
31,0.9999780654907227,0,0.742860629770432
31,0.9999957084655762,0,0.7432803909590715
31,0.9999985694885254,0,0.7432803909590715
31,0.999995231628418,1,0.7432803909590715
32,0.9999979734420776,1,0.7432803909590715
32,0.999999,1,0.7432803909590715
32,0.9999967813491821,1,0.7432803909590715
32,0.9999847412109375,1,0.7430923674163438
32,0.9999953508377075,1,0.7432803909590715
32,0.9999701976776123,1,0.7425875104020361
32,0.9999967813491821,1,0.7432803909590715
32,0.9999392032623291,1,0.7415115856174458
32,0.999999,1,0.7432803909590715
32,0.9999980926513672,1,0.7432803909590715
32,0.9999399185180664,1,0.7415364146509363
32,0.9999423027038574,1,0.7416191780959048
32,0.999998927116394,1,0.7432803909590715
32,0.9999074935913086,1,0.740410831799365
32,0.9999945163726807,1,0.7432803909590715
32,0.999981164932251,1,0.742968222248891
32,0.9999914169311523,1,0.7432803909590715
32,0.9999967813491821,1,0.7432803909590715
32,0.9999618530273438,1,0.7422978383446464
32,0.9999964237213135,1,0.7432803909590715
32,0.9999873638153076,1,0.7431834072058091
32,0.9999948740005493,1,0.7432803909590715
32,0.9999406337738037,1,0.7415612436844269
32,0.999998927116394,1,0.7432803909590715
32,0.999999,1,0.7432803909590715
32,0.9999227523803711,1,0.7409405178471632
32,0.9999977350234985,1,0.7432803909590715
32,0.9999978542327881,1,0.7432803909590715
32,0.999999,1,0.7432803909590715
32,0.9999934434890747,1,0.7432803909590715
32,0.9999924898147583,1,0.7432803909590715
32,0.9999973773956299,1,0.7432803909590715
32,0.9999972581863403,1,0.7432803909590715
32,0.9999508857727051,1,0.7419171264977913
32,0.999999,1,0.7432803909590715
32,0.9999938011169434,1,0.7432803909590715
32,0.9999922513961792,1,0.7432803909590715
32,0.9999706745147705,1,0.7426040630910297
32,0.9999904632568359,1,0.7432803909590715
32,0.9999988079071045,1,0.7432803909590715
32,0.999981164932251,1,0.742968222248891
32,0.9999719858169556,1,0.7426495829857623
33,0.9999984502792358,1,0.7432803909590715
33,0.999999,1,0.7432803909590715
33,0.9999935626983643,1,0.7432803909590715
33,0.9999954700469971,1,0.7432803909590715
33,0.9999988079071045,1,0.7432803909590715
34,0.9999951124191284,1,0.7432803909590715
34,0.9999974966049194,1,0.7432803909590715
34,0.9999887943267822,1,0.7432330652727902
34,0.9999979734420776,1,0.7432803909590715
34,0.9999988079071045,1,0.7432803909590715
34,0.9999983310699463,1,0.7432803909590715
34,0.9999979734420776,1,0.7432803909590715
34,0.9999983310699463,1,0.7432803909590715
34,0.999999,1,0.7432803909590715
34,0.9999933242797852,1,0.7432803909590715
34,0.9999978542327881,1,0.7432803909590715
34,0.9999262094497681,1,0.7410605248423675
34,0.999999,1,0.7432803909590715
34,0.9999985694885254,1,0.7432803909590715
34,0.999999,1,0.7432803909590715
34,0.9999986886978149,1,0.7432803909590715
34,0.9999978542327881,1,0.7432803909590715
34,0.9999938011169434,1,0.7432803909590715
34,0.999984860420227,1,0.7430965055885922
34,0.9999985694885254,1,0.7432803909590715
34,0.9999971389770508,1,0.7432803909590715
34,0.9999936819076538,1,0.7432803909590715
34,0.9999696016311646,1,0.742566819540794
34,0.999992847442627,1,0.7432803909590715
34,0.9999986886978149,1,0.7432803909590715
34,0.9999607801437378,1,0.7422605947944105
34,0.999999,1,0.7432803909590715
34,0.9999961853027344,1,0.7432803909590715
34,0.9990236759185791,1,0.7097304227495487
34,0.999999,1,0.7432803909590715
34,0.999999,1,0.7432803909590715
34,0.999999,1,0.7432803909590715
34,0.9999916553497314,1,0.7432803909590715
34,0.9999758005142212,1,0.7427820044977119
34,0.9999982118606567,1,0.7432803909590715
34,0.9999988079071045,1,0.7432803909590715
34,0.9999988079071045,1,0.7432803909590715
34,0.9999969005584717,1,0.7432803909590715
34,0.9999979734420776,1,0.7432803909590715
34,0.999998927116394,1,0.7432803909590715
34,0.9999961853027344,1,0.7432803909590715
34,0.9965612292289734,1,0.6242502676999763
34,0.9999982118606567,1,0.7432803909590715
34,0.9999960660934448,1,0.7432803909590715
34,0.9999963045120239,1,0.7432803909590715
34,0.9999855756759644,1,0.7431213346220827
34,0.9999984502792358,1,0.7432803909590715
34,0.9999964237213135,1,0.7432803909590715
34,0.9999946355819702,1,0.7432803909590715
34,0.9999964237213135,0,0.7432803909590715
34,0.999997615814209,1,0.7432803909590715
34,0.9999827146530151,1,0.7430220184881206
34,0.9999874830245972,1,0.7431875453780575
34,0.999999,1,0.7432803909590715
34,0.9999978542327881,1,0.7432803909590715
34,0.9999984502792358,1,0.7432803909590715
34,0.999999,1,0.7432803909590715
34,0.999999,1,0.7432803909590715
34,0.9999982118606567,1,0.7432803909590715
35,0.9999949932098389,1,0.7432803909590715
35,0.999990701675415,1,0.7432803909590715
35,0.9999984502792358,1,0.7432803909590715
35,0.9999988079071045,1,0.7432803909590715
35,0.999994158744812,1,0.7432803909590715
35,0.9999932050704956,1,0.7432803909590715
35,0.9999971389770508,1,0.7432803909590715
35,0.9999488592147827,1,0.7418467775695681
35,0.999998927116394,1,0.7432803909590715
35,0.999994158744812,1,0.7432803909590715
35,0.9999932050704956,1,0.7432803909590715
35,0.999998927116394,1,0.7432803909590715
35,0.9999966621398926,1,0.7432803909590715
35,0.9999984502792358,1,0.7432803909590715
35,0.9999972581863403,1,0.7432803909590715
35,0.9999978542327881,1,0.7432803909590715
35,0.9999964237213135,1,0.7432803909590715
35,0.999999,1,0.7432803909590715
35,0.999999,1,0.7432803909590715
35,0.999999,1,0.7432803909590715
35,0.9999908208847046,1,0.7432803909590715
35,0.9999951124191284,1,0.7432803909590715
35,0.9999973773956299,1,0.7432803909590715
35,0.9999971389770508,1,0.7432803909590715
35,0.9999983310699463,1,0.7432803909590715
35,0.999997615814209,1,0.7432803909590715
35,0.9999983310699463,1,0.7432803909590715
35,0.9999979734420776,1,0.7432803909590715
35,0.9999397993087769,1,0.7415322764786879
35,0.9999881982803345,1,0.7432123744115481
35,0.9999873638153076,1,0.7431834072058091
35,0.999998927116394,1,0.7432803909590715
35,0.9999979734420776,1,0.7432803909590715
35,0.999999,0,0.7432803909590715
35,0.9999969005584717,0,0.7432803909590715
35,0.9999977350234985,0,0.7432803909590715
35,0.9998487234115601,0,0.7383707128808918
35,0.9999986886978149,0,0.7432803909590715
35,0.9999983310699463,0,0.7432803909590715
35,0.9999938011169434,0,0.7432803909590715
35,0.9999405145645142,0,0.7415571055121785
35,0.9999977350234985,0,0.7432803909590715
35,0.9999964237213135,1,0.7432803909590715
35,0.9998733997344971,0,0.7392273145363156
35,0.9999876022338867,0,0.743191683550306
35,0.9999943971633911,0,0.7432803909590715
35,0.999999,0,0.7432803909590715
35,0.9999982118606567,0,0.7432803909590715
35,0.9669857621192932,0,0.5510269030739006
35,0.8752925992012024,0,0.4508623207191249
35,0.9999905824661255,0,0.7432803909590715
35,0.9999921321868896,1,0.7432803909590715
35,0.9995991587638855,0,0.729707449278816
35,0.9999957084655762,0,0.7432803909590715
35,0.999996542930603,0,0.7432803909590715
35,0.9999969005584717,0,0.7432803909590715
35,0.9999953508377075,0,0.7432803909590715
35,0.9999986886978149,0,0.7432803909590715
35,0.9999916553497314,0,0.7432803909590715
35,0.9998944997787476,0,0.7399597710242867
35,0.9999799728393555,0,0.7429268405264068
35,0.9999972581863403,0,0.7432803909590715
35,0.9999955892562866,0,0.7432803909590715
35,0.9999957084655762,0,0.7432803909590715
35,0.9999936819076538,0,0.7432803909590715
35,0.9998875856399536,0,0.7397197570338782
35,0.999999,0,0.7432803909590715
36,0.9999668598175049,1,0.7424716415790802
36,0.9999784231185913,1,0.7428730442871773
36,0.9999972581863403,1,0.7432803909590715
36,0.9999971389770508,1,0.7432803909590715
36,0.9999980926513672,1,0.7432803909590715
36,0.9999126195907593,1,0.7405887732060472
36,0.999994158744812,1,0.7432803909590715
36,0.9999959468841553,1,0.7432803909590715
36,0.9999911785125732,1,0.7432803909590715
36,0.9999871253967285,1,0.7431751308613123
36,0.9999986886978149,1,0.7432803909590715
36,0.999999,1,0.7432803909590715
36,0.9999973773956299,1,0.7432803909590715
36,0.9999691247940063,1,0.7425502668518003
36,0.999999,1,0.7432803909590715
36,0.9999914169311523,1,0.7432803909590715
36,0.9999983310699463,1,0.7432803909590715
36,0.9999983310699463,1,0.7432803909590715
36,0.9999949932098389,1,0.7432803909590715
36,0.9999520778656006,1,0.7419585082202755
36,0.9998394250869751,1,0.7380479354455148
36,0.9893497824668884,1,0.5767610758666509
36,0.9999946355819702,1,0.7432803909590715
36,0.9999971389770508,1,0.7432803909590715
36,0.9999959468841553,1,0.7432803909590715
36,0.9999943971633911,1,0.7432803909590715
36,0.999999,1,0.7432803909590715
36,0.7933989763259888,1,0.30297669031415375
36,0.9999662637710571,1,0.7424509507178381
36,0.9999756813049316,1,0.7427778663254635
36,0.9999958276748657,1,0.7432803909590715
36,0.9999979734420776,1,0.7432803909590715
36,0.9999727010726929,1,0.7426744120192529
36,0.999999,1,0.7432803909590715
36,0.9997863173484802,1,0.7362043797088419
36,0.999924898147583,1,0.7410150049476348
36,0.9999957084655762,1,0.7432803909590715
36,0.9999966621398926,1,0.7432803909590715
36,0.9999961853027344,1,0.7432803909590715
36,0.9999879598617554,1,0.7432040980670512
36,0.9999970197677612,1,0.7432803909590715
36,0.9999983310699463,1,0.7432803909590715
36,0.9999961853027344,1,0.7432803909590715
36,0.999999,1,0.7432803909590715
36,0.9999972581863403,1,0.7432803909590715
36,0.9999984502792358,1,0.7432803909590715
36,0.9999761581420898,1,0.7427944190144572
36,0.999999,1,0.7432803909590715
36,0.9999861717224121,1,0.7431420254833249
36,0.9999979734420776,1,0.7432803909590715
36,0.999999,1,0.7432803909590715
36,0.9999935626983643,1,0.7432803909590715
36,0.9999984502792358,1,0.7432803909590715
36,0.9999938011169434,1,0.7432803909590715
36,0.999999,1,0.7432803909590715
36,0.9998613595962524,1,0.7388093591392249
36,0.9998624324798584,1,0.7388466026894607
36,0.9769033789634705,1,0.5624390580260754
36,0.9999982118606567,1,0.7432803909590715
36,0.999987006187439,1,0.7431709926890638
36,0.999999,1,0.7432803909590715
36,0.9993153810501099,1,0.7198565302414425
37,0.9999985694885254,1,0.7432803909590715
37,0.9999978542327881,1,0.7432803909590715
37,0.9999954700469971,1,0.7432803909590715
37,0.9999887943267822,1,0.7432330652727902
37,0.9999974966049194,1,0.7432803909590715
37,0.9982545971870422,1,0.6830330044888406
37,0.9999960660934448,1,0.7432803909590715
37,0.9956359267234802,1,0.5921297747077083
37,0.9999980926513672,1,0.7432803909590715
37,0.9999933242797852,1,0.7432803909590715
37,0.9999874830245972,1,0.7431875453780575
37,0.9999270439147949,1,0.7410894920481065
37,0.9999988079071045,1,0.7432803909590715
37,0.9999966621398926,1,0.7432803909590715
37,0.9999984502792358,1,0.7432803909590715
37,0.999818742275238,1,0.7373299625604132
37,0.9999974966049194,1,0.7432803909590715
37,0.9999957084655762,1,0.7432803909590715
37,0.9999970197677612,1,0.7432803909590715
37,0.999999,1,0.7432803909590715
37,0.9999978542327881,1,0.7432803909590715
37,0.9999984502792358,1,0.7432803909590715
37,0.9999985694885254,1,0.7432803909590715
37,0.9999866485595703,1,0.7431585781723186
37,0.9999299049377441,1,0.7411888081820687
37,0.999992847442627,1,0.7432803909590715
37,0.9999935626983643,1,0.7432803909590715
37,0.999999,1,0.7432803909590715
37,0.9997243285179138,1,0.7340525301396613
37,0.9999063014984131,1,0.7403694500768807
37,0.9999792575836182,1,0.7429020114929162
37,0.999999,1,0.7432803909590715
37,0.9999978542327881,1,0.7432803909590715
37,0.9999758005142212,1,0.7427820044977119
37,0.9999984502792358,1,0.7432803909590715
37,0.9999667406082153,1,0.7424675034068318
37,0.999995231628418,1,0.7432803909590715
37,0.999995231628418,1,0.7432803909590715
37,0.9999855756759644,1,0.7431213346220827
37,0.9992495179176331,1,0.7175701900741881
37,0.9999948740005493,1,0.7432803909590715
37,0.9999984502792358,1,0.7432803909590715
37,0.999997615814209,1,0.7432803909590715
37,0.9999814033508301,1,0.7429764985933879
37,0.9999887943267822,1,0.7432330652727902
37,0.999999,1,0.7432803909590715
37,0.9995967745780945,1,0.7296246858338475
37,0.9999986886978149,1,0.7432803909590715
37,0.999999,1,0.7432803909590715
37,0.9999970197677612,1,0.7432803909590715
37,0.9999982118606567,1,0.7432803909590715
37,0.9999984502792358,1,0.7432803909590715
37,0.9999955892562866,1,0.7432803909590715
37,0.9999980926513672,1,0.7432803909590715
37,0.999999,1,0.7432803909590715
37,0.999998927116394,1,0.7432803909590715
37,0.9999963045120239,1,0.7432803909590715
37,0.999999,1,0.7432803909590715
37,0.9999948740005493,1,0.7432803909590715
37,0.9999982118606567,1,0.7432803909590715
37,0.9999978542327881,1,0.7432803909590715
37,0.9999854564666748,1,0.7431171964498343
37,0.9999939203262329,1,0.7432803909590715
37,0.9999716281890869,1,0.7426371684690171
37,0.9999979734420776,1,0.7432803909590715
37,0.999999,1,0.7432803909590715
37,0.9999983310699463,1,0.7432803909590715
37,0.999976634979248,1,0.7428109717034509
37,0.9999644756317139,1,0.7423888781341117
37,0.9998272061347961,1,0.7376237727900513
37,0.9999967813491821,1,0.7432803909590715
37,0.9999818801879883,1,0.7429930512823816
37,0.999997615814209,1,0.7432803909590715
37,0.9999877214431763,1,0.7431958217225544
37,0.999999,1,0.7432803909590715
37,0.9999830722808838,1,0.7430344330048658
37,0.9999978542327881,1,0.7432803909590715
37,0.999953031539917,1,0.7419916135982629
37,0.999999,1,0.7432803909590715
37,0.9999312162399292,1,0.7412343280768013
37,0.9999986886978149,1,0.7432803909590715
37,0.9999624490737915,1,0.7423185292058885
37,0.9999934434890747,1,0.7432803909590715
37,0.9999876022338867,1,0.743191683550306
37,0.999999,1,0.7432803909590715
38,0.9999921321868896,1,0.7432803909590715
38,0.9999758005142212,1,0.7427820044977119
38,0.9999724626541138,1,0.742666135674756
38,0.9999920129776001,1,0.7432803909590715
38,0.9999873638153076,1,0.7431834072058091
38,0.9999980926513672,1,0.7432803909590715
38,0.9999980926513672,1,0.7432803909590715
38,0.9999878406524658,1,0.7431999598948028
38,0.9999943971633911,1,0.7432803909590715
38,0.9999725818634033,1,0.7426702738470045
38,0.9999988079071045,1,0.7432803909590715
38,0.9999984502792358,1,0.7432803909590715
38,0.9999960660934448,1,0.7432803909590715
38,0.9999663829803467,1,0.7424550888900865
38,0.9998748302459717,1,0.7392769726032967
38,0.9999887943267822,1,0.7432330652727902
38,0.9999716281890869,1,0.7426371684690171
38,0.9999390840530396,1,0.7415074474451974
38,0.9999977350234985,1,0.7432803909590715
38,0.9999887943267822,1,0.7432330652727902
38,0.9999973773956299,1,0.7432803909590715
38,0.999999,1,0.7432803909590715
38,0.9999978542327881,1,0.7432803909590715
38,0.9999972581863403,1,0.7432803909590715
38,0.9999843835830688,1,0.7430799528995985
38,0.9999982118606567,1,0.7432803909590715
38,0.9999980926513672,1,0.7432803909590715
38,0.9999985694885254,1,0.7432803909590715
38,0.999999,1,0.7432803909590715
38,0.999999,1,0.7432803909590715
38,0.9999887943267822,1,0.7432330652727902
38,0.999998927116394,1,0.7432803909590715
38,0.999999,1,0.7432803909590715
38,0.9999984502792358,1,0.7432803909590715
38,0.9999983310699463,1,0.7432803909590715
38,0.9999972581863403,1,0.7432803909590715
38,0.999995231628418,1,0.7432803909590715
38,0.9999557733535767,1,0.7420867915599767
38,0.9999756813049316,1,0.7427778663254635
38,0.9999936819076538,1,0.7432803909590715
38,0.999999,1,0.7432803909590715
38,0.9999980926513672,1,0.7432803909590715
38,0.9999938011169434,1,0.7432803909590715
38,0.9999932050704956,1,0.7432803909590715
38,0.9999903440475464,1,0.7432803909590715
38,0.9999189376831055,1,0.7408080963352136
38,0.999998927116394,1,0.7432803909590715
38,0.999999,1,0.7432803909590715
38,0.9999986886978149,1,0.7432803909590715
38,0.9999969005584717,1,0.7432803909590715
39,0.9999850988388062,1,0.743104781933089
39,0.999999,1,0.7432803909590715
39,0.9999899864196777,1,0.7432744469952745
39,0.999974250793457,1,0.7427282082584824
39,0.9999980926513672,1,0.7432803909590715
39,0.999999,1,0.7432803909590715
39,0.9999873638153076,1,0.7431834072058091
39,0.9999971389770508,1,0.7432803909590715
39,0.9999982118606567,1,0.7432803909590715
39,0.9999974966049194,1,0.7432803909590715
39,0.9999961853027344,1,0.7432803909590715
39,0.9999983310699463,1,0.7432803909590715
39,0.9999743700027466,1,0.7427323464307308
39,0.999999,1,0.7432803909590715
39,0.999999,1,0.7432803909590715
39,0.9999954700469971,1,0.7432803909590715
39,0.9999977350234985,1,0.7432803909590715
39,0.9999977350234985,1,0.7432803909590715
39,0.9999960660934448,1,0.7432803909590715
39,0.999998927116394,1,0.7432803909590715
39,0.9999973773956299,1,0.7432803909590715
39,0.9999606609344482,1,0.7422564566221621
39,0.9999947547912598,1,0.7432803909590715
39,0.9999966621398926,1,0.7432803909590715
39,0.9999969005584717,1,0.7432803909590715
39,0.9999980926513672,1,0.7432803909590715
39,0.9999974966049194,1,0.7432803909590715
39,0.9999951124191284,1,0.7432803909590715
39,0.9999978542327881,1,0.7432803909590715
39,0.9997965693473816,1,0.7365602625222063
39,0.9998366832733154,1,0.7379527574838011
39,0.9999492168426514,1,0.7418591920863133
39,0.9999983310699463,1,0.7432803909590715
39,0.9999905824661255,1,0.7432803909590715
39,0.999997615814209,1,0.7432803909590715
39,0.9999953508377075,1,0.7432803909590715
39,0.9999897480010986,1,0.7432661706507776
39,0.9999979734420776,1,0.7432803909590715
39,0.9999946355819702,1,0.7432803909590715
39,0.999999,1,0.7432803909590715
39,0.9999971389770508,1,0.7432803909590715
39,0.9997280240058899,1,0.7341808134793625
39,0.9999971389770508,1,0.7432803909590715
39,0.9999682903289795,1,0.7425212996460613
39,0.9999748468399048,1,0.7427488991197245
39,0.9999808073043823,1,0.7429558077321458
39,0.999948263168335,1,0.741826086708326
39,0.9999936819076538,1,0.7432803909590715
39,0.999999,1,0.7432803909590715
39,0.999999,1,0.7432803909590715
39,0.9999978542327881,1,0.7432803909590715
39,0.9999966621398926,1,0.7432803909590715
39,0.9999885559082031,1,0.7432247889282934
39,0.9999967813491821,1,0.7432803909590715
39,0.9999954700469971,1,0.7432803909590715
39,0.9999979734420776,1,0.7432803909590715
39,0.9999911785125732,1,0.7432803909590715
39,0.999999,1,0.7432803909590715
39,0.9999897480010986,1,0.7432661706507776
39,0.9999971389770508,1,0.7432803909590715
39,0.9999876022338867,1,0.743191683550306
39,0.999999,1,0.7432803909590715
39,0.999996542930603,1,0.7432803909590715
39,0.9999973773956299,1,0.7432803909590715
39,0.9999942779541016,1,0.7432803909590715
39,0.9999942779541016,1,0.7432803909590715
39,0.9924192428588867,1,0.5802930894706665
39,0.999764621257782,1,0.7354512323596286
39,0.9999914169311523,1,0.7432803909590715
39,0.9999829530715942,1,0.7430302948326174
39,0.9999682903289795,1,0.7425212996460613
39,0.9991896748542786,1,0.7154928276054793
39,0.9999983310699463,1,0.7432803909590715
39,0.9999967813491821,1,0.7432803909590715
40,0.9970666766166687,1,0.6417961180332944
40,0.9975684285163879,1,0.6592136850269115
40,0.9999897480010986,1,0.7432661706507776
40,0.9999890327453613,1,0.743241341617287
40,0.9999067783355713,1,0.7403860027658744
40,0.9999796152114868,1,0.7429144260096615
40,0.9999988079071045,1,0.7432803909590715
40,0.9999973773956299,1,0.7432803909590715
40,0.9999393224716187,1,0.7415157237896942
40,0.9999665021896362,1,0.7424592270623349
40,0.8540868759155273,0,0.41511164580442134
40,0.8826094269752502,0,0.46319774204066805
40,0.8936774730682373,0,0.48185733277854365
40,0.8945713043212891,0,0.48336424061309236
40,0.9999942779541016,0,0.7432803909590715
40,0.6543850898742676,0,0.22459893048128343
40,0.9999279975891113,0,0.7411225974260939
40,0.9999985694885254,0,0.7432803909590715
40,0.9999713897705078,0,0.7426288921245202
40,0.999834418296814,1,0.737874132211081
40,0.999934196472168,0,0.741337782383012
40,0.9999970197677612,0,0.7432803909590715
40,0.999999,0,0.7432803909590715
40,0.9999986886978149,0,0.7432803909590715
40,0.9999855756759644,0,0.7431213346220827
40,0.9999966621398926,0,0.7432803909590715
40,0.9999412298202515,0,0.741581934545669
40,0.9999910593032837,0,0.7432803909590715
40,0.9999961853027344,0,0.7432803909590715
40,0.9638299345970154,0,0.5473955072201963
40,0.5198749899864197,0,0.22459893048128343
40,0.9618134498596191,0,0.5450751477383342
40,0.9999583959579468,0,0.742177831349442
40,0.9996020197868347,0,0.7298067654127782
40,0.9999969005584717,0,0.7432803909590715
40,0.9918407201766968,0,0.579627386147355
40,0.9999983310699463,0,0.7432803909590715
40,0.9999545812606812,0,0.7420454098374925
40,0.999936580657959,1,0.7414205458279804
40,0.9999735355377197,1,0.7427033792249919
40,0.5632729530334473,0,0.22459893048128343
40,0.9983533620834351,0,0.68646148019666
40,0.9989932179450989,0,0.7086731197400763
40,0.28360211849212646,0,0.22459893048128343
40,0.31741249561309814,0,0.22459893048128343
40,2.162175951525569e-05,0,0.22459893048128343
40,1e-06,0,0.22459893048128343
40,0.9999865293502808,0,0.7431544400000701
40,0.6078963875770569,0,0.22459893048128343
40,0.38591402769088745,0,0.22459893048128343
40,0.0005219430895522237,0,0.22459893048128343
40,0.6474438905715942,0,0.22459893048128343
40,0.9999762773513794,0,0.7427985571867056
40,0.9999988079071045,0,0.7432803909590715
40,0.999998927116394,0,0.7432803909590715
40,0.977726399898529,0,0.5633861043364284
40,0.8002437353134155,0,0.31567083090838877
40,0.9956318140029907,0,0.5919870077651378
40,0.9999834299087524,0,0.7430468475216111
40,0.9999961853027344,0,0.7432803909590715
41,0.9999960660934448,1,0.7432803909590715
41,0.9999932050704956,1,0.7432803909590715
41,0.9999977350234985,1,0.7432803909590715
41,0.9984009861946106,1,0.6881146800099054
41,0.9998505115509033,1,0.7384327854646182
41,0.9547744393348694,1,0.5369753915085301
41,0.9999970197677612,1,0.7432803909590715
41,0.9999954700469971,1,0.7432803909590715
41,0.999999,1,0.7432803909590715
41,0.9999985694885254,1,0.7432803909590715
41,0.9977274537086487,1,0.6647340068063092
41,0.999984860420227,1,0.7430965055885922
41,0.999904990196228,1,0.740323930182148
41,0.9999982118606567,1,0.7432803909590715
41,0.9999867677688599,1,0.743162716344567
41,0.9999961853027344,1,0.7432803909590715
41,0.999999,1,0.7432803909590715
41,0.9994328618049622,1,0.7239346989922644
41,0.999997615814209,1,0.7432803909590715
41,0.9999977350234985,1,0.7432803909590715
41,0.9999980926513672,1,0.7432803909590715
41,0.9999977350234985,1,0.7432803909590715
41,0.9999978542327881,1,0.7432803909590715
41,0.9999985694885254,1,0.7432803909590715
41,0.9999967813491821,1,0.7432803909590715
41,0.9999955892562866,1,0.7432803909590715
41,0.9987932443618774,1,0.7017313357933449
41,0.9999797344207764,1,0.7429185641819099
41,0.9971808195114136,1,0.6457584179611605
41,0.9999802112579346,1,0.7429351168709036
41,0.6707220673561096,0,0.22459893048128343
41,0.9999985694885254,1,0.7432803909590715
41,0.9999983310699463,1,0.7432803909590715
41,0.9999908208847046,1,0.7432803909590715
41,0.9997313618659973,1,0.7342966823023184
41,0.9999853372573853,1,0.7431130582775859
41,0.9999963045120239,1,0.7432803909590715
41,0.9997060894966125,1,0.7334193897856525
41,0.9999821186065674,0,0.7430013276268784
41,0.8072226047515869,0,0.3286136898168896
41,0.9999985694885254,0,0.7432803909590715
41,0.9991394281387329,0,0.7137485880027685
41,0.999980092048645,0,0.7429309786986552
41,0.9998420476913452,0,0.7381389752349801
41,0.9058851599693298,0,0.5005768276458171
42,0.9999918937683105,1,0.7432803909590715
42,0.9999959468841553,1,0.7432803909590715
42,0.9999921321868896,1,0.7432803909590715
42,0.9999983310699463,1,0.7432803909590715
42,0.9998075366020203,1,0.7369409743690614
42,0.9999988079071045,1,0.7432803909590715
42,0.9997809529304504,0,0.7360181619576628
42,0.9999932050704956,0,0.7432803909590715
42,0.9999985694885254,0,0.7432803909590715
42,0.999990701675415,0,0.7432803909590715
42,0.999999,0,0.7432803909590715
42,0.9999961853027344,0,0.7432803909590715
42,0.9999874830245972,0,0.7431875453780575
42,0.9999903440475464,0,0.7432803909590715
42,0.9999951124191284,0,0.7432803909590715
42,0.9999850988388062,0,0.743104781933089
42,0.9999980926513672,1,0.7432803909590715
42,0.9999572038650513,0,0.7421364496269578
42,0.999988317489624,0,0.7432165125837965
42,0.9999979734420776,0,0.7432803909590715
42,0.9999966621398926,0,0.7432803909590715
42,0.9999932050704956,0,0.7432803909590715
42,0.9999880790710449,0,0.7432082362392997
42,0.9998378753662109,0,0.7379941392062853
42,0.999991774559021,0,0.7432803909590715
42,0.9999985694885254,0,0.7432803909590715
42,0.9999983310699463,0,0.7432803909590715
42,0.9999973773956299,0,0.7432803909590715
42,0.999996542930603,0,0.7432803909590715
42,0.999999,0,0.7432803909590715
42,0.9999983310699463,1,0.7432803909590715
42,0.9999974966049194,0,0.7432803909590715
42,0.9999932050704956,0,0.7432803909590715
42,0.9999299049377441,0,0.7411888081820687
42,0.999999,0,0.7432803909590715
42,0.9999980926513672,1,0.7432803909590715
42,0.9999980926513672,0,0.7432803909590715
42,0.9999977350234985,0,0.7432803909590715
42,0.9993402361869812,0,0.7207193391552389
42,0.999997615814209,0,0.7432803909590715
42,0.9959522485733032,1,0.6031104147689017
42,0.9870038628578186,0,0.5740616372308693
42,0.9999446868896484,1,0.7417019415408732
42,0.999999,0,0.7432803909590715
42,0.9999291896820068,1,0.7411639791485781
42,0.9999971389770508,0,0.7432803909590715
42,0.9999933242797852,0,0.7432803909590715
42,0.9999984502792358,0,0.7432803909590715
42,0.9999871253967285,0,0.7431751308613123
42,0.9999864101409912,0,0.7431503018278217
42,0.9999971389770508,0,0.7432803909590715
42,0.9999819993972778,0,0.74299718945463
42,0.999999,0,0.7432803909590715
42,0.9999873638153076,0,0.7431834072058091
42,0.5936416983604431,0,0.22459893048128343
42,0.9999980926513672,0,0.7432803909590715
42,0.999999,0,0.7432803909590715
42,0.9999514818191528,0,0.7419378173590334
42,0.9998432397842407,0,0.7381803569574643
42,0.9996135830879211,0,0.7302081681208753
42,0.9999971389770508,0,0.7432803909590715
42,0.9999986886978149,0,0.7432803909590715
42,0.9999985694885254,0,0.7432803909590715
43,0.9999973773956299,1,0.7432803909590715
43,0.9999982118606567,1,0.7432803909590715
43,0.9999551773071289,1,0.7420661006987346
43,0.999998927116394,1,0.7432803909590715
43,0.999999,1,0.7432803909590715
43,0.999999,1,0.7432803909590715
43,0.9999972581863403,1,0.7432803909590715
43,0.999997615814209,1,0.7432803909590715
43,0.999999,1,0.7432803909590715
43,0.9999934434890747,1,0.7432803909590715
43,0.9999972581863403,1,0.7432803909590715
43,0.999999,1,0.7432803909590715
43,0.9999964237213135,1,0.7432803909590715
43,0.9999982118606567,1,0.7432803909590715
43,0.9999974966049194,1,0.7432803909590715
43,0.9999969005584717,1,0.7432803909590715
43,0.9999939203262329,1,0.7432803909590715
43,0.999977707862854,1,0.7428482152536867
43,0.9999761581420898,1,0.7427944190144572
43,0.999996542930603,1,0.7432803909590715
43,0.999999,1,0.7432803909590715
43,0.9999924898147583,1,0.7432803909590715
43,0.9999985694885254,1,0.7432803909590715
43,0.9999228715896606,1,0.7409446560194116
43,0.9999986886978149,1,0.7432803909590715
43,0.999977707862854,1,0.7428482152536867
43,0.9999985694885254,1,0.7432803909590715
43,0.9999788999557495,1,0.742889596976171
43,0.9999983310699463,1,0.7432803909590715
43,0.9999905824661255,1,0.7432803909590715
43,0.9999986886978149,1,0.7432803909590715
43,0.9999979734420776,1,0.7432803909590715
43,0.9999973773956299,1,0.7432803909590715
43,0.999996542930603,1,0.7432803909590715
43,0.9045988321304321,1,0.5000637864358966
43,0.999998927116394,1,0.7432803909590715
43,0.9999986886978149,1,0.7432803909590715
43,0.9999979734420776,1,0.7432803909590715
43,0.9999967813491821,1,0.7432803909590715
43,0.9999977350234985,1,0.7432803909590715
43,0.999997615814209,1,0.7432803909590715
43,0.999999,1,0.7432803909590715
43,0.999993085861206,1,0.7432803909590715
43,0.9999948740005493,1,0.7432803909590715
43,0.9999985694885254,1,0.7432803909590715
43,0.9999984502792358,1,0.7432803909590715
43,0.9999980926513672,1,0.7432803909590715
43,0.999998927116394,1,0.7432803909590715
43,0.999999,1,0.7432803909590715
43,0.99997878074646,1,0.7428854588039225
43,0.999980092048645,1,0.7429309786986552
43,0.9999738931655884,1,0.7427157937417371
43,0.9999771118164062,0,0.7428275243924446
43,0.8432123064994812,0,0.3953594050088438
43,0.995731770992279,0,0.5954568651954414
43,0.5168225169181824,0,0.22459893048128343
43,0.999997615814209,0,0.7432803909590715
43,0.9999973773956299,0,0.7432803909590715
43,0.999999,0,0.7432803909590715
43,0.9999986886978149,0,0.7432803909590715
43,0.999994158744812,0,0.7432803909590715
43,0.9968355298042297,0,0.6337722020436001
43,0.9998698234558105,0,0.7391031693688629
43,0.9721105098724365,0,0.5569239261560152
43,0.9999984502792358,0,0.7432803909590715
43,0.9999979734420776,0,0.7432803909590715
43,0.9999963045120239,0,0.7432803909590715
43,0.999999,0,0.7432803909590715
43,0.9999916553497314,0,0.7432803909590715
43,0.9998844861984253,0,0.7396121645554191
43,0.9999754428863525,0,0.7427695899809666
43,0.9999988079071045,0,0.7432803909590715
43,0.9999967813491821,0,0.7432803909590715
43,0.999999,0,0.7432803909590715
43,0.9999969005584717,0,0.7432803909590715
43,0.9999799728393555,0,0.7429268405264068
43,0.9999587535858154,0,0.7421902458661873
43,0.9999967813491821,0,0.7432803909590715
43,0.999998927116394,0,0.7432803909590715
43,0.999997615814209,0,0.7432803909590715
43,0.9999938011169434,0,0.7432803909590715
44,0.9999849796295166,1,0.7431006437608406
44,0.9999979734420776,1,0.7432803909590715
44,0.9999988079071045,1,0.7432803909590715
44,0.999994158744812,1,0.7432803909590715
44,0.9999978542327881,1,0.7432803909590715
44,0.9999967813491821,1,0.7432803909590715
44,0.9999985694885254,1,0.7432803909590715
44,0.9999983310699463,1,0.7432803909590715
44,0.9999970197677612,1,0.7432803909590715
44,0.9999984502792358,1,0.7432803909590715
44,0.9999932050704956,1,0.7432803909590715
44,0.9999963045120239,1,0.7432803909590715
44,0.999999,1,0.7432803909590715
44,0.9999966621398926,1,0.7432803909590715
44,0.9999983310699463,1,0.7432803909590715
44,0.9999935626983643,1,0.7432803909590715
44,0.9999794960021973,1,0.7429102878374131
44,0.9999979734420776,1,0.7432803909590715
44,0.9999969005584717,1,0.7432803909590715
44,0.9999618530273438,1,0.7422978383446464
44,0.999993085861206,1,0.7432803909590715
44,0.999998927116394,1,0.7432803909590715
44,0.99607914686203,1,0.6075154991273491
44,0.9936969876289368,1,0.5817633843544322
44,0.999991774559021,1,0.7432803909590715
44,0.9999467134475708,1,0.7417722904690964
44,0.999988317489624,1,0.7432165125837965
44,0.9999967813491821,1,0.7432803909590715
44,0.9999971389770508,1,0.7432803909590715
44,0.9999954700469971,1,0.7432803909590715
44,0.702786922454834,1,0.22459893048128343
44,0.9999979734420776,1,0.7432803909590715
44,0.999990701675415,1,0.7432803909590715
44,0.9999958276748657,1,0.7432803909590715
44,0.8867208361625671,1,0.47012915632524394
44,0.9999979734420776,1,0.7432803909590715
44,0.997972309589386,0,0.6732338126045723
44,0.9999980926513672,1,0.7432803909590715
44,0.999999,1,0.7432803909590715
44,0.999999,1,0.7432803909590715
44,0.9999616146087646,1,0.7422895620001495
44,0.9999983310699463,1,0.7432803909590715
44,0.9999986886978149,1,0.7432803909590715
44,0.9999977350234985,1,0.7432803909590715
44,0.9999972581863403,1,0.7432803909590715
44,0.9999988079071045,1,0.7432803909590715
44,0.9965046644210815,1,0.622286704968099
44,0.9999959468841553,1,0.7432803909590715
44,0.9989211559295654,1,0.706171594615904
44,0.9999945163726807,1,0.7432803909590715
44,0.9999933242797852,1,0.7432803909590715
44,0.999999,1,0.7432803909590715
44,0.9995104074478149,1,0.7266265800398642
44,0.999998927116394,1,0.7432803909590715
44,0.9999984502792358,1,0.7432803909590715
44,0.9999922513961792,1,0.7432803909590715
44,0.9999978542327881,1,0.7432803909590715
44,0.9999972581863403,1,0.7432803909590715
44,0.999999,1,0.7432803909590715
44,0.999980092048645,1,0.7429309786986552
44,0.9999815225601196,1,0.7429806367656363
44,0.9999703168869019,1,0.7425916485742844
44,0.9999977350234985,1,0.7432803909590715
44,0.9999958276748657,1,0.7432803909590715
44,0.9967516660690308,1,0.6308609978668338
44,0.9999951124191284,1,0.7432803909590715
44,0.9999920129776001,1,0.7432803909590715
44,0.999998927116394,1,0.7432803909590715
44,0.9999781847000122,1,0.7428647679426804
44,0.9999939203262329,1,0.7432803909590715
44,0.999997615814209,1,0.7432803909590715
44,0.9999978542327881,1,0.7432803909590715
44,0.999996542930603,1,0.7432803909590715
44,0.9999850988388062,1,0.743104781933089
44,0.999998927116394,1,0.7432803909590715
44,0.999999,1,0.7432803909590715
44,0.9999985694885254,1,0.7432803909590715
44,0.9985734224319458,1,0.6941005461672508
44,0.9999898672103882,1,0.743270308823026
44,0.9545062780380249,1,0.5366668195683304
44,0.9999934434890747,1,0.7432803909590715
44,0.9999983310699463,1,0.7432803909590715
44,0.9999967813491821,1,0.7432803909590715
44,0.9999978542327881,1,0.7432803909590715
44,0.6773844957351685,0,0.22459893048128343
44,0.9999972581863403,0,0.7432803909590715
44,0.9991658926010132,0,0.7146672622419186
44,0.9981951117515564,0,0.680968056536877
44,0.9999983310699463,0,0.7432803909590715
44,0.9999986886978149,0,0.7432803909590715
45,0.9999935626983643,1,0.7432803909590715
45,0.9999983310699463,1,0.7432803909590715
45,0.999999,1,0.7432803909590715
45,0.9999945163726807,1,0.7432803909590715
45,0.9999762773513794,1,0.7427985571867056
45,0.9999649524688721,1,0.7424054308231054
45,0.9999836683273315,1,0.743055123866108
45,0.9999949932098389,1,0.7432803909590715
45,0.9999947547912598,1,0.7432803909590715
45,0.9999985694885254,1,0.7432803909590715
45,0.9999974966049194,1,0.7432803909590715
46,0.9999397993087769,1,0.7415322764786879
46,0.9999939203262329,1,0.7432803909590715
46,0.9999982118606567,1,0.7432803909590715
46,0.9999983310699463,1,0.7432803909590715
46,0.9999985694885254,1,0.7432803909590715
46,0.9999988079071045,1,0.7432803909590715
46,0.999999,1,0.7432803909590715
46,0.9999856948852539,1,0.7431254727943312
46,0.9999958276748657,1,0.7432803909590715
46,0.9999974966049194,1,0.7432803909590715
46,0.999999,1,0.7432803909590715
46,0.999999,1,0.7432803909590715
46,0.9999978542327881,1,0.7432803909590715
46,0.9999977350234985,1,0.7432803909590715
46,0.9998645782470703,1,0.7389210897899323
46,0.9998607635498047,0,0.7387886682779827
46,0.9999984502792358,1,0.7432803909590715
46,0.999997615814209,1,0.7432803909590715
46,0.9999978542327881,1,0.7432803909590715
46,0.9999814033508301,1,0.7429764985933879
46,0.9999909400939941,1,0.7432803909590715
46,0.9999866485595703,1,0.7431585781723186
46,0.9999946355819702,1,0.7432803909590715
46,0.999997615814209,1,0.7432803909590715
46,0.9999988079071045,1,0.7432803909590715
46,0.9999904632568359,1,0.7432803909590715
46,0.9997648596763611,1,0.7354595087041255
46,0.9999986886978149,1,0.7432803909590715
46,0.999999,1,0.7432803909590715
46,0.9999977350234985,1,0.7432803909590715
46,0.999999,1,0.7432803909590715
46,0.9999107122421265,1,0.7405225624500724
46,0.9999979734420776,1,0.7432803909590715
46,0.999999,1,0.7432803909590715
46,0.999999,1,0.7432803909590715
46,0.9999583959579468,1,0.742177831349442
46,0.9999971389770508,1,0.7432803909590715
46,0.9999978542327881,1,0.7432803909590715
46,0.999999,1,0.7432803909590715
46,0.999999,1,0.7432803909590715
46,0.9999966621398926,1,0.7432803909590715
46,0.9999938011169434,1,0.7432803909590715
46,0.9999717473983765,1,0.7426413066412655
47,0.9999922513961792,1,0.7432803909590715
47,0.999619722366333,1,0.7304212839916692
47,0.973656177520752,1,0.5587025186328455
47,0.9999979734420776,1,0.7432803909590715
47,0.9999966621398926,1,0.7432803909590715
47,0.9999972581863403,1,0.7432803909590715
47,0.9999090433120728,1,0.7404646280385945
47,0.9999970197677612,1,0.7432803909590715
47,0.9998525381088257,1,0.7385031343928414
47,0.9999904632568359,1,0.7432803909590715
47,0.9999736547470093,1,0.7427075173972403
47,0.9999630451202393,1,0.7423392200671306
47,0.9999985694885254,1,0.7432803909590715
47,0.999996542930603,1,0.7432803909590715
47,0.9999719858169556,1,0.7426495829857623
47,0.9999984502792358,1,0.7432803909590715
47,0.9999451637268066,1,0.7417184942298669
47,0.9999897480010986,1,0.7432661706507776
47,0.9999988079071045,1,0.7432803909590715
47,0.999996542930603,1,0.7432803909590715
47,0.999999,1,0.7432803909590715
47,0.9999903440475464,1,0.7432803909590715
47,0.9999933242797852,1,0.7432803909590715
47,0.9999886751174927,1,0.7432289271005418
47,0.999997615814209,1,0.7432803909590715
47,0.999990701675415,1,0.7432803909590715
47,0.9999979734420776,1,0.7432803909590715
47,0.999999,1,0.7432803909590715
47,0.9996296167373657,1,0.7307647522882884
47,0.9994524121284485,1,0.7246133592410059
47,0.999998927116394,1,0.7432803909590715
47,0.9999953508377075,1,0.7432803909590715
47,0.9999926090240479,1,0.7432803909590715
47,0.9985767602920532,1,0.6942164149902067
47,0.9997954964637756,1,0.7365230189719705
47,0.9999963045120239,1,0.7432803909590715
47,0.9999525547027588,1,0.7419750609092692
48,0.9999932050704956,1,0.7432803909590715
48,0.9999936819076538,1,0.7432803909590715
48,0.9946005344390869,0,0.582803091409664
48,0.999998927116394,1,0.7432803909590715
48,0.999984622001648,0,0.7430882292440953
48,0.9999971389770508,0,0.7432803909590715
48,0.9999985694885254,0,0.7432803909590715
48,0.9999983310699463,0,0.7432803909590715
48,0.999996542930603,0,0.7432803909590715
48,0.9999961853027344,0,0.7432803909590715
48,0.999999,0,0.7432803909590715
48,0.9999983310699463,0,0.7432803909590715
48,0.9999808073043823,0,0.7429558077321458
48,0.9999938011169434,1,0.7432803909590715
48,0.999984622001648,0,0.7430882292440953
48,0.9759634733200073,0,0.5613575130327414
48,0.9926468133926392,0,0.5805549538111161
48,0.9992823004722595,0,0.7187081874425048
48,0.9999910593032837,0,0.7432803909590715
48,0.9999936819076538,0,0.7432803909590715
48,0.9999988079071045,0,0.7432803909590715
48,0.9999966621398926,0,0.7432803909590715
48,0.9999792575836182,0,0.7429020114929162
48,0.9999881982803345,0,0.7432123744115481
48,0.9999876022338867,0,0.743191683550306
48,0.9999861717224121,0,0.7431420254833249
48,0.9999973773956299,0,0.7432803909590715
48,0.9999715089797974,0,0.7426330302967686
48,0.9999983310699463,0,0.7432803909590715
48,0.999998927116394,0,0.7432803909590715
48,0.9999918937683105,0,0.7432803909590715
48,0.9999879598617554,0,0.7432040980670512
48,0.999999,0,0.7432803909590715
48,0.999999,0,0.7432803909590715
48,0.9999693632125854,0,0.7425585431962971
48,0.9999911785125732,0,0.7432803909590715
48,0.999998927116394,0,0.7432803909590715
48,0.9999967813491821,0,0.7432803909590715
48,0.6297267079353333,0,0.22459893048128343
48,0.9999895095825195,1,0.7432578943062808
48,0.999999,0,0.7432803909590715
48,0.999992847442627,0,0.7432803909590715
48,0.999997615814209,0,0.7432803909590715
48,0.999974250793457,0,0.7427282082584824
49,0.9999911785125732,1,0.7432803909590715
49,0.9999984502792358,1,0.7432803909590715
49,0.999999,1,0.7432803909590715
49,0.999996542930603,1,0.7432803909590715
49,0.9999983310699463,1,0.7432803909590715
49,0.9999985694885254,1,0.7432803909590715
49,0.999999,1,0.7432803909590715
49,0.9999972581863403,1,0.7432803909590715
49,0.9999988079071045,1,0.7432803909590715
49,0.9999984502792358,1,0.7432803909590715
49,0.9999967813491821,1,0.7432803909590715
49,0.9999979734420776,1,0.7432803909590715
49,0.9999980926513672,1,0.7432803909590715
49,0.9999961853027344,1,0.7432803909590715
50,0.9999827146530151,1,0.7430220184881206
50,0.9999768733978271,1,0.7428192480479477
50,0.999996542930603,1,0.7432803909590715
50,0.9999655485153198,1,0.7424261216843475
51,0.9999983310699463,1,0.7432803909590715
51,0.9999978542327881,1,0.7432803909590715
51,0.9999822378158569,1,0.7430054657991269
51,0.999999,1,0.7432803909590715
51,0.9999970197677612,1,0.7432803909590715
51,0.9999982118606567,1,0.7432803909590715
51,0.9999985694885254,1,0.7432803909590715
51,0.9998401403427124,1,0.7380727644790054
51,0.9999986886978149,1,0.7432803909590715
51,0.9999961853027344,1,0.7432803909590715
51,0.999998927116394,1,0.7432803909590715
51,0.9999953508377075,1,0.7432803909590715
51,0.9999806880950928,1,0.7429516695598973
51,0.9999974966049194,1,0.7432803909590715
51,0.9999974966049194,1,0.7432803909590715
51,0.9999986886978149,1,0.7432803909590715
51,0.9999984502792358,0,0.7432803909590715
51,0.9999936819076538,1,0.7432803909590715
51,0.9999674558639526,1,0.7424923324403223
51,0.9999798536300659,1,0.7429227023541584
51,0.998236894607544,1,0.6824184859099496
51,0.9999986886978149,1,0.7432803909590715
51,0.9999957084655762,1,0.7432803909590715
51,0.9992170333862305,1,0.7164425381364926
51,0.9999915361404419,1,0.7432803909590715
51,0.9999955892562866,1,0.7432803909590715
51,0.9999909400939941,1,0.7432803909590715
51,0.9999774694442749,1,0.7428399389091899
51,0.9216247200965881,0,0.5068544209055762
51,0.9999549388885498,0,0.7420578243542377
51,0.46957331895828247,0,0.22459893048128343
51,0.9999295473098755,0,0.7411763936653234
51,0.9996594190597534,0,0.7317992953503943
51,0.999999,0,0.7432803909590715
51,0.9999973773956299,0,0.7432803909590715
51,0.999760091304779,0,0.7352939818141886
51,0.9998273253440857,0,0.7376279109622997
51,0.9999970197677612,0,0.7432803909590715
51,0.9999967813491821,0,0.7432803909590715
51,0.999999,0,0.7432803909590715
51,0.999998927116394,0,0.7432803909590715
51,0.999999,0,0.7432803909590715
51,0.9999041557312012,0,0.7402949629764091
51,0.999999,0,0.7432803909590715
51,0.9999984502792358,0,0.7432803909590715
51,0.9998718500137329,0,0.7391735182970861
51,0.9970124959945679,0,0.6399153187463856
51,0.999927282333374,0,0.7410977683926033
51,0.9999985694885254,0,0.7432803909590715
51,0.9999862909317017,0,0.7431461636555733
51,0.774996280670166,0,0.2688474526891261
51,0.999999,0,0.7432803909590715
51,0.9999966621398926,0,0.7432803909590715
51,0.9999504089355469,0,0.7419005738087976
51,0.999998927116394,0,0.7432803909590715
51,0.9999977350234985,0,0.7432803909590715
51,0.9999964237213135,0,0.7432803909590715
51,0.999998927116394,0,0.7432803909590715
51,0.9999920129776001,0,0.7432803909590715
51,0.9999603033065796,0,0.7422440421054168
51,0.916421115398407,0,0.5047790062487727
51,0.9999979734420776,0,0.7432803909590715
51,0.9999979734420776,0,0.7432803909590715
52,0.999994158744812,1,0.7432803909590715
52,0.9998020529747009,1,0.7367506184456338
52,0.999998927116394,1,0.7432803909590715
52,0.999998927116394,1,0.7432803909590715
52,0.999951958656311,1,0.7419543700480271
52,0.9954668283462524,1,0.5862597773733188
52,0.9986569881439209,1,0.6970014049133961
52,0.9998849630355835,1,0.7396287172444128
53,0.9999969005584717,1,0.7432803909590715
53,0.9999986886978149,1,0.7432803909590715
53,0.999999,1,0.7432803909590715
53,0.9999865293502808,1,0.7431544400000701
53,0.999994158744812,1,0.7432803909590715
53,0.9999933242797852,1,0.7432803909590715
53,0.9999927282333374,1,0.7432803909590715
53,0.999999,1,0.7432803909590715
53,0.9999985694885254,1,0.7432803909590715
53,0.9999959468841553,1,0.7432803909590715
53,0.999968409538269,1,0.7425254378183097
53,0.9999984502792358,1,0.7432803909590715
53,0.9999784231185913,1,0.7428730442871773
53,0.9999983310699463,1,0.7432803909590715
53,0.9999971389770508,1,0.7432803909590715
53,0.9999958276748657,1,0.7432803909590715
53,0.9999972581863403,1,0.7432803909590715
53,0.9999974966049194,1,0.7432803909590715
53,0.9999473094940186,1,0.7417929813303386
53,0.9999409914016724,1,0.7415736582011722
53,0.9999759197235107,1,0.7427861426699603
53,0.9999982118606567,1,0.7432803909590715
53,0.9999983310699463,1,0.7432803909590715
53,0.9999940395355225,1,0.7432803909590715
53,0.9999946355819702,1,0.7432803909590715
53,0.999999,1,0.7432803909590715
53,0.9999980926513672,1,0.7432803909590715
53,0.999999,1,0.7432803909590715
53,0.999999,1,0.7432803909590715
53,0.9999959468841553,1,0.7432803909590715
53,0.999999,1,0.7432803909590715
53,0.9999985694885254,1,0.7432803909590715
53,0.999997615814209,1,0.7432803909590715
53,0.999998927116394,0,0.7432803909590715
53,0.9999760389328003,0,0.7427902808422088
53,0.9999947547912598,0,0.7432803909590715
53,0.9999974966049194,0,0.7432803909590715
53,0.9999957084655762,0,0.7432803909590715
53,0.9999879598617554,0,0.7432040980670512
53,0.9999916553497314,0,0.7432803909590715
53,0.9999988079071045,0,0.7432803909590715
53,0.9999982118606567,0,0.7432803909590715
53,0.9999734163284302,0,0.7426992410527434
53,0.9999979734420776,0,0.7432803909590715
53,0.9999891519546509,0,0.7432454797895355
53,0.9999988079071045,0,0.7432803909590715
53,0.9999170303344727,0,0.7407418855792389
53,0.9999977350234985,0,0.7432803909590715
54,0.9999933242797852,1,0.7432803909590715
54,0.9999808073043823,0,0.7429558077321458
54,0.9999982118606567,0,0.7432803909590715
54,0.9999966621398926,0,0.7432803909590715
54,0.9999940395355225,0,0.7432803909590715
54,0.9999898672103882,0,0.743270308823026
54,0.9999663829803467,0,0.7424550888900865
54,0.9999715089797974,0,0.7426330302967686
54,0.9999951124191284,0,0.7432803909590715
54,0.9999947547912598,0,0.7432803909590715
54,0.9999963045120239,0,0.7432803909590715
54,0.999993085861206,0,0.7432803909590715
54,0.9999667406082153,0,0.7424675034068318
54,0.9987961053848267,0,0.7018306519273071
54,0.9999985694885254,0,0.7432803909590715
54,0.999997615814209,0,0.7432803909590715
54,0.999999,0,0.7432803909590715
54,0.9999939203262329,0,0.7432803909590715
54,0.9999986886978149,0,0.7432803909590715
54,0.9999912977218628,0,0.7432803909590715
54,0.9999986886978149,0,0.7432803909590715
54,0.9989821314811707,0,0.7082882697209729
54,0.9999898672103882,0,0.743270308823026
54,0.999998927116394,0,0.7432803909590715
54,0.999999,0,0.7432803909590715
54,0.9999966621398926,0,0.7432803909590715
54,0.9999932050704956,0,0.7432803909590715
54,0.9999114274978638,0,0.740547391483563
54,0.9998927116394043,0,0.7398976984405603
54,0.9999971389770508,0,0.7432803909590715
54,0.9999550580978394,0,0.7420619625264862
54,0.9999845027923584,0,0.7430840910718469
54,0.9999884366989136,0,0.7432206507560449
54,0.9810425043106079,0,0.5672019300517013
54,0.9999885559082031,0,0.7432247889282934
54,0.9999982118606567,0,0.7432803909590715
54,0.9999982118606567,0,0.7432803909590715
54,0.9999970197677612,0,0.7432803909590715
54,0.999999,0,0.7432803909590715
54,0.9999972581863403,0,0.7432803909590715
54,0.9999971389770508,0,0.7432803909590715
54,0.9999873638153076,0,0.7431834072058091
54,0.9999979734420776,0,0.7432803909590715
55,0.9987391829490662,1,0.6998546746786846
55,0.9999955892562866,1,0.7432803909590715
55,0.9999915361404419,1,0.7432803909590715
55,0.9999969005584717,1,0.7432803909590715
55,0.999997615814209,1,0.7432803909590715
55,0.9999949932098389,1,0.7432803909590715
55,0.9999988079071045,1,0.7432803909590715
55,0.9999892711639404,1,0.7432496179617839
55,0.9999971389770508,1,0.7432803909590715
55,0.9999350309371948,1,0.7413667495887509
55,0.9999899864196777,1,0.7432744469952745
55,0.9999977350234985,1,0.7432803909590715
55,0.9999961853027344,1,0.7432803909590715
55,0.9999967813491821,1,0.7432803909590715
55,0.9999949932098389,1,0.7432803909590715
55,0.9976155757904053,1,0.6608503321511632
55,0.9999988079071045,1,0.7432803909590715
55,0.999998927116394,1,0.7432803909590715
55,0.9999963045120239,1,0.7432803909590715
55,0.9999970197677612,1,0.7432803909590715
55,0.9999829530715942,1,0.7430302948326174
55,0.9999957084655762,1,0.7432803909590715
55,0.9998466968536377,1,0.7383003639526686
55,0.999999,1,0.7432803909590715
55,0.9999902248382568,1,0.7432803909590715
55,0.5026452541351318,1,0.22459893048128343
55,0.993813157081604,1,0.5818970599960079
55,0.9999929666519165,1,0.7432803909590715
55,0.9999984502792358,1,0.7432803909590715
55,0.9933881759643555,1,0.5814080362276985
55,0.9999473094940186,1,0.7417929813303386
55,0.9999986886978149,1,0.7432803909590715
55,0.9999988079071045,1,0.7432803909590715
55,0.9999891519546509,1,0.7432454797895355
55,0.9999979734420776,1,0.7432803909590715
55,0.9999872446060181,1,0.7431792690335607
55,0.9999915361404419,1,0.7432803909590715
55,0.999999,1,0.7432803909590715
55,0.9999446868896484,1,0.7417019415408732
55,0.9999980926513672,1,0.7432803909590715
55,0.9999982118606567,1,0.7432803909590715
55,0.9999966621398926,1,0.7432803909590715
55,0.9998087286949158,1,0.7369823560915456
55,0.999992847442627,1,0.7432803909590715
55,0.9999954700469971,1,0.7432803909590715
55,0.9999922513961792,1,0.7432803909590715
55,0.999999,1,0.7432803909590715
55,0.9999971389770508,1,0.7432803909590715
55,0.9999978542327881,1,0.7432803909590715
55,0.999999,1,0.7432803909590715
55,0.9999983310699463,1,0.7432803909590715
55,0.9999909400939941,1,0.7432803909590715
55,0.9999927282333374,1,0.7432803909590715
55,0.9999985694885254,1,0.7432803909590715
56,0.9999828338623047,1,0.743026156660369
56,0.9999921321868896,1,0.7432803909590715
56,0.9999920129776001,1,0.7432803909590715
56,0.9999896287918091,1,0.7432620324785292
56,0.9999974966049194,1,0.7432803909590715
56,0.9999849796295166,1,0.7431006437608406
56,0.9998610019683838,1,0.7387969446224796
56,0.9999963045120239,1,0.7432803909590715
56,0.999997615814209,1,0.7432803909590715
56,0.3238021731376648,0,0.22459893048128343
56,0.0009869496570900083,1,0.22459893048128343
56,0.9999979734420776,1,0.7432803909590715
56,0.9999977350234985,1,0.7432803909590715
56,0.9999960660934448,1,0.7432803909590715
56,0.9999911785125732,1,0.7432803909590715
56,0.9359965324401855,1,0.5153677425615494
56,0.9995490908622742,1,0.7279694169344779
56,0.9999926090240479,1,0.7432803909590715
56,0.9999910593032837,1,0.7432803909590715
56,0.999999,1,0.7432803909590715
56,0.9999979734420776,1,0.7432803909590715
56,0.9999960660934448,1,0.7432803909590715
56,0.9998064637184143,1,0.7369037308188255
56,0.9999920129776001,1,0.7432803909590715
56,0.9999903440475464,1,0.7432803909590715
56,0.9999963045120239,1,0.7432803909590715
56,0.9999985694885254,1,0.7432803909590715
56,0.999999,1,0.7432803909590715
56,0.9999974966049194,1,0.7432803909590715
56,0.9999980926513672,1,0.7432803909590715
56,0.9999947547912598,1,0.7432803909590715
56,0.9999977350234985,1,0.7432803909590715
56,0.9999860525131226,1,0.7431378873110764
56,0.9999935626983643,1,0.7432803909590715
56,0.9999967813491821,1,0.7432803909590715
56,0.9999982118606567,1,0.7432803909590715
56,0.9999977350234985,1,0.7432803909590715
56,0.9999966621398926,1,0.7432803909590715
56,0.9999978542327881,1,0.7432803909590715
56,0.999999,1,0.7432803909590715
56,0.5073009729385376,0,0.22459893048128343
56,3.895308054779889e-06,0,0.22459893048128343
56,0.9999959468841553,0,0.7432803909590715
56,0.9999568462371826,0,0.7421240351102125
56,0.9999903440475464,0,0.7432803909590715
56,0.9985421895980835,0,0.6930163450381638
56,0.9014102816581726,0,0.49489405509884077
57,0.9718793034553528,1,0.5566578780217554
57,0.9999954700469971,1,0.7432803909590715
57,0.9999819993972778,1,0.74299718945463
57,0.9999876022338867,1,0.743191683550306
57,0.7704137563705444,0,0.2603488031613998
57,0.9232032895088196,0,0.5074840202477537
57,0.9996334314346313,0,0.7308971738002379
57,0.9999878406524658,0,0.7431999598948028
57,0.9999947547912598,0,0.7432803909590715
57,0.9999970197677612,0,0.7432803909590715
57,0.999999,0,0.7432803909590715
57,0.9999916553497314,0,0.7432803909590715
57,0.9667405486106873,0,0.5507447370454538
57,0.9995967745780945,0,0.7296246858338475
57,0.9994702935218811,0,0.7252340850782696
57,0.9999967813491821,0,0.7432803909590715
57,0.9998106360435486,0,0.7370485668475204
57,0.9999748468399048,0,0.7427488991197245
57,0.9999899864196777,0,0.7432744469952745
58,0.999997615814209,1,0.7432803909590715
58,0.9999986886978149,1,0.7432803909590715
58,0.999999,1,0.7432803909590715
58,0.999999,1,0.7432803909590715
58,0.9999830722808838,1,0.7430344330048658
58,0.9999934434890747,1,0.7432803909590715
58,0.9999980926513672,1,0.7432803909590715
58,0.9999970197677612,1,0.7432803909590715
58,0.999995231628418,1,0.7432803909590715
58,0.9999352693557739,1,0.7413750259332478
58,0.9999978542327881,1,0.7432803909590715
58,0.999995231628418,1,0.7432803909590715
58,0.9999988079071045,1,0.7432803909590715
58,0.9999977350234985,1,0.7432803909590715
58,0.9999969005584717,1,0.7432803909590715
58,0.9999797344207764,1,0.7429185641819099
58,0.9999984502792358,1,0.7432803909590715
58,0.9999959468841553,1,0.7432803909590715
58,0.999996542930603,1,0.7432803909590715
58,0.9999910593032837,1,0.7432803909590715
58,0.999999,1,0.7432803909590715
58,0.9999977350234985,1,0.7432803909590715
58,0.9999983310699463,1,0.7432803909590715
58,0.999999,1,0.7432803909590715
58,0.9999865293502808,1,0.7431544400000701
58,0.9999988079071045,1,0.7432803909590715
58,0.9999957084655762,1,0.7432803909590715
58,0.9999910593032837,1,0.7432803909590715
58,0.9999833106994629,1,0.7430427093493627
58,0.999999,1,0.7432803909590715
58,0.9999961853027344,1,0.7432803909590715
58,0.9999942779541016,1,0.7432803909590715
58,0.9999319314956665,1,0.7412591571102919
58,0.9999796152114868,1,0.7429144260096615
58,0.9999910593032837,1,0.7432803909590715
58,0.9999914169311523,1,0.7432803909590715
58,0.9999922513961792,1,0.7432803909590715
58,0.9999924898147583,1,0.7432803909590715
58,0.9999951124191284,1,0.7432803909590715
58,0.9999982118606567,1,0.7432803909590715
58,0.999997615814209,1,0.7432803909590715
58,0.999954342842102,1,0.7420371334929956
58,0.999999,1,0.7432803909590715
58,0.999999,1,0.7432803909590715
58,0.9999978542327881,1,0.7432803909590715
58,0.9999943971633911,1,0.7432803909590715
59,0.9999977350234985,1,0.7432803909590715
59,0.9999963045120239,1,0.7432803909590715
59,0.9999979734420776,1,0.7432803909590715
59,0.9999936819076538,1,0.7432803909590715
59,0.9999750852584839,1,0.7427571754642214
59,0.9999986886978149,1,0.7432803909590715
59,0.9999974966049194,1,0.7432803909590715
59,0.9999977350234985,1,0.7432803909590715
59,0.999999,1,0.7432803909590715
59,0.9999973773956299,1,0.7432803909590715
59,0.999996542930603,1,0.7432803909590715
59,0.999999,1,0.7432803909590715
59,0.9999988079071045,1,0.7432803909590715
59,0.9999988079071045,1,0.7432803909590715
59,0.9999978542327881,1,0.7432803909590715
59,0.9999973773956299,1,0.7432803909590715
59,0.999999,1,0.7432803909590715
59,0.9999986886978149,1,0.7432803909590715
59,0.9999973773956299,1,0.7432803909590715
59,0.9999567270278931,1,0.7421198969379641
59,0.9999935626983643,1,0.7432803909590715
59,0.999996542930603,1,0.7432803909590715
59,0.999990701675415,1,0.7432803909590715
59,0.9999983310699463,1,0.7432803909590715
59,0.9999957084655762,1,0.7432803909590715
59,0.9999973773956299,1,0.7432803909590715
59,0.9999964237213135,1,0.7432803909590715
59,0.9999978542327881,1,0.7432803909590715
59,0.9999974966049194,1,0.7432803909590715
59,0.999999,1,0.7432803909590715
59,0.999998927116394,1,0.7432803909590715
59,0.9999985694885254,1,0.7432803909590715
59,0.9999978542327881,1,0.7432803909590715
59,0.9999128580093384,1,0.7405970495505441
59,0.9999933242797852,1,0.7432803909590715
59,0.9999984502792358,1,0.7432803909590715
59,0.999999,1,0.7432803909590715
59,0.999999,1,0.7432803909590715
59,0.999937891960144,1,0.7414660657227131
59,0.999996542930603,1,0.7432803909590715
59,0.9999963045120239,1,0.7432803909590715
59,0.9999881982803345,1,0.7432123744115481
59,0.9999929666519165,1,0.7432803909590715
59,0.999999,1,0.7432803909590715
59,0.9999949932098389,1,0.7432803909590715
59,0.999999,1,0.7432803909590715
59,0.9999942779541016,1,0.7432803909590715
59,0.9999986886978149,1,0.7432803909590715
60,0.9999865293502808,1,0.7431544400000701
60,0.9884440302848816,1,0.5757188311004195
60,0.9999434947967529,1,0.7416605598183891
60,0.9999984502792358,1,0.7432803909590715
60,0.9999959468841553,1,0.7432803909590715
60,0.9999908208847046,1,0.7432803909590715
60,0.9999983310699463,1,0.7432803909590715
60,0.9999945163726807,1,0.7432803909590715
60,0.9993795156478882,1,0.7220828669110946
60,0.9999988079071045,1,0.7432803909590715
60,0.9999754428863525,0,0.7427695899809666
60,0.9999842643737793,0,0.7430758147273501
60,0.9999864101409912,0,0.7431503018278217
60,0.9999985694885254,1,0.7432803909590715
60,0.9999988079071045,0,0.7432803909590715
60,0.9999885559082031,0,0.7432247889282934
60,0.9996137022972107,0,0.7302123062931237
60,0.9999929666519165,1,0.7432803909590715
60,0.9054031372070312,0,0.5003845768574093
60,0.9999825954437256,0,0.7430178803158721
60,0.9999982118606567,0,0.7432803909590715
60,0.9999986886978149,0,0.7432803909590715
60,0.9999963045120239,0,0.7432803909590715
60,0.9999305009841919,0,0.7412094990433108
60,0.9999960660934448,0,0.7432803909590715
60,0.999997615814209,0,0.7432803909590715
60,0.999913215637207,0,0.7406094640672893
60,0.9999979734420776,1,0.7432803909590715
60,0.9999979734420776,0,0.7432803909590715
60,0.9769133925437927,0,0.5624505806057495
60,0.990243136882782,0,0.5777890545818574
60,0.9999617338180542,0,0.7422937001723979
60,0.9999828338623047,0,0.743026156660369
60,0.9999902248382568,0,0.7432803909590715
60,0.9999980926513672,0,0.7432803909590715
60,0.999998927116394,0,0.7432803909590715
60,0.9999953508377075,0,0.7432803909590715
60,0.9999809265136719,0,0.7429599459043942
60,0.9999943971633911,0,0.7432803909590715
60,0.999996542930603,0,0.7432803909590715
60,0.9999980926513672,0,0.7432803909590715
60,0.999999,0,0.7432803909590715
60,0.9999955892562866,0,0.7432803909590715
60,0.9999980926513672,0,0.7432803909590715
60,0.9999850988388062,0,0.743104781933089
60,0.999999,0,0.7432803909590715
60,0.999999,0,0.7432803909590715
60,0.9999977350234985,0,0.7432803909590715
60,0.9999794960021973,0,0.7429102878374131
60,0.999999,0,0.7432803909590715
61,0.36190202832221985,0,0.22459893048128343
61,1e-06,1,0.22459893048128343
61,1e-06,1,0.22459893048128343
61,1e-06,1,0.22459893048128343
61,1.0270769962517079e-05,1,0.22459893048128343
61,0.9999980926513672,1,0.7432803909590715
61,0.9999829530715942,1,0.7430302948326174
61,0.999998927116394,1,0.7432803909590715
61,0.999998927116394,1,0.7432803909590715
61,0.9999984502792358,1,0.7432803909590715
61,0.9999948740005493,1,0.7432803909590715
61,0.999999,1,0.7432803909590715
61,0.9999921321868896,1,0.7432803909590715
61,0.999988317489624,1,0.7432165125837965
61,0.9999955892562866,1,0.7432803909590715
61,0.9999967813491821,1,0.7432803909590715
61,0.9999967813491821,1,0.7432803909590715
61,0.9999973773956299,1,0.7432803909590715
61,0.9999958276748657,1,0.7432803909590715
61,0.9999984502792358,1,0.7432803909590715
61,0.9999934434890747,1,0.7432803909590715
61,0.9999988079071045,1,0.7432803909590715
61,0.9999984502792358,1,0.7432803909590715
61,0.9999985694885254,1,0.7432803909590715
61,0.9999943971633911,1,0.7432803909590715
61,0.9999980926513672,1,0.7432803909590715
61,0.9999635219573975,1,0.7423557727561243
61,0.9999986886978149,1,0.7432803909590715
61,0.9999982118606567,1,0.7432803909590715
61,0.9999958276748657,1,0.7432803909590715
61,0.999875545501709,1,0.7393018016367873
61,0.9999974966049194,1,0.7432803909590715
61,0.9999963045120239,1,0.7432803909590715
61,0.9999850988388062,1,0.743104781933089
61,0.999998927116394,1,0.7432803909590715
61,0.9999557733535767,1,0.7420867915599767
61,0.9996627569198608,1,0.7319151641733502
61,0.9999942779541016,1,0.7432803909590715
61,0.9999971389770508,1,0.7432803909590715
61,0.9999977350234985,1,0.7432803909590715
61,0.9999988079071045,1,0.7432803909590715
61,0.9999984502792358,1,0.7432803909590715
61,0.9891833066940308,1,0.5765695129795698
61,0.999991774559021,1,0.7432803909590715
61,0.999998927116394,1,0.7432803909590715
61,0.9999988079071045,1,0.7432803909590715
61,0.9999740123748779,1,0.7427199319139856
61,0.999998927116394,1,0.7432803909590715
61,0.9999954700469971,1,0.7432803909590715
61,0.9999951124191284,1,0.7432803909590715
61,0.9999972581863403,1,0.7432803909590715
61,0.9999949932098389,1,0.7432803909590715
61,0.999999,1,0.7432803909590715
61,0.9999948740005493,1,0.7432803909590715
61,0.9999988079071045,1,0.7432803909590715
61,0.9999942779541016,1,0.7432803909590715
61,0.9999972581863403,1,0.7432803909590715
61,0.999992847442627,1,0.7432803909590715
61,0.9999880790710449,1,0.7432082362392997
61,0.9999984502792358,1,0.7432803909590715
61,0.9999951124191284,1,0.7432803909590715
61,0.9999963045120239,1,0.7432803909590715
61,0.9999947547912598,1,0.7432803909590715
61,0.9999946355819702,1,0.7432803909590715
61,0.9844295978546143,1,0.5710994426264491
61,0.7997146248817444,1,0.3146895542525054
61,0.9999985694885254,1,0.7432803909590715
61,0.9999963045120239,1,0.7432803909590715
61,0.9999548196792603,1,0.7420536861819893
61,0.6128635406494141,0,0.22459893048128343
61,0.9999443292617798,0,0.741689527024128
62,0.9999948740005493,1,0.7432803909590715
62,0.9999898672103882,1,0.743270308823026
62,0.9995856881141663,1,0.729239835814744
62,0.9999946355819702,1,0.7432803909590715
62,0.9999918937683105,1,0.7432803909590715
62,0.999998927116394,1,0.7432803909590715
62,0.9999959468841553,1,0.7432803909590715
62,0.9999977350234985,1,0.7432803909590715
62,0.999996542930603,1,0.7432803909590715
62,0.9999986886978149,1,0.7432803909590715
62,0.9999964237213135,1,0.7432803909590715
62,0.999998927116394,1,0.7432803909590715
62,0.9999954700469971,1,0.7432803909590715
62,0.9999985694885254,1,0.7432803909590715
62,0.999999,1,0.7432803909590715
62,0.9999887943267822,1,0.7432330652727902
62,0.999999,1,0.7432803909590715
62,0.9999938011169434,1,0.7432803909590715
62,0.9999951124191284,1,0.7432803909590715
62,0.9999881982803345,1,0.7432123744115481
62,0.9999243021011353,1,0.7409943140863927
62,0.999955415725708,1,0.7420743770432314
62,0.9999909400939941,1,0.7432803909590715
62,0.999999,1,0.7432803909590715
62,0.9999971389770508,1,0.7432803909590715
62,0.9999967813491821,1,0.7432803909590715
62,0.9999955892562866,1,0.7432803909590715
62,0.9999974966049194,1,0.7432803909590715
62,0.9999549388885498,1,0.7420578243542377
62,0.9998794794082642,1,0.7394383613209853
62,0.9999984502792358,1,0.7432803909590715
62,0.9999973773956299,1,0.7432803909590715
62,0.9999954700469971,1,0.7432803909590715
62,0.9999982118606567,1,0.7432803909590715
62,0.999999,1,0.7432803909590715
62,0.9999574422836304,1,0.7421447259714546
62,0.999996542930603,1,0.7432803909590715
62,0.9999988079071045,1,0.7432803909590715
62,0.999998927116394,1,0.7432803909590715
62,0.9999970197677612,1,0.7432803909590715
62,0.9999986886978149,1,0.7432803909590715
63,0.9999338388442993,1,0.7413253678662667
63,0.9997612833976746,1,0.7353353635366728
63,0.9999853372573853,1,0.7431130582775859
63,0.9999986886978149,1,0.7432803909590715
63,0.9999953508377075,1,0.7432803909590715
63,0.999998927116394,1,0.7432803909590715
63,0.9993570446968079,1,0.7213028214422667
63,0.999735414981842,1,0.7344373801587648
63,0.999999,1,0.7432803909590715
63,0.9983831644058228,1,0.687496023258766
63,0.999998927116394,1,0.7432803909590715
63,0.9961989521980286,1,0.6116743622370154
63,0.999993085861206,1,0.7432803909590715
63,0.999998927116394,1,0.7432803909590715
63,0.9999920129776001,1,0.7432803909590715
63,0.9999929666519165,1,0.7432803909590715
63,0.9999980926513672,1,0.7432803909590715
63,0.9999444484710693,1,0.7416936651963764
63,0.9999970197677612,1,0.7432803909590715
63,0.9999608993530273,1,0.742264732966659
63,0.9999985694885254,1,0.7432803909590715
63,0.9999985694885254,1,0.7432803909590715
63,0.9999983310699463,1,0.7432803909590715
63,0.9999945163726807,1,0.7432803909590715
63,0.9999974966049194,1,0.7432803909590715
63,0.9999986886978149,1,0.7432803909590715
63,0.9999935626983643,1,0.7432803909590715
63,0.999997615814209,1,0.7432803909590715
63,0.9999938011169434,1,0.7432803909590715
63,0.9999974966049194,1,0.7432803909590715
63,0.9999942779541016,1,0.7432803909590715
63,0.9999988079071045,1,0.7432803909590715
63,0.9999985694885254,1,0.7432803909590715
63,0.999999,1,0.7432803909590715
63,0.9999946355819702,1,0.7432803909590715
63,0.999999,1,0.7432803909590715
63,0.9999946355819702,1,0.7432803909590715
63,0.9999902248382568,1,0.7432803909590715
63,0.7952505946159363,1,0.3064106611731171
63,0.9999927282333374,1,0.7432803909590715
63,0.9999947547912598,1,0.7432803909590715
63,0.9999972581863403,1,0.7432803909590715
63,0.9999974966049194,1,0.7432803909590715
63,0.999991774559021,1,0.7432803909590715
63,0.9999946355819702,1,0.7432803909590715
63,0.9999986886978149,1,0.7432803909590715
63,0.9999986886978149,1,0.7432803909590715
63,0.999999,1,0.7432803909590715
63,0.9999971389770508,1,0.7432803909590715
63,0.9998779296875,1,0.7393845650817558
63,0.9999988079071045,1,0.7432803909590715
63,0.999998927116394,1,0.7432803909590715
63,0.9999978542327881,1,0.7432803909590715
63,0.9999973773956299,1,0.7432803909590715
63,0.9999982118606567,1,0.7432803909590715
63,0.9999961853027344,1,0.7432803909590715
63,0.999998927116394,1,0.7432803909590715
63,0.9999816417694092,1,0.7429847749378847
63,0.9999977350234985,1,0.7432803909590715
63,0.9999904632568359,1,0.7432803909590715
63,0.999999,1,0.7432803909590715
63,0.9999915361404419,1,0.7432803909590715
63,0.9999988079071045,1,0.7432803909590715
63,0.9999905824661255,1,0.7432803909590715
63,0.999999,1,0.7432803909590715
63,0.9999916553497314,1,0.7432803909590715
63,0.9999982118606567,1,0.7432803909590715
63,0.9999872446060181,1,0.7431792690335607
63,0.9999983310699463,1,0.7432803909590715
63,0.9999974966049194,1,0.7432803909590715
63,0.9999985694885254,1,0.7432803909590715
63,0.999999,1,0.7432803909590715
63,0.9999508857727051,0,0.7419171264977913
63,0.9999939203262329,1,0.7432803909590715
63,0.9999984502792358,1,0.7432803909590715
63,0.999999,1,0.7432803909590715
63,0.9999960660934448,1,0.7432803909590715
63,0.9999970197677612,1,0.7432803909590715
63,0.9999631643295288,1,0.742343358239379
63,0.999996542930603,1,0.7432803909590715
63,0.9999988079071045,1,0.7432803909590715
63,0.9996957778930664,1,0.7330614378861637
64,0.9999502897262573,1,0.7418964356365492
64,0.9999489784240723,1,0.7418509157418165
64,0.9999966621398926,1,0.7432803909590715
64,0.9999986886978149,1,0.7432803909590715
64,0.999977707862854,1,0.7428482152536867
64,0.999999,1,0.7432803909590715
64,0.9999948740005493,1,0.7432803909590715
64,0.9999892711639404,1,0.7432496179617839
64,0.9999817609786987,1,0.7429889131101332
64,0.9999653100967407,1,0.7424178453398507
64,0.9999938011169434,1,0.7432803909590715
64,0.9999977350234985,1,0.7432803909590715
64,0.9999964237213135,1,0.7432803909590715
64,0.9999979734420776,1,0.7432803909590715
64,0.9999929666519165,1,0.7432803909590715
64,0.9999892711639404,1,0.7432496179617839
64,0.9999822378158569,1,0.7430054657991269
64,0.9999947547912598,1,0.7432803909590715
64,0.9999973773956299,1,0.7432803909590715
64,0.999999,1,0.7432803909590715
64,0.9999980926513672,1,0.7432803909590715
64,0.999998927116394,1,0.7432803909590715
64,0.999999,1,0.7432803909590715
64,0.9999963045120239,1,0.7432803909590715
64,0.9999971389770508,1,0.7432803909590715
64,0.9999973773956299,1,0.7432803909590715
64,0.9999878406524658,1,0.7431999598948028
64,0.9997311234474182,0,0.7342884059578215
64,0.9999979734420776,0,0.7432803909590715
64,0.9999980926513672,0,0.7432803909590715
64,0.999999,0,0.7432803909590715
64,0.999999,0,0.7432803909590715
64,0.9999877214431763,0,0.7431958217225544
64,0.9999967813491821,0,0.7432803909590715
64,0.9999961853027344,0,0.7432803909590715
64,0.9999984502792358,0,0.7432803909590715
64,0.9999979734420776,0,0.7432803909590715
64,0.9999979734420776,0,0.7432803909590715
64,0.9999985694885254,0,0.7432803909590715
64,0.9999767541885376,0,0.7428151098756993
64,0.9999940395355225,0,0.7432803909590715
64,0.9999929666519165,0,0.7432803909590715
64,0.9999985694885254,0,0.7432803909590715
65,0.999995231628418,1,0.7432803909590715
65,0.9864643812179565,1,0.5734408582509298
65,0.9997707009315491,1,0.7356622791442983
65,0.9999970197677612,1,0.7432803909590715
65,0.999995231628418,1,0.7432803909590715
65,0.9999979734420776,1,0.7432803909590715
65,0.999993085861206,1,0.7432803909590715
65,0.999999,1,0.7432803909590715
65,0.9999977350234985,1,0.7432803909590715
65,0.9999988079071045,1,0.7432803909590715
65,0.9999978542327881,1,0.7432803909590715
65,0.999999,1,0.7432803909590715
65,0.999999,1,0.7432803909590715
65,0.999999,1,0.7432803909590715
65,0.999999,1,0.7432803909590715
65,0.9999984502792358,1,0.7432803909590715
65,0.9999973773956299,1,0.7432803909590715
65,0.9999983310699463,1,0.7432803909590715
65,0.9999978542327881,1,0.7432803909590715
65,0.9999948740005493,1,0.7432803909590715
65,0.999998927116394,1,0.7432803909590715
65,0.637933075428009,1,0.22459893048128343
65,0.9999969005584717,1,0.7432803909590715
65,0.9999988079071045,1,0.7432803909590715
65,0.999999,1,0.7432803909590715
65,0.9999984502792358,1,0.7432803909590715
65,0.9999891519546509,1,0.7432454797895355
65,0.9999983310699463,1,0.7432803909590715
65,0.9999895095825195,1,0.7432578943062808
65,0.999999,1,0.7432803909590715
65,0.9999938011169434,1,0.7432803909590715
65,0.999999,1,0.7432803909590715
65,0.9999985694885254,1,0.7432803909590715
65,0.9999598264694214,1,0.7422274894164231
65,0.9999966621398926,1,0.7432803909590715
65,0.9999765157699585,1,0.7428068335312025
65,0.9999969005584717,1,0.7432803909590715
65,0.9999803304672241,1,0.7429392550431521
65,0.9999912977218628,1,0.7432803909590715
65,0.9999966621398926,1,0.7432803909590715
65,0.999999,1,0.7432803909590715
65,0.999999,1,0.7432803909590715
65,0.999998927116394,1,0.7432803909590715
65,0.9991579055786133,1,0.7143900047012742
65,0.9999982118606567,1,0.7432803909590715
65,0.9788554310798645,1,0.5646852751946777
65,0.8232720494270325,1,0.3583786395461268
65,0.9993707537651062,1,0.7217787112508355
66,0.9999983310699463,1,0.7432803909590715
66,0.999998927116394,1,0.7432803909590715
66,0.9999967813491821,1,0.7432803909590715
66,0.9999984502792358,1,0.7432803909590715
66,0.9999967813491821,1,0.7432803909590715
66,0.9999984502792358,1,0.7432803909590715
66,0.999975323677063,1,0.7427654518087182
66,0.9999964237213135,1,0.7432803909590715
66,0.999994158744812,1,0.7432803909590715
66,0.9999970197677612,1,0.7432803909590715
66,0.9999938011169434,1,0.7432803909590715
66,0.9999983310699463,1,0.7432803909590715
66,0.9999982118606567,1,0.7432803909590715
66,0.9999738931655884,1,0.7427157937417371
66,0.9999923706054688,1,0.7432803909590715
66,0.9999915361404419,1,0.7432803909590715
66,0.999998927116394,1,0.7432803909590715
66,0.9999969005584717,1,0.7432803909590715
66,0.999999,1,0.7432803909590715
66,0.9999985694885254,1,0.7432803909590715
66,0.9999983310699463,1,0.7432803909590715
66,0.9999986886978149,1,0.7432803909590715
66,0.9999983310699463,1,0.7432803909590715
66,0.999997615814209,1,0.7432803909590715
66,0.999999,1,0.7432803909590715
66,0.999997615814209,1,0.7432803909590715
66,0.9999973773956299,1,0.7432803909590715
66,0.9999973773956299,1,0.7432803909590715
66,0.999990701675415,1,0.7432803909590715
66,0.9999945163726807,1,0.7432803909590715
66,0.9999921321868896,1,0.7432803909590715
66,0.9999940395355225,1,0.7432803909590715
66,0.999996542930603,1,0.7432803909590715
66,0.9999982118606567,1,0.7432803909590715
66,0.9999977350234985,1,0.7432803909590715
66,0.9999988079071045,1,0.7432803909590715
66,0.9999361038208008,1,0.7414039931389867
66,0.9999955892562866,1,0.7432803909590715
66,0.9999969005584717,1,0.7432803909590715
66,0.9999450445175171,1,0.7417143560576185
66,0.9999336004257202,1,0.7413170915217698
66,0.9999961853027344,1,0.7432803909590715
66,0.999999,1,0.7432803909590715
66,0.9999889135360718,1,0.7432372034450386
66,0.9999967813491821,1,0.7432803909590715
66,0.9999983310699463,1,0.7432803909590715
66,0.9999879598617554,1,0.7432040980670512
66,0.9999951124191284,1,0.7432803909590715
66,0.999999,1,0.7432803909590715
66,0.999994158744812,1,0.7432803909590715
66,0.9999850988388062,1,0.743104781933089
66,0.9999974966049194,1,0.7432803909590715
66,0.9999963045120239,1,0.7432803909590715
66,0.999999,1,0.7432803909590715
66,0.9999877214431763,1,0.7431958217225544
66,0.999999,1,0.7432803909590715
66,0.9999985694885254,1,0.7432803909590715
66,0.9999960660934448,1,0.7432803909590715
66,0.9999979734420776,1,0.7432803909590715
66,0.9999110698699951,1,0.7405349769668177
66,0.999992847442627,1,0.7432803909590715
66,0.9999934434890747,1,0.7432803909590715
66,0.9999988079071045,1,0.7432803909590715
66,0.9999735355377197,1,0.7427033792249919
66,0.9999333620071411,1,0.741308815177273
66,0.9999755620956421,1,0.7427737281532151
66,0.999999,1,0.7432803909590715
67,0.9999978542327881,1,0.7432803909590715
67,0.9933143258094788,1,0.5813230572026024
67,0.9980699419975281,1,0.6766229756760317
67,0.9999984502792358,1,0.7432803909590715
67,0.999997615814209,1,0.7432803909590715
67,0.9999932050704956,1,0.7432803909590715
67,0.9999982118606567,1,0.7432803909590715
67,0.9999719858169556,1,0.7426495829857623
67,0.9949925541877747,1,0.5832541866865464
67,0.9999858140945435,1,0.7431296109665796
67,0.9999926090240479,1,0.7432803909590715
67,0.9999988079071045,1,0.7432803909590715
67,0.9999982118606567,1,0.7432803909590715
67,0.9999985694885254,1,0.7432803909590715
67,0.999999,1,0.7432803909590715
67,0.9999982118606567,1,0.7432803909590715
67,0.9999983310699463,1,0.7432803909590715
67,0.9999983310699463,1,0.7432803909590715
67,0.9999985694885254,1,0.7432803909590715
67,0.999997615814209,1,0.7432803909590715
67,0.9999977350234985,1,0.7432803909590715
67,0.9864066243171692,1,0.5733743976574527
67,0.9999961853027344,1,0.7432803909590715
67,0.9999886751174927,1,0.7432289271005418
67,0.9999963045120239,1,0.7432803909590715
67,0.999996542930603,1,0.7432803909590715
67,0.9996713399887085,1,0.7322131125752368
67,0.9999176263809204,1,0.740762576440481
67,0.9999667406082153,1,0.7424675034068318
67,0.999999,1,0.7432803909590715
67,0.9999967813491821,1,0.7432803909590715
67,0.9999939203262329,1,0.7432803909590715
67,0.9999910593032837,1,0.7432803909590715
67,0.9999768733978271,1,0.7428192480479477
68,0.9999969005584717,1,0.7432803909590715
68,0.9999938011169434,1,0.7432803909590715
68,0.999999,1,0.7432803909590715
68,0.9999895095825195,1,0.7432578943062808
68,0.9999978542327881,1,0.7432803909590715
68,0.999999,1,0.7432803909590715
68,0.999998927116394,1,0.7432803909590715
68,0.9999575614929199,1,0.7421488641437031
68,0.9999977350234985,1,0.7432803909590715
68,0.9998675584793091,1,0.7390245440961428
68,0.999999,1,0.7432803909590715
68,0.9999947547912598,1,0.7432803909590715
68,0.9999467134475708,0,0.7417722904690964
68,0.9999707937240601,0,0.7426082012632781
68,0.9999948740005493,0,0.7432803909590715
68,0.9999340772628784,0,0.7413336442107635
68,0.9998056292533875,0,0.7368747636130866
68,0.9999837875366211,0,0.7430592620383564
68,0.9999959468841553,0,0.7432803909590715
68,0.9999988079071045,0,0.7432803909590715
68,0.9999071359634399,0,0.7403984172826197
68,0.9999983310699463,0,0.7432803909590715
68,0.7547891139984131,0,0.23137168251028364
68,0.9999986886978149,0,0.7432803909590715
68,0.9999978542327881,0,0.7432803909590715
68,0.9999980926513672,0,0.7432803909590715
68,0.9999933242797852,0,0.7432803909590715
68,0.62956303358078,0,0.22459893048128343
68,0.9999973773956299,0,0.7432803909590715
68,0.9999945163726807,0,0.7432803909590715
68,0.9999396800994873,0,0.7415281383064395
68,0.9999970197677612,0,0.7432803909590715
68,0.9999170303344727,0,0.7407418855792389
68,0.9999980926513672,0,0.7432803909590715
68,0.9999985694885254,0,0.7432803909590715
68,0.999999,0,0.7432803909590715
68,0.9999988079071045,0,0.7432803909590715
68,0.9999983310699463,0,0.7432803909590715
68,0.9999955892562866,0,0.7432803909590715
68,0.9999985694885254,0,0.7432803909590715
68,0.9995670914649963,0,0.7285942809439899
68,0.9881269335746765,0,0.5753539494107412
68,0.9999839067459106,1,0.7430634002106048
68,0.9999808073043823,1,0.7429558077321458
68,0.9999686479568481,1,0.7425337141628066
68,0.9999983310699463,1,0.7432803909590715
68,0.9999878406524658,1,0.7431999598948028
68,0.999999,1,0.7432803909590715
69,0.9999563694000244,1,0.7421074824212188
69,0.9999959468841553,1,0.7432803909590715
69,0.9999942779541016,1,0.7432803909590715
69,0.9999963045120239,1,0.7432803909590715
69,0.9999977350234985,1,0.7432803909590715
69,0.9999974966049194,1,0.7432803909590715
69,0.9999984502792358,1,0.7432803909590715
69,0.9999972581863403,1,0.7432803909590715
69,0.9999518394470215,1,0.7419502318757787
69,0.999998927116394,1,0.7432803909590715
69,0.9999986886978149,1,0.7432803909590715
69,0.9999932050704956,1,0.7432803909590715
69,0.9999974966049194,1,0.7432803909590715
69,0.9999412298202515,1,0.741581934545669
69,0.9994471669197083,1,0.7244312796620753
69,0.9999674558639526,1,0.7424923324403223
69,0.999998927116394,1,0.7432803909590715
69,0.9999867677688599,1,0.743162716344567
69,0.9999967813491821,1,0.7432803909590715
69,0.9999885559082031,1,0.7432247889282934
69,0.962546169757843,0,0.5459182850712694
69,0.9999527931213379,0,0.7419833372537661
69,0.997124969959259,0,0.6438196842627738
69,0.6857045888900757,0,0.22459893048128343
69,0.99998939037323,0,0.7432537561340323
69,0.9999988079071045,0,0.7432803909590715
69,0.9999978542327881,0,0.7432803909590715
69,0.9999922513961792,0,0.7432803909590715
69,0.9999978542327881,1,0.7432803909590715
69,0.9999967813491821,0,0.7432803909590715
69,0.9999986886978149,0,0.7432803909590715
69,0.9999985694885254,0,0.7432803909590715
69,0.57961505651474,0,0.22459893048128343
69,0.9999884366989136,0,0.7432206507560449
69,0.9999767541885376,0,0.7428151098756993
69,0.9999054670333862,0,0.7403404828711417
69,0.9999920129776001,0,0.7432803909590715
69,0.9999978542327881,0,0.7432803909590715
69,0.9999949932098389,1,0.7432803909590715
69,0.9999727010726929,0,0.7426744120192529
69,0.9999957084655762,0,0.7432803909590715
69,0.9999984502792358,0,0.7432803909590715
69,0.9999972581863403,0,0.7432803909590715
69,0.9999977350234985,0,0.7432803909590715
69,0.9997979998588562,0,0.7366099205891874
69,0.9999938011169434,0,0.7432803909590715
69,0.999997615814209,0,0.7432803909590715
69,0.999997615814209,0,0.7432803909590715
69,0.9999592304229736,0,0.742206798555181
69,0.9999980926513672,0,0.7432803909590715
69,0.999994158744812,0,0.7432803909590715
69,0.9998577833175659,0,0.7386852139717721
69,0.999999,0,0.7432803909590715
69,0.9999908208847046,0,0.7432803909590715
69,0.999999,1,0.7432803909590715
69,0.9999947547912598,0,0.7432803909590715
69,0.9999939203262329,0,0.7432803909590715
69,0.9999724626541138,0,0.742666135674756
69,0.9998745918273926,0,0.7392686962587999
69,0.9999916553497314,0,0.7432803909590715
69,0.9999862909317017,0,0.7431461636555733
69,0.9999884366989136,0,0.7432206507560449
69,0.9999788999557495,0,0.742889596976171
69,0.999999,0,0.7432803909590715
69,0.9999970197677612,1,0.7432803909590715
69,0.9999920129776001,0,0.7432803909590715
69,0.9999961853027344,0,0.7432803909590715
69,0.99998939037323,0,0.7432537561340323
69,0.9999895095825195,0,0.7432578943062808
69,0.9999949932098389,0,0.7432803909590715
69,0.9938097596168518,0,0.5818931505493328
69,0.9999948740005493,0,0.7432803909590715
69,0.9999923706054688,0,0.7432803909590715
69,0.9999946355819702,0,0.7432803909590715
69,0.999999,0,0.7432803909590715
69,0.9999958276748657,0,0.7432803909590715
69,0.967982292175293,0,0.5521736055118199
69,0.9988663196563721,0,0.7042680353816289
70,0.9999847412109375,1,0.7430923674163438
70,0.9999644756317139,1,0.7423888781341117
70,0.9999973773956299,1,0.7432803909590715
70,0.9999958276748657,1,0.7432803909590715
70,0.9999979734420776,1,0.7432803909590715
70,0.999999,1,0.7432803909590715
71,0.8405088782310486,1,0.39034568595913705
71,0.999061644077301,1,0.7110484306106718
71,0.9999969005584717,1,0.7432803909590715
71,0.9999954700469971,1,0.7432803909590715
71,0.9996665716171265,1,0.7320475856852998
71,0.9999833106994629,1,0.7430427093493627
71,0.9999955892562866,1,0.7432803909590715
71,0.9998514652252197,1,0.7384658908426056
71,0.9999971389770508,1,0.7432803909590715
71,0.9999765157699585,1,0.7428068335312025
71,0.999999,1,0.7432803909590715
71,0.999999,1,0.7432803909590715
71,0.9999929666519165,1,0.7432803909590715
71,0.999997615814209,1,0.7432803909590715
71,0.9999872446060181,1,0.7431792690335607
71,0.9999808073043823,1,0.7429558077321458
71,0.9999983310699463,1,0.7432803909590715
71,0.9999918937683105,1,0.7432803909590715
71,0.9999979734420776,1,0.7432803909590715
71,0.999996542930603,1,0.7432803909590715
71,0.9903125762939453,1,0.5778689581849542
71,0.9999986886978149,1,0.7432803909590715
71,0.9999978542327881,1,0.7432803909590715
71,0.9999986886978149,1,0.7432803909590715
71,0.9999963045120239,1,0.7432803909590715
71,0.999997615814209,1,0.7432803909590715
71,0.999998927116394,1,0.7432803909590715
71,0.9999947547912598,1,0.7432803909590715
71,0.9999982118606567,1,0.7432803909590715
71,0.9999969005584717,1,0.7432803909590715
71,0.9993659853935242,1,0.7216131843608985
71,0.9999512434005737,1,0.7419295410145366
72,0.9999973773956299,1,0.7432803909590715
72,0.9999934434890747,1,0.7432803909590715
72,0.9999650716781616,1,0.7424095689953538
72,0.9999867677688599,1,0.743162716344567
72,0.9999966621398926,1,0.7432803909590715
72,0.9999880790710449,1,0.7432082362392997
72,0.9999927282333374,1,0.7432803909590715
72,0.9999873638153076,1,0.7431834072058091
72,0.9999977350234985,1,0.7432803909590715
72,0.9189185500144958,1,0.5057750873708554
72,0.9995272159576416,1,0.7272100623268921
72,0.9999933242797852,1,0.7432803909590715
72,0.9999969005584717,1,0.7432803909590715
72,0.999996542930603,1,0.7432803909590715
72,0.9990398287773132,1,0.7102911450892101
72,0.9997947812080383,1,0.7364981899384799
72,0.9900532364845276,1,0.577570537088753
72,0.9999970197677612,1,0.7432803909590715
72,0.6314771771430969,0,0.22459893048128343
72,0.9999974966049194,0,0.7432803909590715
72,0.9999969005584717,1,0.7432803909590715
72,0.999999,1,0.7432803909590715
72,0.9999899864196777,1,0.7432744469952745
72,0.9999963045120239,1,0.7432803909590715
72,0.9865807294845581,1,0.5735747396528569
72,0.9999951124191284,1,0.7432803909590715
72,0.9714801907539368,1,0.5561986209176039
72,0.9999982118606567,1,0.7432803909590715
72,0.9999988079071045,1,0.7432803909590715
72,0.9999963045120239,1,0.7432803909590715
72,0.999992847442627,1,0.7432803909590715
72,0.9999966621398926,1,0.7432803909590715
72,0.9997681975364685,1,0.7355753775270814
72,0.9225260615348816,1,0.5072139134766535
72,0.9996517896652222,1,0.7315344523264953
72,0.24408471584320068,0,0.22459893048128343
72,0.9343451857566833,0,0.5134675457170875
72,0.9986988306045532,0,0.6984539033725929
72,0.30223074555397034,0,0.22459893048128343
72,0.1576056033372879,0,0.22459893048128343
72,0.7010920643806458,0,0.22459893048128343
72,0.4251786470413208,0,0.22459893048128343
72,0.9999191761016846,0,0.7408163726797105
72,0.9221782088279724,0,0.5070751753041361
72,0.8073858618736267,0,0.3289164629114558
72,0.4257587194442749,0,0.22459893048128343
72,0.9999914169311523,0,0.7432803909590715
72,0.9999791383743286,0,0.7428978733206678
72,0.9999955892562866,0,0.7432803909590715
72,0.9998583793640137,0,0.7387059048330142
72,0.999987006187439,0,0.7431709926890638
72,0.9999942779541016,0,0.7432803909590715
72,0.9998973608016968,0,0.7400590871582489
72,0.9999982118606567,0,0.7432803909590715
72,0.9999899864196777,0,0.7432744469952745
72,0.9999594688415527,0,0.7422150748996779
72,0.9999949932098389,0,0.7432803909590715
72,0.9999817609786987,0,0.7429889131101332
72,0.999998927116394,0,0.7432803909590715
72,0.9812783598899841,0,0.5674733279550954
72,0.9999408721923828,0,0.7415695200289237
72,0.9999985694885254,0,0.7432803909590715
72,0.9999971389770508,0,0.7432803909590715
72,0.9999866485595703,0,0.7431585781723186
72,0.999993085861206,0,0.7432803909590715
72,0.9999927282333374,0,0.7432803909590715
72,0.9983748197555542,0,0.6872063512013763
72,0.9999986886978149,0,0.7432803909590715
72,0.9999960660934448,0,0.7432803909590715
72,0.9999836683273315,0,0.743055123866108
72,0.9666641354560852,0,0.5506568087886554
72,0.999992847442627,0,0.7432803909590715
72,0.9999856948852539,0,0.7431254727943312
72,0.999984622001648,0,0.7430882292440953
72,0.5494226217269897,0,0.22459893048128343
72,0.9999988079071045,0,0.7432803909590715
72,0.9999959468841553,0,0.7432803909590715
72,0.9999876022338867,0,0.743191683550306
72,0.9999535083770752,0,0.7420081662872566
72,0.999995231628418,0,0.7432803909590715
72,0.8023908734321594,0,0.31965286639052093
73,0.9745824337005615,1,0.5597683572526952
73,0.9999986886978149,1,0.7432803909590715
73,0.999422550201416,1,0.7235767470927758
73,0.999999,1,0.7432803909590715
73,0.999999,1,0.7432803909590715
73,0.908153772354126,1,0.5014816449152107
73,0.9997407793998718,1,0.7346235979099438
73,0.9999918937683105,1,0.7432803909590715
73,0.9770035147666931,1,0.5625542838228159
73,0.9999896287918091,1,0.7432620324785292
73,0.9999148845672607,1,0.7406673984787673
73,0.9999966621398926,1,0.7432803909590715
73,0.9999904632568359,1,0.7432803909590715
73,0.9978523254394531,1,0.6690687422365335
73,0.9999986886978149,1,0.7432803909590715
73,0.9999914169311523,1,0.7432803909590715
73,0.9998140931129456,1,0.7371685738427247
73,0.9993964433670044,1,0.7226704873703709
73,0.9863141775131226,0,0.5732680195558191
73,0.999984860420227,1,0.7430965055885922
73,0.9999985694885254,1,0.7432803909590715
73,0.9500610828399658,1,0.5315517544080245
73,0.999999,1,0.7432803909590715
73,0.999999,1,0.7432803909590715
73,0.9999719858169556,1,0.7426495829857623
73,0.9999657869338989,1,0.7424343980288444
73,0.9999988079071045,1,0.7432803909590715
73,0.999966025352478,1,0.7424426743733412
73,0.9999661445617676,1,0.7424468125455896
73,0.9999979734420776,1,0.7432803909590715
73,0.9999630451202393,1,0.7423392200671306
73,0.9999988079071045,1,0.7432803909590715
73,0.999975323677063,1,0.7427654518087182
73,0.9999955892562866,1,0.7432803909590715
73,0.9999822378158569,1,0.7430054657991269
73,0.999999,1,0.7432803909590715
73,0.999999,1,0.7432803909590715
73,0.999999,1,0.7432803909590715
73,0.9999988079071045,1,0.7432803909590715
73,0.9999797344207764,1,0.7429185641819099
73,0.9999256134033203,1,0.7410398339811254
73,0.9999954700469971,1,0.7432803909590715
73,0.999907374382019,0,0.7404066936271165
73,0.9999576807022095,0,0.7421530023159515
73,0.999999,0,0.7432803909590715
73,0.999999,0,0.7432803909590715
73,0.754000723361969,0,0.22990955044681968
73,0.9999110698699951,1,0.7405349769668177
73,0.9999886751174927,1,0.7432289271005418
74,0.5098273158073425,0,0.22459893048128343
74,0.9966679215431213,1,0.6279539318623159
74,0.9999144077301025,1,0.7406508457897736
74,0.991614580154419,0,0.579367167889716
74,0.9193308353424072,0,0.505939523960866
74,0.9957520961761475,0,0.5961624235637977
74,0.6280697584152222,0,0.22459893048128343
74,0.9998868703842163,0,0.7396949280003876
74,0.9929265379905701,0,0.580876831587368
74,0.6054567694664001,0,0.22459893048128343
74,0.9993009567260742,0,0.7193558113993831
74,0.999999,0,0.7432803909590715
74,0.9999954700469971,0,0.7432803909590715
74,0.9999982118606567,0,0.7432803909590715
74,0.9999947547912598,0,0.7432803909590715
74,0.999999,0,0.7432803909590715
74,0.999999,0,0.7432803909590715
74,0.9999986886978149,0,0.7432803909590715
74,0.9999953508377075,0,0.7432803909590715
74,0.9999986886978149,0,0.7432803909590715
74,0.9999948740005493,0,0.7432803909590715
74,0.999996542930603,0,0.7432803909590715
74,0.9999908208847046,0,0.7432803909590715
74,0.9998218417167664,0,0.7374375550388722
74,0.9999932050704956,0,0.7432803909590715
74,0.9999971389770508,0,0.7432803909590715
74,0.9999951124191284,0,0.7432803909590715
74,0.999988317489624,0,0.7432165125837965
74,0.9999867677688599,0,0.743162716344567
74,0.9999951124191284,0,0.7432803909590715
74,0.9983589053153992,0,0.6866539052062117
74,0.9999572038650513,0,0.7421364496269578
74,0.9999984502792358,0,0.7432803909590715
74,0.9999980926513672,0,0.7432803909590715
74,0.9999301433563232,0,0.7411970845265655
74,0.9999748468399048,0,0.7427488991197245
74,0.9999980926513672,1,0.7432803909590715
74,0.9998385906219482,0,0.7380189682397759
74,0.9999978542327881,0,0.7432803909590715
74,0.9999986886978149,0,0.7432803909590715
74,0.9998065829277039,0,0.736907868991074
74,0.9999960660934448,0,0.7432803909590715
74,0.9999963045120239,0,0.7432803909590715
74,0.9999511241912842,0,0.7419254028422881
74,0.9999759197235107,0,0.7427861426699603
74,0.999999,0,0.7432803909590715
74,0.9995414018630981,0,0.7277025048244545
74,0.9999947547912598,0,0.7432803909590715
74,0.9999982118606567,0,0.7432803909590715
74,0.999999,0,0.7432803909590715
74,0.9999982118606567,0,0.7432803909590715
74,0.9999980926513672,0,0.7432803909590715
74,0.999998927116394,0,0.7432803909590715
74,0.9999958276748657,0,0.7432803909590715
74,0.9999969005584717,0,0.7432803909590715
74,0.9999977350234985,0,0.7432803909590715
74,0.9999864101409912,0,0.7431503018278217
74,0.9999938011169434,0,0.7432803909590715
74,0.9999986886978149,0,0.7432803909590715
74,0.9997965693473816,0,0.7365602625222063
74,0.9999979734420776,0,0.7432803909590715
74,0.9999821186065674,0,0.7430013276268784
74,0.9999971389770508,0,0.7432803909590715
75,0.9999905824661255,1,0.7432803909590715
75,0.9999988079071045,1,0.7432803909590715
75,0.9999984502792358,1,0.7432803909590715
75,0.999998927116394,1,0.7432803909590715
75,0.9999969005584717,1,0.7432803909590715
75,0.999999,1,0.7432803909590715
75,0.9998812675476074,1,0.7395004339047117
75,0.9999161958694458,1,0.7407129183735
75,0.981593668460846,0,0.5678361520412605
75,0.8031507730484009,0,0.32106215962988754
75,0.9996398687362671,0,0.7311206351016528
75,0.9999951124191284,0,0.7432803909590715
75,0.9993508458137512,0,0.7210876364853486
75,0.999036431312561,0,0.71017320718013
75,0.9999120235443115,0,0.7405680823448051
75,0.9999743700027466,0,0.7427323464307308
75,0.9999932050704956,0,0.7432803909590715
75,0.9999985694885254,0,0.7432803909590715
75,0.9999582767486572,0,0.7421736931771936
75,0.9999985694885254,0,0.7432803909590715
75,0.999999,0,0.7432803909590715
75,0.8156186938285828,0,0.3441848933290785
75,0.9999750852584839,0,0.7427571754642214
75,0.9974619150161743,0,0.6555162281229445
75,0.9999946355819702,0,0.7432803909590715
75,0.9999985694885254,0,0.7432803909590715
75,0.9998984336853027,0,0.7400963307084847
75,0.9999805688858032,0,0.7429475313876489
75,0.9999985694885254,0,0.7432803909590715
75,0.9999951124191284,0,0.7432803909590715
75,0.9999977350234985,0,0.7432803909590715
75,0.999998927116394,0,0.7432803909590715
75,0.999999,0,0.7432803909590715
75,0.9999984502792358,0,0.7432803909590715
75,0.999999,0,0.7432803909590715
75,0.9999953508377075,0,0.7432803909590715
75,0.9999806880950928,0,0.7429516695598973
75,0.9998015761375427,0,0.7367340657566401
75,0.9999973773956299,0,0.7432803909590715
75,0.9999918937683105,0,0.7432803909590715
75,0.999996542930603,0,0.7432803909590715
75,0.999999,0,0.7432803909590715
75,0.999999,0,0.7432803909590715
75,0.999999,0,0.7432803909590715
75,0.9999988079071045,0,0.7432803909590715
75,0.9999970197677612,0,0.7432803909590715
75,0.9999982118606567,0,0.7432803909590715
75,0.9999959468841553,0,0.7432803909590715
75,0.9999980926513672,0,0.7432803909590715
75,0.9999839067459106,0,0.7430634002106048
75,0.9999986886978149,0,0.7432803909590715
75,0.9999701976776123,0,0.7425875104020361
75,0.9999957084655762,0,0.7432803909590715
75,0.9999946355819702,0,0.7432803909590715
75,0.9999921321868896,0,0.7432803909590715
75,0.9999982118606567,0,0.7432803909590715
75,0.9960499405860901,0,0.6065016469264853
75,0.9999889135360718,0,0.7432372034450386
75,0.999988317489624,0,0.7432165125837965
75,0.999999,0,0.7432803909590715
75,0.9999986886978149,0,0.7432803909590715
75,0.9768279790878296,0,0.5623522957446012
75,0.9999983310699463,0,0.7432803909590715
75,0.9999922513961792,0,0.7432803909590715
75,0.9999918937683105,0,0.7432803909590715
75,0.9999971389770508,0,0.7432803909590715
75,0.9999984502792358,0,0.7432803909590715
75,0.9998288154602051,0,0.737679638115405
75,0.999996542930603,0,0.7432803909590715
76,0.9999949932098389,1,0.7432803909590715
76,0.999999,1,0.7432803909590715
76,0.999999,1,0.7432803909590715
76,0.999999,1,0.7432803909590715
76,0.9999970197677612,1,0.7432803909590715
76,0.9999959468841553,1,0.7432803909590715
76,0.9999953508377075,1,0.7432803909590715
76,0.999998927116394,1,0.7432803909590715
76,0.999982476234436,1,0.7430137421436237
76,0.999997615814209,1,0.7432803909590715
76,0.9999434947967529,1,0.7416605598183891
76,0.9999959468841553,1,0.7432803909590715
76,0.9999978542327881,1,0.7432803909590715
76,0.9999935626983643,1,0.7432803909590715
76,0.9999972581863403,1,0.7432803909590715
76,0.9999916553497314,1,0.7432803909590715
76,0.999999,1,0.7432803909590715
76,0.9999910593032837,1,0.7432803909590715
76,0.9999988079071045,1,0.7432803909590715
76,0.9999983310699463,1,0.7432803909590715
76,0.9999939203262329,1,0.7432803909590715
76,0.9999969005584717,1,0.7432803909590715
76,0.999993085861206,1,0.7432803909590715
76,0.9999974966049194,1,0.7432803909590715
76,0.9992077946662903,1,0.7161218297872397
76,0.9999961853027344,1,0.7432803909590715
76,0.999992847442627,1,0.7432803909590715
76,0.9999967813491821,1,0.7432803909590715
76,0.9999748468399048,1,0.7427488991197245
76,0.9999556541442871,1,0.7420826533877283
76,0.9999948740005493,1,0.7432803909590715
76,0.9999706745147705,1,0.7426040630910297
76,0.9999886751174927,1,0.7432289271005418
76,0.9999984502792358,1,0.7432803909590715
76,0.9999983310699463,1,0.7432803909590715
76,0.9999984502792358,1,0.7432803909590715
76,0.9999058246612549,1,0.740352897387887
76,0.9999896287918091,1,0.7432620324785292
76,0.9999065399169922,1,0.7403777264213776
76,0.9999963045120239,1,0.7432803909590715
76,0.999999,1,0.7432803909590715
76,0.9999980926513672,1,0.7432803909590715
76,0.999999,1,0.7432803909590715
76,0.999999,1,0.7432803909590715
76,0.9999966621398926,1,0.7432803909590715
76,0.999999,1,0.7432803909590715
76,0.9999979734420776,1,0.7432803909590715
76,0.9999935626983643,1,0.7432803909590715
76,0.9999980926513672,1,0.7432803909590715
77,0.9999979734420776,1,0.7432803909590715
77,0.9536116719245911,1,0.5356374005306648
77,0.9999549388885498,1,0.7420578243542377
77,0.9999346733093262,1,0.7413543350720057
77,0.9999978542327881,1,0.7432803909590715
77,0.999997615814209,1,0.7432803909590715
77,0.9999967813491821,1,0.7432803909590715
77,0.987059473991394,1,0.5741256287001306
77,0.999903678894043,1,0.7402784102874154
77,0.9998712539672852,1,0.739152827435844
77,0.9353875517845154,1,0.5146669913917292
77,0.7689138054847717,0,0.25756702699317796
77,0.2996743321418762,0,0.22459893048128343
77,0.3257499635219574,0,0.22459893048128343
77,0.9999979734420776,0,0.7432803909590715
77,0.997343122959137,0,0.65139253947739
77,0.9999966621398926,0,0.7432803909590715
77,0.9915380477905273,0,0.57927910245935
77,0.999994158744812,0,0.7432803909590715
77,0.9999958276748657,0,0.7432803909590715
77,0.999999,0,0.7432803909590715
77,0.9999972581863403,0,0.7432803909590715
77,0.9999948740005493,0,0.7432803909590715
77,0.9999963045120239,0,0.7432803909590715
77,0.9999986886978149,0,0.7432803909590715
77,0.999995231628418,0,0.7432803909590715
77,0.9999523162841797,0,0.7419667845647724
77,0.999999,0,0.7432803909590715
77,0.9999988079071045,0,0.7432803909590715
77,0.9999978542327881,0,0.7432803909590715
77,0.9999690055847168,0,0.7425461286795518
77,0.9986818432807922,0,0.6978642138271925
77,0.9999955892562866,0,0.7432803909590715
77,0.999996542930603,0,0.7432803909590715
77,0.740026593208313,0,0.22459893048128343
77,0.9999973773956299,0,0.7432803909590715
77,0.9992095232009888,0,0.7161818332848419
77,0.9999812841415405,0,0.7429723604211395
77,0.999999,0,0.7432803909590715
77,0.940581202507019,0,0.5206433007958867
77,0.9999972581863403,1,0.7432803909590715
77,0.9854302406311035,1,0.572250877552449
77,0.9999985694885254,1,0.7432803909590715
77,0.9753343462944031,1,0.5606335795300057
77,0.9933698177337646,1,0.5813869114982961
77,0.9999984502792358,1,0.7432803909590715
77,0.9999986886978149,1,0.7432803909590715
77,0.9999910593032837,1,0.7432803909590715
77,0.9999819993972778,1,0.74299718945463
78,0.9999982118606567,1,0.7432803909590715
78,0.999994158744812,1,0.7432803909590715
78,0.9999942779541016,1,0.7432803909590715
78,0.9974467754364014,1,0.6549906802473947
78,0.99998939037323,1,0.7432537561340323
78,0.999999,1,0.7432803909590715
78,0.9999791383743286,1,0.7428978733206678
78,0.99986732006073,1,0.739016267751646
78,0.9999843835830688,1,0.7430799528995985
78,0.9999969005584717,1,0.7432803909590715
78,0.9999972581863403,1,0.7432803909590715
78,0.999990701675415,1,0.7432803909590715
78,0.9999876022338867,1,0.743191683550306
78,0.9999948740005493,1,0.7432803909590715
78,0.9999963045120239,1,0.7432803909590715
78,0.9999308586120605,1,0.7412219135600561
78,0.9942850470542908,1,0.5824400615631476
78,0.9998223185539246,1,0.7374541077278659
78,0.9997074007987976,1,0.7334649096803851
78,0.9989431500434875,1,0.7069350873957382
78,0.9999696016311646,1,0.742566819540794
78,0.9999481439590454,1,0.7418219485360775
78,0.9999940395355225,1,0.7432803909590715
78,0.9999891519546509,1,0.7432454797895355
78,0.9999853372573853,1,0.7431130582775859
78,0.9937413334846497,1,0.5818144129215601
78,0.9999909400939941,1,0.7432803909590715
78,0.9999614953994751,1,0.7422854238279011
78,0.999990701675415,1,0.7432803909590715
78,0.9999988079071045,1,0.7432803909590715
78,0.9472267627716064,1,0.5282903156659978
78,0.9998668432235718,1,0.7389997150626523
78,0.9999979734420776,1,0.7432803909590715
78,0.9999973773956299,1,0.7432803909590715
78,0.9999972581863403,1,0.7432803909590715
78,0.9999949932098389,1,0.7432803909590715
78,0.9999667406082153,1,0.7424675034068318
79,0.9999971389770508,1,0.7432803909590715
79,0.9999953508377075,1,0.7432803909590715
79,0.999998927116394,1,0.7432803909590715
79,0.9999910593032837,1,0.7432803909590715
79,0.9999985694885254,1,0.7432803909590715
79,0.9999985694885254,1,0.7432803909590715
79,0.9999709129333496,1,0.7426123394355265
79,0.9999983310699463,1,0.7432803909590715
79,0.9998095631599426,1,0.7370113232972846
79,0.9999921321868896,1,0.7432803909590715
79,0.9999955892562866,1,0.7432803909590715
79,0.9999558925628662,1,0.7420909297322251
79,0.9999817609786987,1,0.7429889131101332
79,0.999999,1,0.7432803909590715
79,0.9999896287918091,1,0.7432620324785292
79,0.9999829530715942,1,0.7430302948326174
79,0.9999985694885254,1,0.7432803909590715
79,0.9999978542327881,1,0.7432803909590715
79,0.9999929666519165,1,0.7432803909590715
79,0.9999988079071045,1,0.7432803909590715
79,0.999927282333374,1,0.7410977683926033
79,0.9999980926513672,1,0.7432803909590715
79,0.9995697140693665,1,0.7286853207334553
79,0.9999129772186279,1,0.7406011877227925
79,0.999999,1,0.7432803909590715
79,0.9999986886978149,1,0.7432803909590715
79,0.9999988079071045,1,0.7432803909590715
79,0.9999959468841553,1,0.7432803909590715
79,0.9999945163726807,1,0.7432803909590715
79,0.9999818801879883,1,0.7429930512823816
79,0.9859703183174133,1,0.5728723424002262
79,0.999999,1,0.7432803909590715
79,0.9999988079071045,0,0.7432803909590715
79,0.9999986886978149,1,0.7432803909590715
79,0.9999876022338867,1,0.743191683550306
79,0.9999972581863403,1,0.7432803909590715
79,0.9999980926513672,1,0.7432803909590715
79,0.999998927116394,0,0.7432803909590715
79,0.999999,0,0.7432803909590715
79,0.9999905824661255,0,0.7432803909590715
79,0.9999947547912598,0,0.7432803909590715
79,0.999995231628418,0,0.7432803909590715
79,0.999999,0,0.7432803909590715
79,0.9999988079071045,0,0.7432803909590715
79,0.9999977350234985,0,0.7432803909590715
79,0.9999982118606567,0,0.7432803909590715
79,0.9999986886978149,0,0.7432803909590715
79,0.9999856948852539,0,0.7431254727943312
79,0.9999982118606567,0,0.7432803909590715
79,0.999997615814209,0,0.7432803909590715
79,0.999999,0,0.7432803909590715
79,0.9995493292808533,0,0.7279776932789748
79,0.9999350309371948,0,0.7413667495887509
79,0.9999985694885254,0,0.7432803909590715
79,0.9999951124191284,0,0.7432803909590715
79,0.9998960494995117,0,0.7400135672635162
79,0.9999984502792358,0,0.7432803909590715
79,0.9999983310699463,0,0.7432803909590715
79,0.9999960660934448,0,0.7432803909590715
79,0.9999973773956299,0,0.7432803909590715
79,0.9999690055847168,0,0.7425461286795518
79,0.9999984502792358,0,0.7432803909590715
79,0.9997026324272156,0,0.7332993827904482
79,0.9999982118606567,0,0.7432803909590715
79,0.9999963045120239,0,0.7432803909590715
80,0.9999945163726807,1,0.7432803909590715
80,0.9999951124191284,1,0.7432803909590715
80,0.9999960660934448,1,0.7432803909590715
80,0.9999983310699463,1,0.7432803909590715
80,0.9999966621398926,1,0.7432803909590715
80,0.999996542930603,1,0.7432803909590715
80,0.9999988079071045,1,0.7432803909590715
80,0.9999984502792358,1,0.7432803909590715
80,0.9999920129776001,1,0.7432803909590715
80,0.9999977350234985,1,0.7432803909590715
80,0.999998927116394,1,0.7432803909590715
80,0.9999597072601318,1,0.7422233512441747
80,0.9999988079071045,1,0.7432803909590715
80,0.9999988079071045,1,0.7432803909590715
80,0.999999,1,0.7432803909590715
80,0.9999842643737793,1,0.7430758147273501
80,0.999999,1,0.7432803909590715
80,0.9999932050704956,1,0.7432803909590715
80,0.9999979734420776,1,0.7432803909590715
80,0.9999988079071045,1,0.7432803909590715
80,0.9999985694885254,1,0.7432803909590715
80,0.9999815225601196,1,0.7429806367656363
80,0.999998927116394,1,0.7432803909590715
80,0.9999525547027588,1,0.7419750609092692
80,0.999998927116394,1,0.7432803909590715
80,0.9999980926513672,1,0.7432803909590715
80,0.999999,1,0.7432803909590715
80,0.9999721050262451,1,0.7426537211580108
80,0.999999,1,0.7432803909590715
80,0.9999978542327881,1,0.7432803909590715
80,0.9999974966049194,1,0.7432803909590715
80,0.9999955892562866,1,0.7432803909590715
80,0.9999963045120239,1,0.7432803909590715
80,0.9999926090240479,1,0.7432803909590715
80,0.9999902248382568,1,0.7432803909590715
80,0.9999712705612183,1,0.7426247539522718
80,0.999999,1,0.7432803909590715
80,0.999998927116394,1,0.7432803909590715
80,0.9999984502792358,1,0.7432803909590715
80,0.999998927116394,1,0.7432803909590715
80,0.999999,1,0.7432803909590715
80,0.9999985694885254,1,0.7432803909590715
80,0.999999,1,0.7432803909590715
80,0.9999978542327881,1,0.7432803909590715
80,0.9999985694885254,1,0.7432803909590715
80,0.9999946355819702,1,0.7432803909590715
80,0.999999,1,0.7432803909590715
80,0.9999914169311523,1,0.7432803909590715
80,0.9999982118606567,1,0.7432803909590715
80,0.999999,1,0.7432803909590715
80,0.9999984502792358,1,0.7432803909590715
80,0.999999,1,0.7432803909590715
80,0.9999988079071045,1,0.7432803909590715
81,0.9999908208847046,1,0.7432803909590715
81,0.999996542930603,1,0.7432803909590715
81,0.9999985694885254,1,0.7432803909590715
81,0.9999947547912598,1,0.7432803909590715
81,0.9999974966049194,1,0.7432803909590715
81,0.9998495578765869,1,0.7383996800866308
81,0.9999974966049194,1,0.7432803909590715
81,0.9999674558639526,1,0.7424923324403223
81,0.9999626874923706,1,0.7423268055503853
81,0.99992835521698,1,0.7411350119428392
81,0.9999983310699463,1,0.7432803909590715
81,0.9999703168869019,1,0.7425916485742844
81,0.9999933242797852,1,0.7432803909590715
81,0.9999176263809204,1,0.740762576440481
81,0.999993085861206,1,0.7432803909590715
81,0.9999948740005493,1,0.7432803909590715
81,0.9997497200965881,1,0.7349339608285756
81,0.7451109886169434,0,0.22459893048128343
81,0.9999915361404419,1,0.7432803909590715
81,0.9995530247688293,1,0.7281059766186759
81,0.7452587485313416,0,0.22459893048128343
81,0.9999864101409912,0,0.7431503018278217
81,0.9999866485595703,0,0.7431585781723186
81,0.9999774694442749,0,0.7428399389091899
81,0.999999,0,0.7432803909590715
81,0.9998335838317871,0,0.737845165005342
81,0.9999966621398926,0,0.7432803909590715
81,0.9983747005462646,0,0.6872022130291279
81,0.9999550580978394,0,0.7420619625264862
81,0.9999974966049194,0,0.7432803909590715
81,0.9999929666519165,0,0.7432803909590715
81,0.996589183807373,0,0.6252206690922317
81,0.9990062117576599,0,0.7091241805151546
81,0.999997615814209,0,0.7432803909590715
81,0.9999957084655762,0,0.7432803909590715
81,0.9999963045120239,0,0.7432803909590715
81,0.9999988079071045,0,0.7432803909590715
81,0.9999984502792358,0,0.7432803909590715
81,0.999993085861206,0,0.7432803909590715
81,0.9999849796295166,0,0.7431006437608406
81,0.9670931100845337,0,0.5511504278714777
81,0.999998927116394,0,0.7432803909590715
81,0.9994199275970459,0,0.7234857073033104
81,0.9999986886978149,1,0.7432803909590715
81,0.9994522929191589,1,0.7246092210687575
81,0.9999945163726807,1,0.7432803909590715
81,0.999999,1,0.7432803909590715
81,0.665526270866394,1,0.22459893048128343
81,0.9999703168869019,1,0.7425916485742844
81,0.999999,1,0.7432803909590715
81,0.9999932050704956,1,0.7432803909590715
81,0.9999653100967407,1,0.7424178453398507
81,0.9999788999557495,1,0.742889596976171
81,0.9999977350234985,1,0.7432803909590715
81,0.9997220635414124,1,0.7339739048669413
81,0.9971663355827332,1,0.645255630032977
81,0.9999988079071045,0,0.7432803909590715
81,0.9999909400939941,1,0.7432803909590715
81,0.999999,1,0.7432803909590715
81,0.999999,1,0.7432803909590715
81,0.9999628067016602,1,0.7423309437226338
81,0.9854193925857544,1,0.572238394757802
81,0.9999988079071045,1,0.7432803909590715
81,0.9999980926513672,1,0.7432803909590715
81,0.9999979734420776,1,0.7432803909590715
81,0.9999902248382568,1,0.7432803909590715
81,0.999999,1,0.7432803909590715
81,0.9999256134033203,1,0.7410398339811254
81,0.9999948740005493,1,0.7432803909590715
81,0.999999,1,0.7432803909590715
81,0.9999946355819702,1,0.7432803909590715
81,0.6680031418800354,0,0.22459893048128343
81,0.9999986886978149,0,0.7432803909590715
82,0.9999984502792358,1,0.7432803909590715
82,0.999999,1,0.7432803909590715
82,0.9999974966049194,1,0.7432803909590715
82,0.9999939203262329,1,0.7432803909590715
82,0.9999953508377075,1,0.7432803909590715
82,0.9999721050262451,1,0.7426537211580108
82,0.999999,1,0.7432803909590715
82,0.999996542930603,1,0.7432803909590715
82,0.9999977350234985,1,0.7432803909590715
82,0.9999978542327881,1,0.7432803909590715
82,0.9999983310699463,1,0.7432803909590715
82,0.999999,1,0.7432803909590715
82,0.9999951124191284,1,0.7432803909590715
82,0.999993085861206,1,0.7432803909590715
82,0.9999842643737793,1,0.7430758147273501
82,0.9999988079071045,1,0.7432803909590715
82,0.9999977350234985,1,0.7432803909590715
82,0.9999973773956299,1,0.7432803909590715
82,0.9999983310699463,1,0.7432803909590715
82,0.9999986886978149,1,0.7432803909590715
82,0.999995231628418,1,0.7432803909590715
82,0.9999926090240479,1,0.7432803909590715
82,0.9999963045120239,1,0.7432803909590715
82,0.9999972581863403,1,0.7432803909590715
82,0.999997615814209,1,0.7432803909590715
82,0.999998927116394,1,0.7432803909590715
83,0.9999927282333374,1,0.7432803909590715
83,0.9999974966049194,1,0.7432803909590715
83,0.9999961853027344,1,0.7432803909590715
83,0.9942106008529663,1,0.5823543966702137
83,0.999967098236084,0,0.742479917923577
83,0.999999,1,0.7432803909590715
83,0.9999982118606567,1,0.7432803909590715
83,0.9999984502792358,1,0.7432803909590715
83,0.9988725781440735,1,0.7044852894246711
83,0.9999970197677612,1,0.7432803909590715
83,0.999999,1,0.7432803909590715
83,0.999999,1,0.7432803909590715
83,0.9999953508377075,1,0.7432803909590715
83,0.999999,1,0.7432803909590715
83,0.9909303784370422,1,0.5785798601987729
83,0.9999984502792358,1,0.7432803909590715
83,0.9999970197677612,1,0.7432803909590715
83,0.9999983310699463,1,0.7432803909590715
83,0.9921799898147583,1,0.5800177821205972
83,0.9999983310699463,1,0.7432803909590715
83,0.9970858693122864,0,0.6424623637652908
83,0.9999730587005615,1,0.7426868265359982
83,0.9998642206192017,1,0.738908675273187
83,0.9998235106468201,1,0.7374954894503502
83,0.9999954700469971,1,0.7432803909590715
83,0.9999959468841553,1,0.7432803909590715
83,0.9999916553497314,1,0.7432803909590715
83,0.9993834495544434,0,0.7222194265952926
83,0.9999736547470093,0,0.7427075173972403
83,0.9999963045120239,0,0.7432803909590715
83,0.9999969005584717,0,0.7432803909590715
83,0.9943769574165344,0,0.5825458223837273
83,0.9999966621398926,0,0.7432803909590715
83,0.9999819993972778,0,0.74299718945463
84,0.9999972581863403,1,0.7432803909590715
84,0.999996542930603,1,0.7432803909590715
84,0.9999982118606567,1,0.7432803909590715
84,0.9999929666519165,1,0.7432803909590715
84,0.9999849796295166,1,0.7431006437608406
84,0.9999986886978149,1,0.7432803909590715
84,0.9999979734420776,1,0.7432803909590715
84,0.9999973773956299,1,0.7432803909590715
84,0.999999,1,0.7432803909590715
84,0.9999964237213135,1,0.7432803909590715
84,0.9999964237213135,1,0.7432803909590715
84,0.999999,1,0.7432803909590715
84,0.999998927116394,1,0.7432803909590715
84,0.9999988079071045,1,0.7432803909590715
84,0.999997615814209,1,0.7432803909590715
84,0.9999972581863403,1,0.7432803909590715
84,0.999999,1,0.7432803909590715
84,0.9999986886978149,1,0.7432803909590715
84,0.9999977350234985,1,0.7432803909590715
84,0.9999374151229858,0,0.7414495130337194
84,0.9999973773956299,0,0.7432803909590715
84,0.9999971389770508,0,0.7432803909590715
84,0.99998939037323,0,0.7432537561340323
84,0.999999,0,0.7432803909590715
84,0.9999984502792358,0,0.7432803909590715
84,0.9999970197677612,0,0.7432803909590715
84,0.9999985694885254,0,0.7432803909590715
84,0.9999983310699463,0,0.7432803909590715
84,0.9999932050704956,0,0.7432803909590715
84,0.999999,0,0.7432803909590715
84,0.9999979734420776,0,0.7432803909590715
84,0.9999979734420776,0,0.7432803909590715
84,0.999997615814209,0,0.7432803909590715
84,0.9999278783798218,0,0.7411184592538455
84,0.9999866485595703,0,0.7431585781723186
84,0.999999,0,0.7432803909590715
84,0.999999,0,0.7432803909590715
84,0.9999988079071045,0,0.7432803909590715
84,0.9998973608016968,0,0.7400590871582489
84,0.999995231628418,0,0.7432803909590715
84,0.9999932050704956,0,0.7432803909590715
84,0.999988317489624,0,0.7432165125837965
84,0.9999946355819702,1,0.7432803909590715
84,0.999999,0,0.7432803909590715
84,0.9999955892562866,0,0.7432803909590715
84,0.999999,0,0.7432803909590715
85,0.9999854564666748,1,0.7431171964498343
85,0.9999978542327881,1,0.7432803909590715
85,0.999999,1,0.7432803909590715
85,0.9999970197677612,1,0.7432803909590715
85,0.9999947547912598,1,0.7432803909590715
85,0.9999920129776001,1,0.7432803909590715
85,0.999999,1,0.7432803909590715
85,0.9997891783714294,1,0.736303695842804
85,0.9999973773956299,1,0.7432803909590715
85,0.9999984502792358,1,0.7432803909590715
85,0.9999971389770508,1,0.7432803909590715
85,0.9999980926513672,1,0.7432803909590715
85,0.9999830722808838,1,0.7430344330048658
86,0.9999622106552124,1,0.7423102528613916
86,0.9999966621398926,1,0.7432803909590715
86,0.9044949412345886,0,0.5000223504121307
86,0.999994158744812,1,0.7432803909590715
86,0.9999988079071045,1,0.7432803909590715
86,0.999995231628418,1,0.7432803909590715
86,0.9999827146530151,1,0.7430220184881206
86,0.9999783039093018,1,0.7428689061149288
86,0.999998927116394,1,0.7432803909590715
86,0.9999960660934448,1,0.7432803909590715
86,0.9999983310699463,1,0.7432803909590715
86,0.9999982118606567,1,0.7432803909590715
86,0.9999916553497314,1,0.7432803909590715
86,0.9999970197677612,1,0.7432803909590715
86,0.9999978542327881,1,0.7432803909590715
86,0.9999953508377075,1,0.7432803909590715
86,0.9999988079071045,1,0.7432803909590715
86,0.9999961853027344,1,0.7432803909590715
86,0.9999986886978149,1,0.7432803909590715
86,0.9999986886978149,1,0.7432803909590715
86,0.9999964237213135,1,0.7432803909590715
86,0.9999724626541138,1,0.742666135674756
86,0.9999816417694092,1,0.7429847749378847
86,0.9999985694885254,1,0.7432803909590715
86,0.999996542930603,1,0.7432803909590715
86,0.9999940395355225,1,0.7432803909590715
86,0.9672759771347046,1,0.5513608521240967
86,0.9999912977218628,1,0.7432803909590715
86,0.9999953508377075,1,0.7432803909590715
87,0.9999985694885254,1,0.7432803909590715
87,0.9999977350234985,1,0.7432803909590715
87,0.9999982118606567,1,0.7432803909590715
87,0.9999988079071045,1,0.7432803909590715
87,0.999993085861206,1,0.7432803909590715
87,0.9999830722808838,1,0.7430344330048658
87,0.9999971389770508,1,0.7432803909590715
87,0.9999927282333374,1,0.7432803909590715
87,0.9999915361404419,1,0.7432803909590715
87,0.9999984502792358,1,0.7432803909590715
87,0.9999963045120239,1,0.7432803909590715
87,0.9999927282333374,1,0.7432803909590715
87,0.9998831748962402,1,0.7395666446606864
87,0.9999812841415405,1,0.7429723604211395
87,0.9999974966049194,1,0.7432803909590715
87,0.9999575614929199,1,0.7421488641437031
87,0.9999936819076538,1,0.7432803909590715
87,0.9999978542327881,1,0.7432803909590715
87,0.9997419714927673,1,0.734664979632428
87,0.9999984502792358,1,0.7432803909590715
87,0.9999949932098389,1,0.7432803909590715
87,0.9999796152114868,1,0.7429144260096615
87,0.9999955892562866,1,0.7432803909590715
87,0.9999773502349854,1,0.7428358007369414
87,0.9999946355819702,1,0.7432803909590715
87,0.9999979734420776,1,0.7432803909590715
87,0.9999945163726807,1,0.7432803909590715
87,0.9999979734420776,1,0.7432803909590715
87,0.999999,1,0.7432803909590715
87,0.999999,1,0.7432803909590715
87,0.9999972581863403,1,0.7432803909590715
87,0.9999984502792358,1,0.7432803909590715
87,0.9999982118606567,1,0.7432803909590715
87,0.9999223947525024,1,0.7409281033304179
87,0.999998927116394,1,0.7432803909590715
87,0.999998927116394,1,0.7432803909590715
87,0.999999,1,0.7432803909590715
87,0.9999972581863403,1,0.7432803909590715
87,0.9999713897705078,1,0.7426288921245202
87,0.999999,1,0.7432803909590715
87,0.9999963045120239,1,0.7432803909590715
87,0.9999754428863525,1,0.7427695899809666
87,0.9999802112579346,1,0.7429351168709036
87,0.9999562501907349,1,0.7421033442489704
87,0.9999864101409912,1,0.7431503018278217
87,0.999999,1,0.7432803909590715
88,0.999995231628418,1,0.7432803909590715
88,0.6743550896644592,0,0.22459893048128343
88,0.9999978542327881,0,0.7432803909590715
88,0.9997360110282898,0,0.7344580710200069
88,0.999999,1,0.7432803909590715
88,0.999999,0,0.7432803909590715
88,0.999999,0,0.7432803909590715
88,0.9999189376831055,0,0.7408080963352136
88,0.9999868869781494,0,0.7431668545168154
88,0.9999799728393555,0,0.7429268405264068
88,0.9988057613372803,0,0.7021658438794294
88,0.9701729416847229,0,0.55469437557587
88,0.9997603297233582,0,0.7353022581586854
88,0.9998565912246704,0,0.7386438322492879
88,0.8233951926231384,0,0.35860701822935936
88,0.9999459981918335,0,0.7417474614356059
88,0.9999675750732422,0,0.7424964706125707
88,0.9998759031295776,0,0.7393142161535325
88,0.9993851184844971,0,0.7222773610067705
88,0.999998927116394,0,0.7432803909590715
88,0.999999,0,0.7432803909590715
88,0.9999988079071045,0,0.7432803909590715
88,0.9974427223205566,0,0.6548499823909483
88,0.8983575701713562,0,0.4897474965729508
88,0.9935380816459656,0,0.5815805319888904
88,0.9998995065689087,1,0.7401335742587205
88,0.9961254000663757,1,0.6091211099597378
88,0.9977391958236694,0,0.6651416167727789
88,0.9999985694885254,0,0.7432803909590715
88,0.9998254179954529,0,0.7375617002063249
88,0.9999457597732544,0,0.741739185091109
88,0.9999511241912842,0,0.7419254028422881
88,0.9999984502792358,0,0.7432803909590715
88,0.999999,0,0.7432803909590715
88,0.999999,0,0.7432803909590715
88,0.9993759989738464,0,0.721960790829766
88,0.99998939037323,0,0.7432537561340323
88,0.9999984502792358,0,0.7432803909590715
88,0.965260922908783,0,0.5490421387250453
88,0.998946487903595,0,0.7070509562186941
88,0.9999983310699463,0,0.7432803909590715
88,0.9999923706054688,0,0.7432803909590715
88,0.9804689288139343,0,0.5665419194314429
88,0.9994136095046997,0,0.7232663841741439
88,0.9999936819076538,0,0.7432803909590715
88,0.9830005168914795,0,0.5694550058986809
88,0.9966179728507996,0,0.6262200376902262
88,0.999758780002594,0,0.7352484619194559
88,0.9999285936355591,0,0.741143288287336
89,0.9999881982803345,1,0.7432123744115481
89,0.999994158744812,1,0.7432803909590715
89,0.9999966621398926,1,0.7432803909590715
89,0.9999953508377075,1,0.7432803909590715
89,0.9999969005584717,1,0.7432803909590715
89,0.999998927116394,1,0.7432803909590715
89,0.9999765157699585,1,0.7428068335312025
89,0.9999973773956299,1,0.7432803909590715
89,0.999998927116394,1,0.7432803909590715
89,0.999998927116394,1,0.7432803909590715
89,0.9999966621398926,1,0.7432803909590715
89,0.9999985694885254,1,0.7432803909590715
89,0.9999927282333374,1,0.7432803909590715
89,0.9999979734420776,1,0.7432803909590715
89,0.9999984502792358,1,0.7432803909590715
89,0.9999947547912598,1,0.7432803909590715
89,0.9999988079071045,1,0.7432803909590715
89,0.9999969005584717,1,0.7432803909590715
89,0.9999599456787109,1,0.7422316275886716
89,0.9999361038208008,1,0.7414039931389867
89,0.9999983310699463,1,0.7432803909590715
89,0.9999959468841553,1,0.7432803909590715
89,0.9999960660934448,1,0.7432803909590715
89,0.9999945163726807,1,0.7432803909590715
89,0.999998927116394,1,0.7432803909590715
89,0.9999983310699463,1,0.7432803909590715
89,0.9999980926513672,1,0.7432803909590715
89,0.9999815225601196,1,0.7429806367656363
89,0.9999947547912598,0,0.7432803909590715
89,0.9999979734420776,0,0.7432803909590715
89,0.999996542930603,0,0.7432803909590715
89,0.9999964237213135,0,0.7432803909590715
89,0.999919056892395,0,0.740812234507462
89,0.9999934434890747,0,0.7432803909590715
89,0.9999970197677612,0,0.7432803909590715
89,0.9999959468841553,0,0.7432803909590715
89,0.9999934434890747,0,0.7432803909590715
89,0.999995231628418,0,0.7432803909590715
89,0.9999951124191284,0,0.7432803909590715
89,0.9999945163726807,0,0.7432803909590715
89,0.9999940395355225,0,0.7432803909590715
89,0.999995231628418,0,0.7432803909590715
89,0.9999986886978149,0,0.7432803909590715
89,0.9999834299087524,0,0.7430468475216111
89,0.9999943971633911,0,0.7432803909590715
89,0.9999195337295532,0,0.7408287871964557
89,0.9999974966049194,0,0.7432803909590715
89,0.9999275207519531,0,0.7411060447371002
89,0.9999771118164062,0,0.7428275243924446
89,0.9985519051551819,0,0.6933536060764103
89,0.9998526573181152,0,0.7385072725650899
89,0.9999982118606567,0,0.7432803909590715
89,0.9999710321426392,0,0.7426164776077749
89,0.9999345541000366,0,0.7413501968997572
89,0.9999969005584717,0,0.7432803909590715
89,0.9999979734420776,0,0.7432803909590715
89,0.999999,0,0.7432803909590715
89,0.9993682503700256,0,0.7216918096336186
89,0.9837546944618225,0,0.5703228344737749
89,0.9999827146530151,0,0.7430220184881206
89,0.9886274933815002,0,0.5759299412208763
89,0.9999986886978149,0,0.7432803909590715
89,0.9999918937683105,0,0.7432803909590715
89,0.999994158744812,0,0.7432803909590715
89,0.9999979734420776,0,0.7432803909590715
89,0.9999945163726807,0,0.7432803909590715
89,0.9999964237213135,0,0.7432803909590715
89,0.9999935626983643,0,0.7432803909590715
89,0.9999978542327881,0,0.7432803909590715
89,0.9999957084655762,0,0.7432803909590715
89,0.9999967813491821,0,0.7432803909590715
89,0.999999,0,0.7432803909590715
89,0.999999,0,0.7432803909590715
89,0.999969482421875,0,0.7425626813685455
89,0.9999985694885254,0,0.7432803909590715
89,0.999998927116394,0,0.7432803909590715
89,0.9999978542327881,0,0.7432803909590715
89,0.9999947547912598,0,0.7432803909590715
90,0.999998927116394,1,0.7432803909590715
90,0.9999938011169434,1,0.7432803909590715
90,0.9999912977218628,1,0.7432803909590715
90,0.9999984502792358,1,0.7432803909590715
90,0.9999889135360718,1,0.7432372034450386
90,0.999962568283081,1,0.7423226673781369
90,0.999999,1,0.7432803909590715
90,0.9999971389770508,1,0.7432803909590715
90,0.999999,1,0.7432803909590715
90,0.9999840259552002,1,0.7430675383828532
90,0.999999,1,0.7432803909590715
90,0.9999973773956299,1,0.7432803909590715
90,0.9999985694885254,1,0.7432803909590715
90,0.9998873472213745,1,0.7397114806893813
90,0.9999969005584717,1,0.7432803909590715
90,0.9999984502792358,1,0.7432803909590715
90,0.9999970197677612,1,0.7432803909590715
90,0.9999960660934448,1,0.7432803909590715
90,0.9999972581863403,1,0.7432803909590715
90,0.9999891519546509,1,0.7432454797895355
90,0.999999,1,0.7432803909590715
90,0.9999940395355225,1,0.7432803909590715
90,0.9999982118606567,1,0.7432803909590715
90,0.9999986886978149,1,0.7432803909590715
90,0.9999979734420776,1,0.7432803909590715
90,0.999999,1,0.7432803909590715
90,0.9999899864196777,1,0.7432744469952745
90,0.9999986886978149,1,0.7432803909590715
90,0.9999836683273315,1,0.743055123866108
90,0.9999880790710449,1,0.7432082362392997
90,0.9844444990158081,0,0.5711165893223926
90,0.9999936819076538,1,0.7432803909590715
90,0.9999436140060425,1,0.7416646979906375
90,0.9999867677688599,1,0.743162716344567
90,0.9999986886978149,1,0.7432803909590715
90,0.9999980926513672,1,0.7432803909590715
90,0.9999897480010986,1,0.7432661706507776
90,0.9999980926513672,1,0.7432803909590715
90,0.9999741315841675,1,0.742724070086234
90,0.999999,1,0.7432803909590715
90,0.9221768975257874,1,0.507074652302115
90,0.9999872446060181,1,0.7431792690335607
90,0.9999634027481079,1,0.7423516345838759
90,0.9999983310699463,1,0.7432803909590715
90,0.9997807145118713,1,0.7360098856131659
90,0.9999850988388062,1,0.743104781933089
90,0.9941930174827576,1,0.5823341635690004
90,0.9999978542327881,1,0.7432803909590715
90,0.9999986886978149,1,0.7432803909590715
90,0.9999847412109375,1,0.7430923674163438
90,0.9999986886978149,1,0.7432803909590715
90,0.999999,1,0.7432803909590715
90,0.9999940395355225,1,0.7432803909590715
90,0.999999,1,0.7432803909590715
90,0.9999963045120239,1,0.7432803909590715
90,0.9999880790710449,1,0.7432082362392997
90,0.999995231628418,1,0.7432803909590715
90,0.9999984502792358,1,0.7432803909590715
90,0.9999977350234985,1,0.7432803909590715
90,0.999999,1,0.7432803909590715
90,0.999999,1,0.7432803909590715
90,0.9999978542327881,1,0.7432803909590715
90,0.9999945163726807,1,0.7432803909590715
90,0.9999779462814331,1,0.7428564915981836
90,0.9999314546585083,1,0.7412426044212982
90,0.999999,1,0.7432803909590715
90,0.9999083280563354,1,0.7404397990051039
90,0.9999977350234985,1,0.7432803909590715
90,0.9999983310699463,1,0.7432803909590715
90,0.9999171495437622,1,0.7407460237514873
90,0.9999982118606567,1,0.7432803909590715
90,0.9999961853027344,1,0.7432803909590715
90,0.9999967813491821,1,0.7432803909590715
90,0.9999971389770508,1,0.7432803909590715
90,0.9999966621398926,1,0.7432803909590715
90,0.9999974966049194,1,0.7432803909590715
90,0.999999,1,0.7432803909590715
90,0.9999963045120239,1,0.7432803909590715
90,0.9998500347137451,1,0.7384162327756245
90,0.9999446868896484,1,0.7417019415408732
90,0.9999964237213135,1,0.7432803909590715
90,0.9999794960021973,1,0.7429102878374131
90,0.9999566078186035,1,0.7421157587657157
91,0.9999974966049194,1,0.7432803909590715
91,0.999998927116394,1,0.7432803909590715
91,0.9999954700469971,1,0.7432803909590715
91,0.9999514818191528,1,0.7419378173590334
91,0.9999879598617554,1,0.7432040980670512
91,0.999998927116394,1,0.7432803909590715
91,0.9999983310699463,1,0.7432803909590715
91,0.9999973773956299,1,0.7432803909590715
91,0.9999978542327881,1,0.7432803909590715
91,0.9999959468841553,1,0.7432803909590715
91,0.999620795249939,1,0.730458527541905
91,0.9999984502792358,1,0.7432803909590715
91,0.9999929666519165,1,0.7432803909590715
91,0.9999966621398926,1,0.7432803909590715
91,0.9999905824661255,1,0.7432803909590715
91,0.9999977350234985,1,0.7432803909590715
91,0.999999,1,0.7432803909590715
91,0.999997615814209,1,0.7432803909590715
91,0.9999943971633911,1,0.7432803909590715
91,0.9999988079071045,1,0.7432803909590715
91,0.9999980926513672,1,0.7432803909590715
91,0.9999523162841797,1,0.7419667845647724
92,0.9999879598617554,1,0.7432040980670512
92,0.9999974966049194,1,0.7432803909590715
92,0.999997615814209,1,0.7432803909590715
92,0.9999985694885254,1,0.7432803909590715
92,0.9999955892562866,1,0.7432803909590715
92,0.9999967813491821,1,0.7432803909590715
92,0.999999,1,0.7432803909590715
92,0.9999936819076538,1,0.7432803909590715
92,0.9937909245491028,1,0.5818714771256602
92,0.9999815225601196,1,0.7429806367656363
92,0.999999,1,0.7432803909590715
92,0.9999988079071045,1,0.7432803909590715
92,0.999998927116394,1,0.7432803909590715
92,0.9999525547027588,1,0.7419750609092692
92,0.999815046787262,1,0.737201679220712
92,0.9999986886978149,1,0.7432803909590715
92,0.9999955892562866,1,0.7432803909590715
92,0.9999899864196777,1,0.7432744469952745
92,0.9999959468841553,1,0.7432803909590715
92,0.9999946355819702,1,0.7432803909590715
92,0.999999,1,0.7432803909590715
92,0.9999754428863525,1,0.7427695899809666
92,0.999999,1,0.7432803909590715
92,0.9999940395355225,1,0.7432803909590715
92,0.9999985694885254,1,0.7432803909590715
92,0.9999939203262329,1,0.7432803909590715
92,0.9999933242797852,1,0.7432803909590715
92,0.9999983310699463,1,0.7432803909590715
92,0.9999734163284302,1,0.7426992410527434
92,0.9996873140335083,1,0.7327676276565256
92,0.9999855756759644,1,0.7431213346220827
92,0.9999948740005493,1,0.7432803909590715
92,0.9999938011169434,1,0.7432803909590715
92,0.999988317489624,1,0.7432165125837965
92,0.9999986886978149,1,0.7432803909590715
92,0.999999,1,0.7432803909590715
92,0.999998927116394,1,0.7432803909590715
92,0.9999949932098389,1,0.7432803909590715
92,0.999999,1,0.7432803909590715
92,0.9999969005584717,1,0.7432803909590715
92,0.9999983310699463,1,0.7432803909590715
92,0.9999904632568359,1,0.7432803909590715
92,0.999999,1,0.7432803909590715
92,0.9999988079071045,1,0.7432803909590715
92,0.9999984502792358,1,0.7432803909590715
92,0.9999985694885254,1,0.7432803909590715
92,0.9999954700469971,1,0.7432803909590715
92,0.9999970197677612,1,0.7432803909590715
92,0.9999923706054688,1,0.7432803909590715
92,0.9999986886978149,1,0.7432803909590715
92,0.9999985694885254,1,0.7432803909590715
92,0.9999573230743408,1,0.7421405877992062
93,0.9999947547912598,1,0.7432803909590715
93,0.9999971389770508,1,0.7432803909590715
93,0.9999730587005615,1,0.7426868265359982
93,0.9999971389770508,1,0.7432803909590715
93,0.9999899864196777,1,0.7432744469952745
93,0.999999,1,0.7432803909590715
93,0.9999988079071045,1,0.7432803909590715
93,0.999999,1,0.7432803909590715
93,0.999999,1,0.7432803909590715
93,0.9999986886978149,1,0.7432803909590715
93,0.9999951124191284,1,0.7432803909590715
93,0.9999978542327881,1,0.7432803909590715
93,0.9999986886978149,1,0.7432803909590715
93,0.9999959468841553,1,0.7432803909590715
93,0.9999985694885254,1,0.7432803909590715
93,0.999996542930603,1,0.7432803909590715
93,0.9999618530273438,1,0.7422978383446464
93,0.999997615814209,1,0.7432803909590715
93,0.9999946355819702,1,0.7432803909590715
93,0.9999938011169434,1,0.7432803909590715
93,0.9999953508377075,1,0.7432803909590715
93,0.999994158744812,1,0.7432803909590715
93,0.9998277425765991,0,0.7376423945651692
93,0.9999946355819702,0,0.7432803909590715
93,0.999999,0,0.7432803909590715
93,0.999999,0,0.7432803909590715
93,0.999999,0,0.7432803909590715
93,0.9999943971633911,0,0.7432803909590715
93,0.9999927282333374,0,0.7432803909590715
93,0.9999971389770508,0,0.7432803909590715
93,0.9999785423278809,0,0.7428771824594257
93,0.9999815225601196,0,0.7429806367656363
93,0.999999,0,0.7432803909590715
93,0.9999397993087769,0,0.7415322764786879
93,0.999999,0,0.7432803909590715
93,0.9999988079071045,0,0.7432803909590715
93,0.999999,0,0.7432803909590715
93,0.9999945163726807,0,0.7432803909590715
93,0.9999940395355225,0,0.7432803909590715
93,0.9999606609344482,0,0.7422564566221621
93,0.9999823570251465,0,0.7430096039713753
93,0.9999985694885254,0,0.7432803909590715
93,0.999996542930603,0,0.7432803909590715
93,0.9999969005584717,0,0.7432803909590715
93,0.999985933303833,0,0.743133749138828
94,0.6396005153656006,1,0.22459893048128343
94,0.8813444972038269,1,0.46106520015851327
94,0.999996542930603,1,0.7432803909590715
94,0.9999951124191284,1,0.7432803909590715
94,0.9999326467514038,1,0.7412839861437824
94,0.9999514818191528,1,0.7419378173590334
94,0.9969279170036316,1,0.6369792855361288
94,0.9999558925628662,1,0.7420909297322251
94,0.9998903274536133,1,0.7398149349955919
94,0.980628490447998,1,0.5667255262516063
94,0.9987720847129822,1,0.7009968102192496
94,0.9909047484397888,1,0.5785503678817501
94,0.9998090863227844,1,0.7369947706082909
94,0.6447715163230896,1,0.22459893048128343
94,0.999998927116394,1,0.7432803909590715
94,0.9999979734420776,1,0.7432803909590715
94,0.9988551139831543,1,0.7038790471902769
95,0.9999963045120239,1,0.7432803909590715
95,0.9999967813491821,1,0.7432803909590715
95,0.9999974966049194,1,0.7432803909590715
95,0.999998927116394,1,0.7432803909590715
95,0.999995231628418,1,0.7432803909590715
95,0.9999833106994629,1,0.7430427093493627
95,0.9999963045120239,1,0.7432803909590715
95,0.9999982118606567,1,0.7432803909590715
95,0.999999,1,0.7432803909590715
95,0.9999914169311523,1,0.7432803909590715
95,0.999999,1,0.7432803909590715
95,0.999998927116394,1,0.7432803909590715
95,0.9999960660934448,1,0.7432803909590715
95,0.999999,1,0.7432803909590715
95,0.9999955892562866,1,0.7432803909590715
95,0.99998939037323,1,0.7432537561340323
95,0.9999959468841553,1,0.7432803909590715
95,0.999999,1,0.7432803909590715
95,0.9999974966049194,1,0.7432803909590715
95,0.9178473353385925,0,0.5053478422652212
95,0.9998360872268677,1,0.737932066622559
95,0.9999431371688843,0,0.7416481453016438
95,0.9999266862869263,1,0.7410770775313612
95,0.999999,1,0.7432803909590715
95,0.9999957084655762,1,0.7432803909590715
95,0.999996542930603,1,0.7432803909590715
95,0.9999912977218628,1,0.7432803909590715
95,0.9999970197677612,1,0.7432803909590715
95,0.9999599456787109,1,0.7422316275886716
95,0.9999934434890747,1,0.7432803909590715
95,0.9999983310699463,1,0.7432803909590715
95,0.999999,1,0.7432803909590715
95,0.9999983310699463,1,0.7432803909590715
95,0.9999961853027344,1,0.7432803909590715
95,0.999999,1,0.7432803909590715
95,0.9999637603759766,1,0.7423640491006211
95,0.999931812286377,1,0.7412550189380435
95,0.758725643157959,1,0.23867228355355977
95,0.9999942779541016,1,0.7432803909590715
95,0.9999988079071045,1,0.7432803909590715
95,0.9999969005584717,1,0.7432803909590715
95,0.9999967813491821,1,0.7432803909590715
95,0.9997182488441467,1,0.7338414833549917
95,0.9999973773956299,1,0.7432803909590715
95,0.9999985694885254,1,0.7432803909590715
95,0.9999980926513672,1,0.7432803909590715
95,0.9999974966049194,1,0.7432803909590715
95,0.9999973773956299,1,0.7432803909590715
95,0.9999980926513672,1,0.7432803909590715
95,0.9999985694885254,1,0.7432803909590715
95,0.999999,1,0.7432803909590715
95,0.9999451637268066,1,0.7417184942298669
95,0.9999972581863403,1,0.7432803909590715
95,0.9926464557647705,1,0.5805545422904135
95,0.999990701675415,1,0.7432803909590715
95,0.9999723434448242,1,0.7426619975025076
95,0.9999771118164062,1,0.7428275243924446
95,0.5107210874557495,1,0.22459893048128343
96,0.96854567527771,0,0.5528218877920529
96,0.9999972581863403,0,0.7432803909590715
96,0.9999980926513672,0,0.7432803909590715
96,0.9999985694885254,0,0.7432803909590715
96,0.9999961853027344,0,0.7432803909590715
96,0.9999988079071045,0,0.7432803909590715
96,0.9999983310699463,0,0.7432803909590715
96,0.9993398785591125,0,0.7207069246384936
96,0.9999978542327881,0,0.7432803909590715
96,0.999303936958313,0,0.7194592657055937
96,0.9999608993530273,0,0.742264732966659
96,0.9999657869338989,0,0.7424343980288444
96,0.9999985694885254,0,0.7432803909590715
96,0.9999929666519165,0,0.7432803909590715
96,0.9999986886978149,0,0.7432803909590715
96,0.9999984502792358,0,0.7432803909590715
96,0.9999904632568359,0,0.7432803909590715
96,0.9999980926513672,0,0.7432803909590715
96,0.9999884366989136,0,0.7432206507560449
96,0.9999958276748657,0,0.7432803909590715
96,0.999983549118042,0,0.7430509856938595
96,0.9999903440475464,0,0.7432803909590715
96,0.9999948740005493,0,0.7432803909590715
96,0.9999986886978149,0,0.7432803909590715
96,0.999999,0,0.7432803909590715
96,0.9999842643737793,0,0.7430758147273501
96,0.9999711513519287,0,0.7426206157800234
96,0.9999977350234985,0,0.7432803909590715
96,0.9999916553497314,0,0.7432803909590715
96,0.9999980926513672,0,0.7432803909590715
96,0.9999926090240479,0,0.7432803909590715
96,0.9999988079071045,0,0.7432803909590715
96,0.9999985694885254,0,0.7432803909590715
96,0.9999884366989136,0,0.7432206507560449
96,0.9999779462814331,0,0.7428564915981836
96,0.9999982118606567,0,0.7432803909590715
96,0.9999988079071045,0,0.7432803909590715
96,0.9999984502792358,0,0.7432803909590715
96,0.9999874830245972,0,0.7431875453780575
96,0.857031524181366,0,0.4200760208211064
96,0.9999982118606567,0,0.7432803909590715
96,0.999999,0,0.7432803909590715
96,0.9999874830245972,0,0.7431875453780575
96,0.9999963045120239,0,0.7432803909590715
96,0.9999939203262329,0,0.7432803909590715
96,0.9999985694885254,0,0.7432803909590715
97,0.9999788999557495,1,0.742889596976171
97,0.9999791383743286,1,0.7428978733206678
97,0.999941349029541,1,0.7415860727179174
97,0.999998927116394,1,0.7432803909590715
97,0.9999915361404419,1,0.7432803909590715
97,0.9999982118606567,1,0.7432803909590715
97,0.9999982118606567,1,0.7432803909590715
97,0.9999986886978149,1,0.7432803909590715
97,0.9999977350234985,1,0.7432803909590715
97,0.999997615814209,1,0.7432803909590715
97,0.9999982118606567,1,0.7432803909590715
97,0.9999986886978149,1,0.7432803909590715
97,0.999999,1,0.7432803909590715
97,0.9999971389770508,1,0.7432803909590715
97,0.9999986886978149,1,0.7432803909590715
97,0.9999973773956299,1,0.7432803909590715
97,0.9999986886978149,1,0.7432803909590715
97,0.9999967813491821,1,0.7432803909590715
97,0.9999988079071045,1,0.7432803909590715
97,0.9999921321868896,1,0.7432803909590715
97,0.999999,1,0.7432803909590715
97,0.9999983310699463,1,0.7432803909590715
97,0.9999964237213135,1,0.7432803909590715
97,0.9999929666519165,1,0.7432803909590715
97,0.999999,1,0.7432803909590715
97,0.9999978542327881,1,0.7432803909590715
97,0.999999,1,0.7432803909590715
97,0.9999972581863403,1,0.7432803909590715
97,0.999999,1,0.7432803909590715
97,0.999999,1,0.7432803909590715
97,0.9999974966049194,1,0.7432803909590715
97,0.999999,1,0.7432803909590715
97,0.999999,1,0.7432803909590715
97,0.9999988079071045,1,0.7432803909590715
97,0.999998927116394,1,0.7432803909590715
97,0.9999620914459229,1,0.7423061146891432
97,0.9998728036880493,1,0.7392066236750735
97,0.999993085861206,1,0.7432803909590715
97,0.999996542930603,1,0.7432803909590715
97,0.9999980926513672,1,0.7432803909590715
97,0.9999958276748657,1,0.7432803909590715
97,0.9999843835830688,1,0.7430799528995985
97,0.9999986886978149,1,0.7432803909590715
97,0.999997615814209,1,0.7432803909590715
97,0.9999966621398926,1,0.7432803909590715
97,0.9999961853027344,1,0.7432803909590715
97,0.9999983310699463,1,0.7432803909590715
97,0.9992706179618835,1,0.7183026465621591
97,0.9999912977218628,1,0.7432803909590715
97,0.9999969005584717,1,0.7432803909590715
97,0.999999,1,0.7432803909590715
97,0.9999938011169434,1,0.7432803909590715
97,0.9999985694885254,1,0.7432803909590715
97,0.9999986886978149,1,0.7432803909590715
97,0.9999467134475708,1,0.7417722904690964
97,0.9999988079071045,1,0.7432803909590715
97,0.9999986886978149,1,0.7432803909590715
97,0.9999979734420776,1,0.7432803909590715
97,0.9999980926513672,1,0.7432803909590715
97,0.9999552965164185,1,0.742070238870983
97,0.9999947547912598,1,0.7432803909590715
97,0.999998927116394,1,0.7432803909590715
97,0.9999927282333374,1,0.7432803909590715
97,0.999992847442627,1,0.7432803909590715
97,0.9999940395355225,1,0.7432803909590715
97,0.9999958276748657,1,0.7432803909590715
98,0.9999366998672485,1,0.7414246840002289
98,0.9999799728393555,1,0.7429268405264068
98,0.9999973773956299,1,0.7432803909590715
98,0.99931800365448,0,0.7199475700309078
98,0.9963605999946594,0,0.6172857238058785
98,0.9803552627563477,0,0.5664111244347857
98,0.999906063079834,0,0.7403611737323839
98,0.9999940395355225,0,0.7432803909590715
98,0.9999967813491821,0,0.7432803909590715
98,0.999996542930603,0,0.7432803909590715
98,0.999995231628418,0,0.7432803909590715
98,0.9999978542327881,0,0.7432803909590715
98,0.9999985694885254,0,0.7432803909590715
98,0.9990437626838684,0,0.7104277047734081
98,0.9999603033065796,0,0.7422440421054168
98,0.9999858140945435,0,0.7431296109665796
98,0.999999,0,0.7432803909590715
98,0.9997987151145935,0,0.7366347496226779
98,0.9999589920043945,0,0.7421985222106842
98,0.9999984502792358,0,0.7432803909590715
98,0.9999256134033203,0,0.7410398339811254
98,0.9999970197677612,0,0.7432803909590715
98,0.9996284246444702,0,0.7307233705658042
98,0.9999960660934448,0,0.7432803909590715
98,0.9999922513961792,0,0.7432803909590715
98,0.9999419450759888,0,0.7416067635791596
98,0.9999877214431763,0,0.7431958217225544
98,0.9999973773956299,0,0.7432803909590715
98,0.9999980926513672,0,0.7432803909590715
98,0.9999455213546753,0,0.7417309087466122
98,0.9998239874839783,0,0.7375120421393438
98,0.9993531107902527,0,0.7211662617580686
98,0.9999786615371704,0,0.7428813206316741
98,0.9999945163726807,0,0.7432803909590715
98,0.9999988079071045,0,0.7432803909590715
98,0.999999,0,0.7432803909590715
98,0.9999983310699463,0,0.7432803909590715
98,0.9999963045120239,0,0.7432803909590715
98,0.9999988079071045,0,0.7432803909590715
98,0.9999206066131592,0,0.7408660307466916
98,0.9999972581863403,1,0.7432803909590715
98,0.9999325275421143,0,0.741279847971534
98,0.9999899864196777,0,0.7432744469952745
98,0.9999979734420776,0,0.7432803909590715
98,0.9999659061431885,0,0.7424385362010928
98,0.999999,0,0.7432803909590715
98,0.9999716281890869,0,0.7426371684690171
98,0.9999978542327881,0,0.7432803909590715
98,0.9968300461769104,0,0.6335818461201725
98,0.9999443292617798,0,0.741689527024128
98,0.999999,0,0.7432803909590715
98,0.9999021291732788,0,0.7402246140481858
98,0.9999947547912598,0,0.7432803909590715
98,0.9999929666519165,0,0.7432803909590715
98,0.8945924043655396,0,0.4833998131239906
98,0.47098830342292786,0,0.22459893048128343
98,0.9999970197677612,0,0.7432803909590715
98,0.999914288520813,0,0.7406467076175252
98,0.4226587414741516,0,0.22459893048128343
98,0.9703924655914307,0,0.5549469807005101
98,0.9994542002677917,0,0.7246754318247323
98,0.9996424913406372,0,0.7312116748911182
98,0.999999,0,0.7432803909590715
98,0.9999113082885742,0,0.7405432533113145
98,0.9999918937683105,0,0.7432803909590715
98,0.9999971389770508,0,0.7432803909590715
98,0.9999985694885254,0,0.7432803909590715
98,0.9962825179100037,0,0.6145752209831608
98,0.9999923706054688,0,0.7432803909590715
98,0.9999979734420776,0,0.7432803909590715
98,0.824855387210846,0,0.3613150632350855
98,0.9999910593032837,0,0.7432803909590715
98,0.9999979734420776,0,0.7432803909590715
99,0.9999977350234985,1,0.7432803909590715
99,0.999990701675415,1,0.7432803909590715
99,0.9999980926513672,1,0.7432803909590715
99,0.999981164932251,1,0.742968222248891
99,0.9999967813491821,1,0.7432803909590715
99,0.9999985694885254,1,0.7432803909590715
99,0.999993085861206,1,0.7432803909590715
99,0.999999,1,0.7432803909590715
99,0.999999,1,0.7432803909590715
99,0.9999878406524658,1,0.7431999598948028
99,0.9999948740005493,1,0.7432803909590715
99,0.9999959468841553,1,0.7432803909590715
99,0.999996542930603,1,0.7432803909590715
99,0.9999978542327881,1,0.7432803909590715
99,0.9999964237213135,1,0.7432803909590715
99,0.9999951124191284,1,0.7432803909590715
99,0.9998528957366943,1,0.7385155489095867
99,0.999999,1,0.7432803909590715
99,0.9999980926513672,1,0.7432803909590715
99,0.9999973773956299,1,0.7432803909590715
99,0.999997615814209,1,0.7432803909590715
99,0.9999979734420776,1,0.7432803909590715
99,0.9999982118606567,1,0.7432803909590715
99,0.9999957084655762,1,0.7432803909590715
99,0.9999982118606567,1,0.7432803909590715
99,0.999996542930603,1,0.7432803909590715
99,0.9999978542327881,1,0.7432803909590715
99,0.999968409538269,1,0.7425254378183097
99,0.999999,1,0.7432803909590715
99,0.9999934434890747,1,0.7432803909590715
99,0.9999982118606567,1,0.7432803909590715
99,0.9999978542327881,1,0.7432803909590715
99,0.9999985694885254,1,0.7432803909590715
99,0.9999982118606567,1,0.7432803909590715
99,0.999999,1,0.7432803909590715
99,0.999999,1,0.7432803909590715
99,0.9999978542327881,1,0.7432803909590715
99,0.9999986886978149,1,0.7432803909590715
99,0.999999,1,0.7432803909590715
99,0.999993085861206,1,0.7432803909590715
99,0.999980092048645,1,0.7429309786986552
99,0.9999452829360962,1,0.7417226324021153
99,0.9999943971633911,1,0.7432803909590715
99,0.999999,1,0.7432803909590715
100,0.9999966621398926,1,0.7432803909590715
100,0.9999988079071045,1,0.7432803909590715
100,0.9999984502792358,1,0.7432803909590715
100,0.9999661445617676,1,0.7424468125455896
100,0.9999984502792358,1,0.7432803909590715
100,0.9999958276748657,1,0.7432803909590715
100,0.9998874664306641,1,0.7397156188616297
100,0.999997615814209,1,0.7432803909590715
100,0.9999963045120239,1,0.7432803909590715
100,0.9999755620956421,1,0.7427737281532151
100,0.9999957084655762,1,0.7432803909590715
100,0.999999,1,0.7432803909590715
100,0.9999970197677612,1,0.7432803909590715
100,0.9999978542327881,1,0.7432803909590715
100,0.999999,1,0.7432803909590715
100,0.9999982118606567,1,0.7432803909590715
100,0.999999,1,0.7432803909590715
100,0.9940211176872253,0,0.5821363592845958
100,0.9999960660934448,1,0.7432803909590715
100,0.9999716281890869,1,0.7426371684690171
100,0.999998927116394,1,0.7432803909590715
100,0.9999983310699463,1,0.7432803909590715
100,0.999999,1,0.7432803909590715
100,0.9999978542327881,1,0.7432803909590715
100,0.9999945163726807,1,0.7432803909590715
100,0.999999,1,0.7432803909590715
100,0.9999924898147583,1,0.7432803909590715
100,0.9999690055847168,1,0.7425461286795518
100,0.9999972581863403,1,0.7432803909590715
100,0.9999574422836304,1,0.7421447259714546
100,0.999999,1,0.7432803909590715
100,0.9999985694885254,1,0.7432803909590715
100,0.999999,1,0.7432803909590715
100,0.9999973773956299,1,0.7432803909590715
100,0.9970184564590454,1,0.6401222273588069
100,0.9998757839202881,1,0.7393100779812841
100,0.9999716281890869,1,0.7426371684690171
100,0.9999911785125732,1,0.7432803909590715
100,0.9999959468841553,1,0.7432803909590715
100,0.9999727010726929,1,0.7426744120192529
100,0.9996424913406372,1,0.7312116748911182
100,0.9998313188552856,1,0.737766539732622
101,0.9999696016311646,1,0.742566819540794
101,0.9999940395355225,1,0.7432803909590715
101,0.9999966621398926,1,0.7432803909590715
101,0.9999957084655762,1,0.7432803909590715
101,0.999999,1,0.7432803909590715
101,0.9999946355819702,1,0.7432803909590715
101,0.9999464750289917,1,0.7417640141245996
101,0.9999973773956299,1,0.7432803909590715
101,0.9999985694885254,1,0.7432803909590715
101,0.9998869895935059,1,0.739699066172636
101,0.9999974966049194,1,0.7432803909590715
101,0.9999964237213135,1,0.7432803909590715
101,0.999999,1,0.7432803909590715
101,0.9999959468841553,1,0.7432803909590715
101,0.9999949932098389,1,0.7432803909590715
101,0.999999,1,0.7432803909590715
101,0.9999974966049194,1,0.7432803909590715
101,0.9999982118606567,1,0.7432803909590715
101,0.9999983310699463,1,0.7432803909590715
101,0.9999978542327881,1,0.7432803909590715
101,0.9999959468841553,1,0.7432803909590715
101,0.9999983310699463,1,0.7432803909590715
101,0.999998927116394,1,0.7432803909590715
101,0.9999984502792358,1,0.7432803909590715
101,0.999985933303833,1,0.743133749138828
101,0.9999822378158569,1,0.7430054657991269
101,0.999999,1,0.7432803909590715
101,0.9992431402206421,0,0.7173487978588975
101,0.999999,0,0.7432803909590715
101,0.8570732474327087,0,0.42014636194435157
101,0.9981203675270081,0,0.6783734225371151
101,0.9999973773956299,0,0.7432803909590715
101,0.9999986886978149,0,0.7432803909590715
101,0.9999985694885254,0,0.7432803909590715
101,0.999997615814209,0,0.7432803909590715
101,0.9999828338623047,0,0.743026156660369
101,0.9999971389770508,0,0.7432803909590715
101,0.9999982118606567,0,0.7432803909590715
101,0.9999246597290039,0,0.741006728603138
101,0.9999970197677612,0,0.7432803909590715
101,0.9999940395355225,0,0.7432803909590715
101,0.9999984502792358,0,0.7432803909590715
101,0.9999895095825195,0,0.7432578943062808
101,0.999956488609314,0,0.7421116205934672
101,0.9999973773956299,0,0.7432803909590715
102,0.9999871253967285,1,0.7431751308613123
102,0.9999984502792358,1,0.7432803909590715
102,0.9999955892562866,1,0.7432803909590715
102,0.9999983310699463,1,0.7432803909590715
102,0.9999934434890747,1,0.7432803909590715
102,0.9995083808898926,1,0.726556231111641
102,0.9999988079071045,1,0.7432803909590715
102,0.9999814033508301,1,0.7429764985933879
102,0.999999,1,0.7432803909590715
102,0.9999974966049194,1,0.7432803909590715
102,0.9462634921073914,0,0.5271818846534244
102,0.9999854564666748,1,0.7431171964498343
102,0.9997779726982117,1,0.7359147076514522
102,0.9998682737350464,1,0.7390493731296334
102,0.9999675750732422,1,0.7424964706125707
102,0.999976634979248,1,0.7428109717034509
102,0.9998921155929565,1,0.7398770075793183
102,0.999901533126831,1,0.7402039231869437
102,0.9999926090240479,1,0.7432803909590715
102,0.9997617602348328,1,0.7353519162256665
102,0.999999,1,0.7432803909590715
102,0.9999972581863403,1,0.7432803909590715
102,0.9998825788497925,1,0.7395459537994443
102,0.999999,1,0.7432803909590715
102,0.9999958276748657,1,0.7432803909590715
102,0.9999986886978149,1,0.7432803909590715
102,0.9995842576026917,1,0.729190177747763
102,0.9999988079071045,1,0.7432803909590715
102,0.9971659779548645,1,0.6452432155162318
102,0.9999961853027344,1,0.7432803909590715
102,0.9999986886978149,1,0.7432803909590715
102,0.9999960660934448,1,0.7432803909590715
102,0.9999914169311523,1,0.7432803909590715
102,0.999997615814209,1,0.7432803909590715
102,0.9999871253967285,1,0.7431751308613123
102,0.9999985694885254,1,0.7432803909590715
102,0.9997583031654358,1,0.7352319092304622
102,0.999999,1,0.7432803909590715
102,0.9999834299087524,1,0.7430468475216111
102,0.9999772310256958,1,0.742831662564693
102,0.9999983310699463,1,0.7432803909590715
102,0.9999967813491821,1,0.7432803909590715
102,0.9999892711639404,1,0.7432496179617839
102,0.9999895095825195,0,0.7432578943062808
102,0.999999,0,0.7432803909590715
102,0.9996412992477417,0,0.7311702931686339
102,0.9999973773956299,0,0.7432803909590715
102,0.9999988079071045,0,0.7432803909590715
102,0.9999867677688599,0,0.743162716344567
102,0.999995231628418,0,0.7432803909590715
102,0.9999977350234985,0,0.7432803909590715
102,0.9999988079071045,0,0.7432803909590715
102,0.999999,0,0.7432803909590715
102,0.9999978542327881,0,0.7432803909590715
102,0.999997615814209,0,0.7432803909590715
102,0.9999957084655762,0,0.7432803909590715
102,0.9999974966049194,0,0.7432803909590715
102,0.9999879598617554,0,0.7432040980670512
102,0.9999966621398926,0,0.7432803909590715
102,0.9999970197677612,0,0.7432803909590715
102,0.9999902248382568,0,0.7432803909590715
102,0.9999960660934448,0,0.7432803909590715
102,0.9999750852584839,0,0.7427571754642214
102,0.9999755620956421,0,0.7427737281532151
102,0.9999942779541016,0,0.7432803909590715
102,0.999984622001648,0,0.7430882292440953
102,0.9999947547912598,0,0.7432803909590715
102,0.9999986886978149,0,0.7432803909590715
102,0.9999949932098389,0,0.7432803909590715
102,0.999992847442627,0,0.7432803909590715
102,0.9998636245727539,0,0.7388879844119449
102,0.9999980926513672,0,0.7432803909590715
102,0.9999959468841553,0,0.7432803909590715
102,0.9999854564666748,0,0.7431171964498343
102,0.9999978542327881,0,0.7432803909590715
102,0.9906017780303955,0,0.5782017412598263
102,0.9999979734420776,0,0.7432803909590715
102,0.9999899864196777,0,0.7432744469952745
102,0.9999736547470093,0,0.7427075173972403
102,0.9998297691345215,0,0.7377127434933924
102,0.9999966621398926,0,0.7432803909590715
103,0.9999972581863403,1,0.7432803909590715
103,0.9999935626983643,1,0.7432803909590715
103,0.9999979734420776,1,0.7432803909590715
103,0.9999958276748657,1,0.7432803909590715
103,0.9999983310699463,1,0.7432803909590715
103,0.999999,1,0.7432803909590715
103,0.9999985694885254,1,0.7432803909590715
103,0.999999,1,0.7432803909590715
103,0.9999974966049194,1,0.7432803909590715
103,0.9999984502792358,1,0.7432803909590715
103,0.9999980926513672,1,0.7432803909590715
103,0.9999986886978149,1,0.7432803909590715
103,0.9999889135360718,1,0.7432372034450386
103,0.9999785423278809,1,0.7428771824594257
103,0.9999986886978149,1,0.7432803909590715
103,0.9999980926513672,1,0.7432803909590715
103,0.999999,1,0.7432803909590715
103,0.9999973773956299,1,0.7432803909590715
103,0.999998927116394,1,0.7432803909590715
103,0.9999964237213135,1,0.7432803909590715
103,0.999947190284729,1,0.7417888431580901
103,0.9999983310699463,1,0.7432803909590715
103,0.9999984502792358,1,0.7432803909590715
103,0.999999,1,0.7432803909590715
103,0.9999912977218628,1,0.7432803909590715
103,0.9999983310699463,1,0.7432803909590715
103,0.9999985694885254,1,0.7432803909590715
103,0.9999940395355225,1,0.7432803909590715
103,0.9999949932098389,1,0.7432803909590715
103,0.9999949932098389,1,0.7432803909590715
103,0.9999984502792358,1,0.7432803909590715
103,0.999998927116394,1,0.7432803909590715
103,0.9999971389770508,1,0.7432803909590715
103,0.999996542930603,1,0.7432803909590715
103,0.9999985694885254,1,0.7432803909590715
103,0.9999849796295166,1,0.7431006437608406
103,0.9999958276748657,1,0.7432803909590715
103,0.9999986886978149,1,0.7432803909590715
103,0.9999877214431763,1,0.7431958217225544
103,0.9999982118606567,1,0.7432803909590715
103,0.999998927116394,1,0.7432803909590715
103,0.9999988079071045,1,0.7432803909590715
103,0.9999974966049194,1,0.7432803909590715
103,0.999999,1,0.7432803909590715
103,0.999999,1,0.7432803909590715
103,0.9999980926513672,1,0.7432803909590715
103,0.9999982118606567,1,0.7432803909590715
103,0.9999886751174927,1,0.7432289271005418
103,0.999999,1,0.7432803909590715
103,0.9999462366104126,1,0.7417557377801027
103,0.9999984502792358,1,0.7432803909590715
103,0.9999955892562866,1,0.7432803909590715
103,0.999999,1,0.7432803909590715
103,0.999999,1,0.7432803909590715
103,0.9999986886978149,1,0.7432803909590715
103,0.999999,1,0.7432803909590715
103,0.9999984502792358,1,0.7432803909590715
103,0.9999983310699463,1,0.7432803909590715
103,0.9998956918716431,1,0.7400011527467709
103,0.9999980926513672,1,0.7432803909590715
103,0.9999949932098389,1,0.7432803909590715
103,0.9999984502792358,1,0.7432803909590715
103,0.9999741315841675,1,0.742724070086234
103,0.999999,1,0.7432803909590715
104,0.9999934434890747,1,0.7432803909590715
104,0.9999971389770508,1,0.7432803909590715
104,0.9999916553497314,1,0.7432803909590715
104,0.9999918937683105,1,0.7432803909590715
104,0.9999985694885254,1,0.7432803909590715
104,0.999999,1,0.7432803909590715
104,0.9999897480010986,1,0.7432661706507776
104,0.9999985694885254,1,0.7432803909590715
104,0.9999980926513672,1,0.7432803909590715
104,0.9999974966049194,1,0.7432803909590715
104,0.999999,1,0.7432803909590715
104,0.9999953508377075,1,0.7432803909590715
104,0.9999979734420776,1,0.7432803909590715
104,0.999999,1,0.7432803909590715
104,0.9999983310699463,1,0.7432803909590715
104,0.9999984502792358,1,0.7432803909590715
104,0.9999899864196777,1,0.7432744469952745
104,0.9999927282333374,1,0.7432803909590715
104,0.9997854828834534,1,0.7361754125031029
104,0.9999978542327881,1,0.7432803909590715
104,0.9999972581863403,1,0.7432803909590715
104,0.9999889135360718,1,0.7432372034450386
104,0.9999934434890747,1,0.7432803909590715
104,0.9999933242797852,1,0.7432803909590715
104,0.6436459422111511,1,0.22459893048128343
104,0.9998633861541748,1,0.7388797080674481
104,0.9999847412109375,1,0.7430923674163438
104,0.9999988079071045,1,0.7432803909590715
104,0.9999945163726807,1,0.7432803909590715
104,0.9991733431816101,1,0.7149258980074451
104,0.9999732971191406,1,0.742695102880495
104,0.9999899864196777,1,0.7432744469952745
104,0.9999927282333374,1,0.7432803909590715
104,0.999967098236084,1,0.742479917923577
104,0.999997615814209,1,0.7432803909590715
104,0.9999983310699463,1,0.7432803909590715
104,0.9999982118606567,1,0.7432803909590715
104,0.999999,1,0.7432803909590715
104,0.9999979734420776,1,0.7432803909590715
104,0.9999653100967407,1,0.7424178453398507
104,0.999881386756897,1,0.7395045720769601
104,0.9999737739562988,1,0.7427116555694887
104,0.9999814033508301,1,0.7429764985933879
104,0.999955415725708,1,0.7420743770432314
104,0.9999969005584717,1,0.7432803909590715
104,0.9999951124191284,1,0.7432803909590715
104,0.9999942779541016,1,0.7432803909590715
105,0.9999921321868896,1,0.7432803909590715
105,0.9998268485069275,1,0.737611358273306
105,0.999993085861206,1,0.7432803909590715
105,0.999999,1,0.7432803909590715
105,0.9999966621398926,1,0.7432803909590715
105,0.999999,1,0.7432803909590715
105,0.9999946355819702,1,0.7432803909590715
105,0.9998270869255066,1,0.7376196346178029
105,0.9995643496513367,1,0.7284991029822762
105,0.9999892711639404,1,0.7432496179617839
105,0.9999719858169556,1,0.7426495829857623
105,0.9999971389770508,1,0.7432803909590715
105,0.999998927116394,1,0.7432803909590715
105,0.9999949932098389,1,0.7432803909590715
105,0.9999880790710449,1,0.7432082362392997
105,0.7200503945350647,1,0.22459893048128343
105,0.9999988079071045,1,0.7432803909590715
105,0.9999983310699463,1,0.7432803909590715
105,0.9999973773956299,1,0.7432803909590715
105,0.9998868703842163,1,0.7396949280003876
105,0.9999977350234985,1,0.7432803909590715
105,0.9999946355819702,1,0.7432803909590715
105,0.9999934434890747,1,0.7432803909590715
105,0.9999810457229614,1,0.7429640840766426
105,0.9999985694885254,1,0.7432803909590715
105,0.9999985694885254,1,0.7432803909590715
105,0.7645564675331116,1,0.24948600315047223
105,0.9519777297973633,1,0.533757231027065
105,0.9999774694442749,1,0.7428399389091899
105,0.9999957084655762,1,0.7432803909590715
105,0.9999980926513672,1,0.7432803909590715
105,0.9999967813491821,1,0.7432803909590715
105,0.9999949932098389,1,0.7432803909590715
105,0.999999,1,0.7432803909590715
105,0.9999974966049194,1,0.7432803909590715
105,0.9999823570251465,1,0.7430096039713753
105,0.9987500905990601,1,0.7002333174394154
106,0.999996542930603,1,0.7432803909590715
106,0.9999988079071045,1,0.7432803909590715
106,0.999983549118042,1,0.7430509856938595
106,0.9937931299209595,1,0.5818740148366598
106,0.9984675049781799,1,0.690423780124526
106,0.9996387958526611,1,0.731083391551417
106,0.9999877214431763,1,0.7431958217225544
106,0.9999830722808838,1,0.7430344330048658
106,0.9999618530273438,1,0.7422978383446464
106,0.9999825954437256,1,0.7430178803158721
106,0.9998531341552734,1,0.7385238252540836
106,0.9801232218742371,1,0.5661441160855532
106,0.9915269017219543,1,0.5792662767307842
106,0.9983786344528198,1,0.6873387727133259
106,0.9999973773956299,1,0.7432803909590715
106,0.9927969574928284,0,0.580727723919443
106,0.8324083685874939,0,0.37532265761159
106,0.9999375343322754,0,0.7414536512059678
106,0.999006450176239,0,0.7091324568596514
106,0.9999897480010986,0,0.7432661706507776
106,0.999993085861206,0,0.7432803909590715
106,0.9999977350234985,0,0.7432803909590715
106,0.9999963045120239,0,0.7432803909590715
106,0.9999970197677612,0,0.7432803909590715
106,0.9848802089691162,0,0.5716179587117814
106,0.997161865234375,0,0.6451004485736611
106,0.9999819993972778,0,0.74299718945463
106,0.9999984502792358,0,0.7432803909590715
106,0.9999957084655762,0,0.7432803909590715
106,0.999999,0,0.7432803909590715
106,0.9999958276748657,0,0.7432803909590715
106,0.9999974966049194,0,0.7432803909590715
106,0.998516857624054,0,0.6921369834353736
106,0.999999,0,0.7432803909590715
107,0.9999970197677612,1,0.7432803909590715
107,0.9999666213989258,1,0.7424633652345833
107,0.9999964237213135,1,0.7432803909590715
107,0.9999521970748901,1,0.741962646392524
108,0.9999932050704956,1,0.7432803909590715
108,0.9999940395355225,1,0.7432803909590715
108,0.9999984502792358,1,0.7432803909590715
108,0.9999967813491821,1,0.7432803909590715
108,0.9999688863754272,1,0.7425419905073034
108,0.9999068975448608,1,0.7403901409381228
108,0.9999978542327881,1,0.7432803909590715
108,0.999999,1,0.7432803909590715
108,0.999999,1,0.7432803909590715
108,0.9998276233673096,1,0.7376382563929208
108,0.9999966621398926,1,0.7432803909590715
108,0.999999,1,0.7432803909590715
108,0.9999737739562988,1,0.7427116555694887
108,0.999996542930603,1,0.7432803909590715
108,0.9999676942825317,1,0.7425006087848192
108,0.9999979734420776,1,0.7432803909590715
108,0.9999988079071045,1,0.7432803909590715
108,0.9999985694885254,1,0.7432803909590715
108,0.9999980926513672,1,0.7432803909590715
108,0.999999,1,0.7432803909590715
108,0.9995834231376648,1,0.729161210542024
108,0.999993085861206,1,0.7432803909590715
108,0.9999756813049316,1,0.7427778663254635
108,0.9999986886978149,1,0.7432803909590715
108,0.999997615814209,1,0.7432803909590715
108,0.9999949932098389,1,0.7432803909590715
108,0.999999,1,0.7432803909590715
108,0.9999984502792358,1,0.7432803909590715
108,0.999999,1,0.7432803909590715
108,0.9999879598617554,1,0.7432040980670512
108,0.5296674966812134,0,0.22459893048128343
108,0.9989290833473206,1,0.7064467830704242
108,0.9999852180480957,1,0.7431089201053375
108,0.9999953508377075,1,0.7432803909590715
108,0.9999954700469971,1,0.7432803909590715
108,0.9999940395355225,1,0.7432803909590715
108,0.999999,1,0.7432803909590715
108,0.9999980926513672,1,0.7432803909590715
108,0.9999983310699463,1,0.7432803909590715
108,0.9999901056289673,1,0.7432785851675229
108,0.9999867677688599,1,0.743162716344567
108,0.9999932050704956,1,0.7432803909590715
108,0.9999842643737793,1,0.7430758147273501
108,0.9999881982803345,1,0.7432123744115481
108,0.9998855590820312,1,0.7396494081056549
108,0.9998630285263062,1,0.7388672935507028
108,0.9999470710754395,1,0.7417847049858417
108,0.9987685084342957,1,0.7008726650517969
108,0.9999521970748901,1,0.741962646392524
108,0.99985671043396,1,0.7386479704215363
108,0.9999983310699463,1,0.7432803909590715
108,0.9999966621398926,1,0.7432803909590715
108,0.9999977350234985,1,0.7432803909590715
108,0.999991774559021,1,0.7432803909590715
108,0.999999,1,0.7432803909590715
108,0.9999986886978149,1,0.7432803909590715
108,0.9999988079071045,1,0.7432803909590715
108,0.9999986886978149,1,0.7432803909590715
108,0.9230051636695862,1,0.5074049993969232
108,0.9999980926513672,0,0.7432803909590715
108,0.9999109506607056,0,0.7405308387945693
108,0.9999988079071045,0,0.7432803909590715
108,0.999999,0,0.7432803909590715
108,0.9999980926513672,0,0.7432803909590715
108,0.999999,0,0.7432803909590715
109,0.9997634291648865,1,0.7354098506371444
109,0.9999939203262329,1,0.7432803909590715
109,0.999999,1,0.7432803909590715
109,0.9999949932098389,1,0.7432803909590715
109,0.9999979734420776,1,0.7432803909590715
109,0.9999470710754395,1,0.7417847049858417
109,0.999999,1,0.7432803909590715
109,0.9999960660934448,1,0.7432803909590715
109,0.9999971389770508,1,0.7432803909590715
109,0.999984860420227,1,0.7430965055885922
109,0.999999,1,0.7432803909590715
109,0.9999947547912598,1,0.7432803909590715
109,0.9999984502792358,1,0.7432803909590715
109,0.9999973773956299,1,0.7432803909590715
109,0.9999980926513672,1,0.7432803909590715
109,0.9999881982803345,1,0.7432123744115481
109,0.9999850988388062,1,0.743104781933089
109,0.9999979734420776,1,0.7432803909590715
109,0.9999986886978149,1,0.7432803909590715
109,0.9999986886978149,1,0.7432803909590715
109,0.9999916553497314,1,0.7432803909590715
109,0.999988317489624,1,0.7432165125837965
109,0.9999978542327881,1,0.7432803909590715
109,0.9968279004096985,1,0.633507359019701
109,0.9999933242797852,1,0.7432803909590715
109,0.9999361038208008,1,0.7414039931389867
109,0.9999885559082031,1,0.7432247889282934
109,0.9999983310699463,1,0.7432803909590715
109,0.9999984502792358,1,0.7432803909590715
109,0.9978724718093872,1,0.6697680933465171
109,0.41949835419654846,0,0.22459893048128343
109,0.9999756813049316,1,0.7427778663254635
109,0.99986732006073,0,0.739016267751646
109,0.9999876022338867,0,0.743191683550306
109,0.9999970197677612,0,0.7432803909590715
109,0.9999982118606567,0,0.7432803909590715
109,0.999999,0,0.7432803909590715
109,0.9999655485153198,0,0.7424261216843475
109,0.9999984502792358,0,0.7432803909590715
109,0.9999966621398926,0,0.7432803909590715
109,0.999999,0,0.7432803909590715
109,0.9999934434890747,0,0.7432803909590715
109,0.9999864101409912,0,0.7431503018278217
109,0.9999977350234985,0,0.7432803909590715
109,0.9999668598175049,0,0.7424716415790802
109,0.9999927282333374,0,0.7432803909590715
109,0.9998084902763367,0,0.7369740797470488
109,0.9999912977218628,0,0.7432803909590715
109,0.9999985694885254,0,0.7432803909590715
109,0.9999988079071045,0,0.7432803909590715
109,0.9999985694885254,0,0.7432803909590715
109,0.9999936819076538,0,0.7432803909590715
109,0.8583570718765259,0,0.4223107583066045
109,0.9998565912246704,0,0.7386438322492879
109,0.999998927116394,0,0.7432803909590715
109,0.999999,0,0.7432803909590715
109,0.9999954700469971,0,0.7432803909590715
109,0.9999734163284302,0,0.7426992410527434
109,0.9999971389770508,0,0.7432803909590715
109,0.9999881982803345,0,0.7432123744115481
109,0.9976934790611267,0,0.6635546277155083
109,0.9999901056289673,0,0.7432785851675229
109,0.999999,0,0.7432803909590715
109,0.9999966621398926,0,0.7432803909590715
109,0.9999970197677612,0,0.7432803909590715
109,0.9999504089355469,0,0.7419005738087976
109,0.9999713897705078,0,0.7426288921245202
109,0.9999943971633911,0,0.7432803909590715
109,0.9999980926513672,0,0.7432803909590715
109,0.9999932050704956,0,0.7432803909590715
109,0.9999982118606567,0,0.7432803909590715
109,0.9999805688858032,0,0.7429475313876489
109,0.7246751189231873,0,0.22459893048128343
109,0.999999,0,0.7432803909590715
109,0.9999963045120239,0,0.7432803909590715
109,0.9999964237213135,0,0.7432803909590715
109,0.999995231628418,0,0.7432803909590715
109,0.9999938011169434,0,0.7432803909590715
110,0.9999977350234985,1,0.7432803909590715
110,0.9999960660934448,1,0.7432803909590715
110,0.9999829530715942,1,0.7430302948326174
110,0.9999970197677612,1,0.7432803909590715
110,0.9999955892562866,1,0.7432803909590715
110,0.9999974966049194,1,0.7432803909590715
110,0.9999840259552002,1,0.7430675383828532
110,0.9999419450759888,1,0.7416067635791596
110,0.9999982118606567,1,0.7432803909590715
110,0.9999979734420776,1,0.7432803909590715
110,0.9999960660934448,1,0.7432803909590715
110,0.9999974966049194,1,0.7432803909590715
110,0.9999971389770508,1,0.7432803909590715
110,0.9999949932098389,1,0.7432803909590715
110,0.9999810457229614,1,0.7429640840766426
110,0.9999827146530151,1,0.7430220184881206
110,0.9999963045120239,1,0.7432803909590715
110,0.999984622001648,1,0.7430882292440953
110,0.9999847412109375,1,0.7430923674163438
110,0.9999983310699463,1,0.7432803909590715
110,0.9999946355819702,1,0.7432803909590715
110,0.999999,1,0.7432803909590715
110,0.9999978542327881,1,0.7432803909590715
110,0.9999825954437256,1,0.7430178803158721
110,0.9999978542327881,1,0.7432803909590715
110,0.9999978542327881,1,0.7432803909590715
110,0.9999984502792358,1,0.7432803909590715
110,0.9999978542327881,1,0.7432803909590715
110,0.9999978542327881,1,0.7432803909590715
110,0.9999920129776001,1,0.7432803909590715
110,0.9999984502792358,1,0.7432803909590715
110,0.9999933242797852,1,0.7432803909590715
110,0.9999972581863403,1,0.7432803909590715
110,0.999997615814209,1,0.7432803909590715
110,0.999998927116394,1,0.7432803909590715
110,0.999995231628418,1,0.7432803909590715
110,0.999998927116394,1,0.7432803909590715
110,0.999983549118042,1,0.7430509856938595
110,0.9999982118606567,1,0.7432803909590715
110,0.9999886751174927,1,0.7432289271005418
110,0.9999709129333496,1,0.7426123394355265
110,0.9999910593032837,1,0.7432803909590715
110,0.999929666519165,1,0.7411805318375718
110,0.9999700784683228,1,0.7425833722297877
110,0.9999927282333374,1,0.7432803909590715
110,0.9999867677688599,1,0.743162716344567
110,0.9999979734420776,1,0.7432803909590715
110,0.9999971389770508,1,0.7432803909590715
110,0.9999964237213135,1,0.7432803909590715
110,0.9999964237213135,1,0.7432803909590715
110,0.9999340772628784,1,0.7413336442107635
110,0.999981164932251,1,0.742968222248891
111,0.9999926090240479,1,0.7432803909590715
111,0.9999984502792358,1,0.7432803909590715
111,0.9999361038208008,1,0.7414039931389867
111,0.9999974966049194,1,0.7432803909590715
111,0.988509476184845,1,0.5757941393890035
111,0.9999769926071167,1,0.7428233862201962
111,0.9999774694442749,1,0.7428399389091899
111,0.9999160766601562,1,0.7407087802012515
111,0.9999945163726807,1,0.7432803909590715
111,0.6711194515228271,0,0.22459893048128343
111,0.999998927116394,1,0.7432803909590715
111,0.9999988079071045,1,0.7432803909590715
111,0.9999858140945435,1,0.7431296109665796
111,0.9999920129776001,1,0.7432803909590715
111,0.9993908405303955,0,0.7224759932746949
111,0.999999,1,0.7432803909590715
111,0.9999973773956299,1,0.7432803909590715
111,0.9999988079071045,1,0.7432803909590715
111,0.9999958276748657,1,0.7432803909590715
111,0.9999892711639404,1,0.7432496179617839
111,0.999982476234436,1,0.7430137421436237
111,0.999987006187439,1,0.7431709926890638
111,0.9962939620018005,1,0.6149724855190094
111,0.9999946355819702,1,0.7432803909590715
111,0.9999982118606567,1,0.7432803909590715
111,0.999999,1,0.7432803909590715
111,0.9999985694885254,1,0.7432803909590715
111,0.9986080527305603,1,0.695302685205418
111,0.999999,1,0.7432803909590715
111,0.8996732234954834,0,0.4919655531635078
111,0.9999698400497437,1,0.7425750958852908
111,0.9999709129333496,1,0.7426123394355265
111,0.9838101863861084,1,0.5703866887694685
111,0.999997615814209,1,0.7432803909590715
111,0.9999809265136719,1,0.7429599459043942
111,0.999999,1,0.7432803909590715
111,0.7321404814720154,1,0.22459893048128343
111,0.9999783039093018,1,0.7428689061149288
111,0.9999986886978149,1,0.7432803909590715
111,0.9999978542327881,1,0.7432803909590715
111,0.9999924898147583,1,0.7432803909590715
111,0.999980092048645,1,0.7429309786986552
111,0.9999316930770874,1,0.741250880765795
111,0.999993085861206,0,0.7432803909590715
111,0.9999967813491821,1,0.7432803909590715
111,0.999998927116394,1,0.7432803909590715
111,0.999222993850708,1,0.7166494467489137
111,0.9991023540496826,0,0.7124616164335086
112,0.9635158777236938,1,0.5470341234564905
112,0.9996224641799927,1,0.7305164619533829
112,0.9999901056289673,1,0.7432785851675229
112,0.9999843835830688,1,0.7430799528995985
112,0.9992295503616333,1,0.7168770462225771
112,0.999214768409729,1,0.7163639128637725
112,0.9999970197677612,1,0.7432803909590715
112,0.9999974966049194,1,0.7432803909590715
112,0.999990701675415,1,0.7432803909590715
112,0.9999964237213135,1,0.7432803909590715
112,0.9999947547912598,1,0.7432803909590715
112,0.999219536781311,1,0.7165294397537094
112,0.9999951124191284,1,0.7432803909590715
112,0.9999985694885254,1,0.7432803909590715
112,0.9999935626983643,1,0.7432803909590715
112,0.9999887943267822,1,0.7432330652727902
112,0.9999796152114868,1,0.7429144260096615
112,0.9998495578765869,1,0.7383996800866308
112,0.9999980926513672,1,0.7432803909590715
112,0.5083811283111572,0,0.22459893048128343
112,0.9993615746498108,1,0.7214600719877068
112,0.999998927116394,1,0.7432803909590715
112,0.9999959468841553,0,0.7432803909590715
112,0.997938334941864,1,0.6720544335137715
112,0.9999948740005493,1,0.7432803909590715
112,0.9999961853027344,1,0.7432803909590715
112,0.9999988079071045,1,0.7432803909590715
112,0.9999172687530518,1,0.7407501619237358
112,0.999999,1,0.7432803909590715
112,0.999995231628418,1,0.7432803909590715
112,0.9999983310699463,1,0.7432803909590715
112,0.9999972581863403,1,0.7432803909590715
112,0.999999,1,0.7432803909590715
112,0.9999809265136719,1,0.7429599459043942
112,0.9999970197677612,1,0.7432803909590715
112,0.9998987913131714,1,0.74010874522523
112,0.9999586343765259,1,0.7421861076939389
112,0.999998927116394,1,0.7432803909590715
112,0.9855292439460754,1,0.5723648002002978
112,0.9999986886978149,1,0.7432803909590715
112,0.9999349117279053,1,0.7413626114165025
112,0.9999942779541016,1,0.7432803909590715
113,0.999988317489624,1,0.7432165125837965
113,0.9999948740005493,1,0.7432803909590715
113,0.9999985694885254,1,0.7432803909590715
113,0.9999973773956299,1,0.7432803909590715
113,0.9999984502792358,1,0.7432803909590715
113,0.9999977350234985,1,0.7432803909590715
113,0.9999978542327881,1,0.7432803909590715
113,0.999992847442627,1,0.7432803909590715
113,0.9999444484710693,1,0.7416936651963764
113,0.9999939203262329,1,0.7432803909590715
113,0.9999256134033203,1,0.7410398339811254
113,0.9998759031295776,1,0.7393142161535325
113,0.9998692274093628,1,0.7390824785076208
114,0.9999926090240479,1,0.7432803909590715
114,0.9999902248382568,1,0.7432803909590715
114,0.9999977350234985,1,0.7432803909590715
114,0.9999967813491821,1,0.7432803909590715
114,0.9999988079071045,1,0.7432803909590715
114,0.9999982118606567,1,0.7432803909590715
114,0.9999979734420776,0,0.7432803909590715
114,0.9999921321868896,1,0.7432803909590715
114,0.9999959468841553,1,0.7432803909590715
114,0.9999978542327881,1,0.7432803909590715
114,0.9999939203262329,1,0.7432803909590715
114,0.9999926090240479,1,0.7432803909590715
114,0.9995348453521729,1,0.7274749053507912
114,0.9999136924743652,1,0.740626016756283
114,0.9997346997261047,1,0.7344125511252743
114,0.9999936819076538,1,0.7432803909590715
114,0.999980092048645,1,0.7429309786986552
114,0.999999,1,0.7432803909590715
114,0.9999550580978394,1,0.7420619625264862
114,0.9999902248382568,1,0.7432803909590715
114,0.9999954700469971,1,0.7432803909590715
114,0.9999843835830688,1,0.7430799528995985
114,0.9999899864196777,1,0.7432744469952745
114,0.99924635887146,1,0.7174605285096048
114,0.8469944596290588,1,0.40237370363703173
114,0.9999970197677612,1,0.7432803909590715
114,0.9570842385292053,1,0.5396332665533446
114,0.6477429270744324,1,0.22459893048128343
114,0.999993085861206,1,0.7432803909590715
114,0.9995754361152649,1,0.7288839530013796
114,0.9999743700027466,1,0.7427323464307308
114,0.999999,1,0.7432803909590715
114,0.9999731779098511,1,0.7426909647082466
114,0.9999858140945435,1,0.7431296109665796
114,0.9787864685058594,0,0.5646059202858511
115,0.9999942779541016,1,0.7432803909590715
115,0.9999980926513672,1,0.7432803909590715
115,0.9999949932098389,1,0.7432803909590715
115,0.9999892711639404,1,0.7432496179617839
115,0.9998986721038818,0,0.7401046070529815
115,0.9999890327453613,1,0.743241341617287
115,0.9995680451393127,1,0.7286273863219773
115,0.6258582472801208,1,0.22459893048128343
115,0.9999698400497437,1,0.7425750958852908
115,0.9999964237213135,1,0.7432803909590715
115,0.9999862909317017,1,0.7431461636555733
115,0.9999097585678101,1,0.740489457072085
115,0.9997133612632751,0,0.7336718182928063
115,0.999964714050293,0,0.7423971544786085
115,0.8079977035522461,0,0.330051171131873
115,0.9828668236732483,0,0.5693011657426756
115,0.9999867677688599,0,0.743162716344567
115,0.9999964237213135,0,0.7432803909590715
115,0.9999959468841553,0,0.7432803909590715
115,0.9999979734420776,0,0.7432803909590715
115,0.9999936819076538,0,0.7432803909590715
115,0.9999905824661255,0,0.7432803909590715
115,0.9967958331108093,1,0.6323941906848749
115,0.9999840259552002,1,0.7430675383828532
115,0.9999983310699463,1,0.7432803909590715
115,0.8783755898475647,1,0.4560599268030271
115,0.9995287656784058,0,0.7272638585661216
115,0.999999,0,0.7432803909590715
115,0.9999829530715942,0,0.7430302948326174
115,0.9999306201934814,0,0.7412136372155592
115,0.9999970197677612,0,0.7432803909590715
115,0.999999,0,0.7432803909590715
115,0.9999985694885254,0,0.7432803909590715
115,0.9999982118606567,0,0.7432803909590715
115,0.999999,0,0.7432803909590715
115,0.999992847442627,0,0.7432803909590715
115,0.9999936819076538,0,0.7432803909590715
115,0.9999915361404419,0,0.7432803909590715
115,0.9998337030410767,1,0.7378493031775905
115,0.9999969005584717,0,0.7432803909590715
115,0.999977707862854,0,0.7428482152536867
115,0.9999951124191284,0,0.7432803909590715
115,0.9999938011169434,0,0.7432803909590715
115,0.9999984502792358,0,0.7432803909590715
115,0.9999904632568359,0,0.7432803909590715
115,0.9999984502792358,0,0.7432803909590715
115,0.9999423027038574,0,0.7416191780959048
115,0.9999877214431763,0,0.7431958217225544
115,0.9999983310699463,0,0.7432803909590715
115,0.9999933242797852,0,0.7432803909590715
115,0.999988317489624,0,0.7432165125837965
115,0.9999868869781494,0,0.7431668545168154
115,0.9924762845039368,0,0.5803587270227384
115,0.999998927116394,0,0.7432803909590715
115,0.9999914169311523,0,0.7432803909590715
116,0.9998693466186523,1,0.7390866166798692
116,0.9212756156921387,1,0.5067151835038569
116,0.9999828338623047,1,0.743026156660369
116,0.999900221824646,1,0.740158403292211
116,0.9999895095825195,1,0.7432578943062808
116,0.9999984502792358,1,0.7432803909590715
116,0.999987006187439,1,0.7431709926890638
116,0.9999984502792358,1,0.7432803909590715
116,0.9997358918190002,1,0.7344539328477585
116,0.9999964237213135,1,0.7432803909590715
116,0.9999980926513672,1,0.7432803909590715
116,0.9999984502792358,1,0.7432803909590715
116,0.9999949932098389,1,0.7432803909590715
116,0.9884041547775269,0,0.5756729465420746
116,0.9999468326568604,0,0.7417764286413449
116,0.6110475063323975,0,0.22459893048128343
116,0.9991908669471741,0,0.7155342093279635
116,0.9999983310699463,1,0.7432803909590715
116,0.9999862909317017,0,0.7431461636555733
116,0.9999978542327881,1,0.7432803909590715
116,0.9999954700469971,0,0.7432803909590715
116,0.9999972581863403,0,0.7432803909590715
116,0.9999858140945435,0,0.7431296109665796
116,0.9999960660934448,0,0.7432803909590715
116,0.9999719858169556,0,0.7426495829857623
116,0.999998927116394,0,0.7432803909590715
116,0.9999979734420776,0,0.7432803909590715
116,0.999999,0,0.7432803909590715
116,0.9999855756759644,0,0.7431213346220827
116,0.999998927116394,0,0.7432803909590715
116,0.9999842643737793,0,0.7430758147273501
116,0.999999,0,0.7432803909590715
116,0.9807543754577637,0,0.5668703815389372
116,0.9998156428337097,0,0.7372223700819541
116,0.999999,0,0.7432803909590715
116,0.9999867677688599,0,0.743162716344567
116,0.999999,0,0.7432803909590715
116,0.9999898672103882,0,0.743270308823026
116,0.9996590614318848,0,0.7317868808336491
116,0.9852336049079895,0,0.5720246097527781
116,0.9999897480010986,0,0.7432661706507776
116,0.9999929666519165,0,0.7432803909590715
116,0.9999983310699463,0,0.7432803909590715
116,0.9999978542327881,0,0.7432803909590715
116,0.9999971389770508,0,0.7432803909590715
116,0.9999983310699463,0,0.7432803909590715
116,0.999998927116394,0,0.7432803909590715
116,0.999998927116394,0,0.7432803909590715
116,0.999999,1,0.7432803909590715
116,0.9999748468399048,0,0.7427488991197245
116,0.9999973773956299,0,0.7432803909590715
116,0.999999,0,0.7432803909590715
116,0.9999933242797852,0,0.7432803909590715
116,0.9999451637268066,0,0.7417184942298669
116,0.9999877214431763,0,0.7431958217225544
116,0.9999550580978394,0,0.7420619625264862
116,0.9993651509284973,0,0.7215842171551595
116,0.9999812841415405,0,0.7429723604211395
116,0.999997615814209,0,0.7432803909590715
116,0.999969482421875,0,0.7425626813685455
116,0.9999973773956299,0,0.7432803909590715
116,0.9999423027038574,0,0.7416191780959048
116,0.9999901056289673,0,0.7432785851675229
116,0.9999903440475464,0,0.7432803909590715
116,0.9999966621398926,0,0.7432803909590715
116,0.9997887015342712,0,0.7362871431538103
116,0.9999957084655762,1,0.7432803909590715
117,0.999984622001648,1,0.7430882292440953
117,0.9999759197235107,1,0.7427861426699603
117,0.9999680519104004,1,0.7425130233015644
117,0.9999902248382568,1,0.7432803909590715
117,0.9999914169311523,1,0.7432803909590715
117,0.9999613761901855,1,0.7422812856556527
117,0.9999972581863403,1,0.7432803909590715
117,0.9999659061431885,1,0.7424385362010928
117,0.9999958276748657,1,0.7432803909590715
117,0.999999,1,0.7432803909590715
117,0.9999963045120239,1,0.7432803909590715
117,0.999991774559021,1,0.7432803909590715
117,0.9999954700469971,1,0.7432803909590715
117,0.9999772310256958,1,0.742831662564693
117,0.9999978542327881,1,0.7432803909590715
117,0.9999939203262329,1,0.7432803909590715
117,0.9999972581863403,1,0.7432803909590715
117,0.9999961853027344,1,0.7432803909590715
117,0.9999856948852539,1,0.7431254727943312
117,0.9999971389770508,1,0.7432803909590715
117,0.999998927116394,1,0.7432803909590715
117,0.9999986886978149,1,0.7432803909590715
117,0.9999986886978149,1,0.7432803909590715
117,0.999983549118042,1,0.7430509856938595
117,0.9999948740005493,1,0.7432803909590715
117,0.9985138773918152,1,0.692033529129163
117,0.9999759197235107,1,0.7427861426699603
117,0.9996263980865479,1,0.730653021637581
117,0.987147331237793,1,0.5742267256194137
117,0.9999947547912598,1,0.7432803909590715
117,0.999999,1,0.7432803909590715
117,0.999983549118042,1,0.7430509856938595
117,0.9999986886978149,1,0.7432803909590715
117,0.9999953508377075,1,0.7432803909590715
117,0.9999988079071045,1,0.7432803909590715
117,0.9999982118606567,1,0.7432803909590715
117,0.9999954700469971,1,0.7432803909590715
117,0.9999986886978149,1,0.7432803909590715
117,0.9999951124191284,1,0.7432803909590715
117,0.999996542930603,1,0.7432803909590715
117,0.9999905824661255,1,0.7432803909590715
117,0.9999977350234985,1,0.7432803909590715
117,0.9999983310699463,1,0.7432803909590715
117,0.999999,1,0.7432803909590715
117,0.9999481439590454,1,0.7418219485360775
117,0.9999964237213135,1,0.7432803909590715
117,0.9999911785125732,1,0.7432803909590715
117,0.9999972581863403,1,0.7432803909590715
117,0.9999986886978149,1,0.7432803909590715
117,0.6164887547492981,0,0.22459893048128343
117,0.9999810457229614,0,0.7429640840766426
117,0.9999974966049194,0,0.7432803909590715
117,0.999996542930603,0,0.7432803909590715
117,0.9999957084655762,0,0.7432803909590715
117,0.999990701675415,0,0.7432803909590715
117,0.999991774559021,0,0.7432803909590715
117,0.9999979734420776,0,0.7432803909590715
117,0.9997428059577942,0,0.734693946838167
117,0.9998375177383423,0,0.73798172468954
117,0.9999818801879883,0,0.7429930512823816
117,0.9999878406524658,0,0.7431999598948028
117,0.9999932050704956,0,0.7432803909590715
117,0.9999955892562866,0,0.7432803909590715
117,0.999987006187439,0,0.7431709926890638
117,0.999999,0,0.7432803909590715
117,0.9999911785125732,0,0.7432803909590715
117,0.9803674221038818,0,0.5664251161386756
117,0.5126292109489441,0,0.22459893048128343
118,0.9999923706054688,1,0.7432803909590715
118,0.9999988079071045,1,0.7432803909590715
118,0.9999899864196777,1,0.7432744469952745
118,0.9999974966049194,1,0.7432803909590715
118,0.9999983310699463,1,0.7432803909590715
118,0.999998927116394,1,0.7432803909590715
118,0.9999967813491821,1,0.7432803909590715
118,0.9931281805038452,1,0.5811088606768758
118,0.9999969005584717,1,0.7432803909590715
118,0.9999979734420776,1,0.7432803909590715
118,0.999999,1,0.7432803909590715
118,0.9999942779541016,1,0.7432803909590715
118,0.9999986886978149,1,0.7432803909590715
118,0.9999971389770508,1,0.7432803909590715
118,0.9999982118606567,1,0.7432803909590715
118,0.9999963045120239,1,0.7432803909590715
118,0.999996542930603,1,0.7432803909590715
118,0.9999985694885254,1,0.7432803909590715
118,0.9999986886978149,1,0.7432803909590715
118,0.9999966621398926,1,0.7432803909590715
118,0.9999982118606567,1,0.7432803909590715
118,0.999999,1,0.7432803909590715
118,0.9999850988388062,1,0.743104781933089
118,0.9999923706054688,1,0.7432803909590715
118,0.9999936819076538,1,0.7432803909590715
118,0.9999957084655762,1,0.7432803909590715
118,0.999999,1,0.7432803909590715
118,0.9777867794036865,1,0.5634555827483916
118,0.9999297857284546,1,0.7411846700098202
118,0.9999951124191284,1,0.7432803909590715
118,0.9999943971633911,1,0.7432803909590715
118,0.9999827146530151,1,0.7430220184881206
118,0.9999982118606567,1,0.7432803909590715
118,0.9999963045120239,1,0.7432803909590715
118,0.9999986886978149,1,0.7432803909590715
118,0.999998927116394,1,0.7432803909590715
118,0.9999988079071045,1,0.7432803909590715
118,0.9999986886978149,1,0.7432803909590715
118,0.999999,1,0.7432803909590715
118,0.9999936819076538,1,0.7432803909590715
118,0.999999,1,0.7432803909590715
118,0.9999920129776001,1,0.7432803909590715
118,0.9999973773956299,1,0.7432803909590715
118,0.999996542930603,1,0.7432803909590715
118,0.9999974966049194,1,0.7432803909590715
118,0.9998737573623657,1,0.7392397290530609
118,0.9999868869781494,1,0.7431668545168154
118,0.999909520149231,1,0.7404811807275882
118,0.999999,1,0.7432803909590715
118,0.9999921321868896,1,0.7432803909590715
118,0.8347465991973877,1,0.3796590890561827
118,0.9999374151229858,1,0.7414495130337194
118,0.9999673366546631,1,0.7424881942680739
118,0.9999969005584717,1,0.7432803909590715
118,0.9999885559082031,1,0.7432247889282934
118,0.999996542930603,1,0.7432803909590715
118,0.9999957084655762,1,0.7432803909590715
118,0.999964714050293,1,0.7423971544786085
118,0.9999982118606567,1,0.7432803909590715
118,0.9999986886978149,1,0.7432803909590715
118,0.9999979734420776,1,0.7432803909590715
118,0.9999959468841553,1,0.7432803909590715
119,0.9999706745147705,1,0.7426040630910297
119,0.8679114580154419,0,0.4384184735804654
119,0.95763099193573,0,0.5402624131209046
119,0.999995231628418,1,0.7432803909590715
119,0.9665193557739258,1,0.5504902114908681
119,0.9973639845848083,1,0.6521167196208641
119,0.9942366480827332,1,0.582384369094723
119,0.6640163064002991,0,0.22459893048128343
119,0.9999979734420776,0,0.7432803909590715
119,0.9999984502792358,0,0.7432803909590715
119,0.9999947547912598,0,0.7432803909590715
119,0.9999960660934448,0,0.7432803909590715
119,0.9998722076416016,0,0.7391859328138314
119,0.999999,0,0.7432803909590715
119,0.9999973773956299,0,0.7432803909590715
119,0.9998007416725159,0,0.7367050985509012
119,0.9944076538085938,0,0.582581144577371
119,0.9980148077011108,0,0.6747090710111355
119,0.509559154510498,0,0.22459893048128343
119,0.9999823570251465,0,0.7430096039713753
119,0.999997615814209,0,0.7432803909590715
119,0.9999960660934448,0,0.7432803909590715
119,0.9999959468841553,0,0.7432803909590715
119,0.9999771118164062,1,0.7428275243924446
119,0.9999983310699463,0,0.7432803909590715
119,0.9969504475593567,0,0.637761400091081
119,0.9999200105667114,0,0.7408453398854494
119,0.9997809529304504,0,0.7360181619576628
120,0.9999942779541016,1,0.7432803909590715
120,0.9999860525131226,1,0.7431378873110764
120,0.9999982118606567,1,0.7432803909590715
120,0.9999880790710449,1,0.7432082362392997
120,0.9999985694885254,1,0.7432803909590715
120,0.9999467134475708,1,0.7417722904690964
120,0.9999986886978149,1,0.7432803909590715
120,0.9769216179847717,1,0.5624600455819103
120,0.9998711347579956,1,0.7391486892635956
120,0.9999889135360718,1,0.7432372034450386
120,0.9999984502792358,1,0.7432803909590715
120,0.9999971389770508,1,0.7432803909590715
120,0.9999977350234985,1,0.7432803909590715
120,0.9999524354934692,1,0.7419709227370208
120,0.9999974966049194,1,0.7432803909590715
120,0.9999979734420776,1,0.7432803909590715
120,0.9999817609786987,1,0.7429889131101332
120,0.9997971653938293,1,0.7365809533834484
120,0.9999672174453735,1,0.7424840560958255
120,0.9929110407829285,1,0.5808589990235867
120,0.9999979734420776,1,0.7432803909590715
120,0.9999970197677612,1,0.7432803909590715
120,0.9915211200714111,1,0.5792596238127582
120,0.9859199523925781,1,0.572814386567937
120,0.9999494552612305,1,0.7418674684308102
120,0.9998799562454224,1,0.739454914009979
120,0.9998947381973267,1,0.7399680473687835
120,0.9999704360961914,1,0.7425957867465328
120,0.9999979734420776,1,0.7432803909590715
120,0.999958872795105,1,0.7421943840384357
120,0.9999972581863403,1,0.7432803909590715
120,0.999992847442627,1,0.7432803909590715
120,0.999999,1,0.7432803909590715
120,0.9999940395355225,1,0.7432803909590715
120,0.9999910593032837,1,0.7432803909590715
120,0.9999982118606567,1,0.7432803909590715
120,0.9999986886978149,1,0.7432803909590715
120,0.9999740123748779,1,0.7427199319139856
120,0.9999986886978149,1,0.7432803909590715
120,0.9999971389770508,1,0.7432803909590715
120,0.9999873638153076,1,0.7431834072058091
120,0.999998927116394,1,0.7432803909590715
120,0.999999,1,0.7432803909590715
120,0.9999948740005493,1,0.7432803909590715
120,0.9997686743736267,1,0.735591930216075
120,0.9999957084655762,1,0.7432803909590715
120,0.9999891519546509,1,0.7432454797895355
120,0.9999933242797852,1,0.7432803909590715
120,0.999966025352478,0,0.7424426743733412
120,0.9999960660934448,1,0.7432803909590715
120,0.9999023675918579,1,0.7402328903926827
120,0.9999099969863892,1,0.7404977334165819
120,0.9999985694885254,1,0.7432803909590715
120,0.994509756565094,1,0.582698633737976
120,0.9999744892120361,1,0.7427364846029793
120,0.9998788833618164,1,0.7394176704597432
120,0.999999,1,0.7432803909590715
120,0.9999712705612183,1,0.7426247539522718
120,0.9999971389770508,1,0.7432803909590715
120,0.9999815225601196,1,0.7429806367656363
120,0.9999923706054688,1,0.7432803909590715
120,0.9999986886978149,1,0.7432803909590715
120,0.9999547004699707,1,0.7420495480097409
120,0.9999983310699463,1,0.7432803909590715
120,0.999997615814209,1,0.7432803909590715
120,0.9999704360961914,1,0.7425957867465328
120,0.9999924898147583,1,0.7432803909590715
120,0.9999964237213135,1,0.7432803909590715
120,0.999999,1,0.7432803909590715
120,0.9999969005584717,1,0.7432803909590715
120,0.9999978542327881,1,0.7432803909590715
120,0.9999985694885254,1,0.7432803909590715
120,0.9999959468841553,1,0.7432803909590715
120,0.9999382495880127,1,0.7414784802394584
120,0.999999,1,0.7432803909590715
120,0.9443239569664001,1,0.5249500707094147
120,0.9999529123306274,1,0.7419874754260145
120,0.9933898448944092,1,0.5814099566576442
120,0.999998927116394,1,0.7432803909590715
120,0.9999977350234985,1,0.7432803909590715
120,0.9999258518218994,1,0.7410481103256222
120,0.9996680021286011,1,0.7320972437522809
120,0.999998927116394,1,0.7432803909590715
121,0.9999978542327881,1,0.7432803909590715
121,0.9999982118606567,1,0.7432803909590715
121,0.9999932050704956,1,0.7432803909590715
121,0.999999,1,0.7432803909590715
121,0.9999949932098389,1,0.7432803909590715
121,0.9999982118606567,1,0.7432803909590715
121,0.912466287612915,0,0.5032016559258295
121,0.9151209592819214,1,0.504260449744811
121,0.9991801381111145,1,0.7151617738256053
121,0.9999923706054688,1,0.7432803909590715
121,0.981425404548645,1,0.5676425315506662
121,0.9998623132705688,1,0.7388424645172122
121,0.9999984502792358,1,0.7432803909590715
121,0.999999,1,0.7432803909590715
121,0.9999896287918091,1,0.7432620324785292
121,0.999998927116394,1,0.7432803909590715
121,0.9999951124191284,1,0.7432803909590715
121,0.9999972581863403,1,0.7432803909590715
121,0.999995231628418,1,0.7432803909590715
121,0.9999901056289673,1,0.7432785851675229
121,0.99854975938797,1,0.6932791189759386
121,0.9999954700469971,1,0.7432803909590715
121,0.9999961853027344,1,0.7432803909590715
121,0.7775986790657043,0,0.2736738039420859
121,0.9983715415000916,1,0.6870925514645446
121,0.9999936819076538,1,0.7432803909590715
121,0.9995262622833252,1,0.7271769569489047
121,0.9999988079071045,1,0.7432803909590715
121,0.9999984502792358,1,0.7432803909590715
121,0.9999945163726807,1,0.7432803909590715
121,0.9999451637268066,1,0.7417184942298669
121,0.9989284873008728,1,0.7064260922091821
121,0.999991774559021,1,0.7432803909590715
121,0.999998927116394,1,0.7432803909590715
121,0.9999648332595825,1,0.742401292650857
121,0.9999743700027466,1,0.7427323464307308
121,0.9999985694885254,1,0.7432803909590715
121,0.999997615814209,1,0.7432803909590715
121,0.9999978542327881,1,0.7432803909590715
121,0.9999086856842041,1,0.7404522135218492
121,0.9999949932098389,1,0.7432803909590715
121,0.9999939203262329,1,0.7432803909590715
121,0.9999986886978149,1,0.7432803909590715
121,0.9802016615867615,1,0.5662343762929999
121,0.9993149042129517,1,0.7198399775524488
121,0.9984446167945862,1,0.6896292510528286
121,0.9998540878295898,1,0.738556930632071
121,0.9994126558303833,1,0.7232332787961565
122,0.999992847442627,1,0.7432803909590715
122,0.999999,1,0.7432803909590715
122,0.9999804496765137,1,0.7429433932154005
122,0.9999904632568359,1,0.7432803909590715
122,0.9999972581863403,1,0.7432803909590715
122,0.999935507774353,1,0.7413833022777446
122,0.9056828022003174,0,0.5004961189248274
122,0.9999910593032837,0,0.7432803909590715
122,0.999976634979248,0,0.7428109717034509
122,0.9999983310699463,0,0.7432803909590715
122,0.9999979734420776,0,0.7432803909590715
122,0.999999,0,0.7432803909590715
122,0.9999985694885254,0,0.7432803909590715
122,0.9999855756759644,0,0.7431213346220827
122,0.999993085861206,0,0.7432803909590715
122,0.9999946355819702,0,0.7432803909590715
122,0.9999988079071045,0,0.7432803909590715
122,0.9999979734420776,0,0.7432803909590715
122,0.9999580383300781,0,0.7421654168326968
122,0.9999957084655762,0,0.7432803909590715
122,0.9999849796295166,0,0.7431006437608406
122,0.9999958276748657,0,0.7432803909590715
122,0.9999949932098389,0,0.7432803909590715
122,0.9999980926513672,0,0.7432803909590715
122,0.9999977350234985,0,0.7432803909590715
122,0.999996542930603,0,0.7432803909590715
122,0.9999984502792358,0,0.7432803909590715
122,0.9999518394470215,0,0.7419502318757787
122,0.9999692440032959,0,0.7425544050240487
122,0.9999988079071045,0,0.7432803909590715
122,0.999998927116394,0,0.7432803909590715
122,0.9999508857727051,0,0.7419171264977913
122,0.8278906941413879,0,0.36694427720649536
122,0.9999778270721436,0,0.7428523534259351
122,0.999999,0,0.7432803909590715
122,0.999999,0,0.7432803909590715
122,0.9999799728393555,1,0.7429268405264068
123,0.9999957084655762,1,0.7432803909590715
123,0.9999984502792358,1,0.7432803909590715
123,0.9999852180480957,1,0.7431089201053375
123,0.9999880790710449,1,0.7432082362392997
123,0.9999938011169434,0,0.7432803909590715
123,0.9999953508377075,0,0.7432803909590715
123,0.9999603033065796,0,0.7422440421054168
123,0.9999970197677612,0,0.7432803909590715
123,0.9999984502792358,0,0.7432803909590715
123,0.9999957084655762,0,0.7432803909590715
123,0.9999947547912598,0,0.7432803909590715
123,0.9999969005584717,0,0.7432803909590715
123,0.9913580417633057,0,0.5790719703723521
123,0.9999943971633911,0,0.7432803909590715
123,0.9999897480010986,0,0.7432661706507776
123,0.9999755620956421,0,0.7427737281532151
123,0.9999828338623047,0,0.743026156660369
123,0.9733148217201233,0,0.5583097221221711
123,0.9999243021011353,0,0.7409943140863927
123,0.9999972581863403,0,0.7432803909590715
123,0.999994158744812,0,0.7432803909590715
123,0.9999935626983643,0,0.7432803909590715
123,0.9999933242797852,0,0.7432803909590715
123,0.9999966621398926,0,0.7432803909590715
123,0.9999018907546997,0,0.740216337703689
123,0.9999349117279053,0,0.7413626114165025
123,0.9996077418327332,0,0.7300053976807025
123,0.9999933242797852,0,0.7432803909590715
123,0.9999457597732544,0,0.741739185091109
123,0.9977255463600159,0,0.6646677960503344
123,0.9971246123313904,0,0.6438072697460285
123,0.984526515007019,0,0.5712109647368658
123,0.1196466013789177,0,0.22459893048128343
123,1e-06,0,0.22459893048128343
123,1e-06,0,0.22459893048128343
123,5.783043889096007e-06,0,0.22459893048128343
123,1e-06,0,0.22459893048128343
123,1e-06,0,0.22459893048128343
123,1e-06,0,0.22459893048128343
123,1e-06,0,0.22459893048128343
123,1e-06,0,0.22459893048128343
123,6.251114882616093e-06,0,0.22459893048128343
123,1e-06,0,0.22459893048128343
123,1e-06,0,0.22459893048128343
124,0.9999362230300903,1,0.7414081313112352
124,0.9991872906684875,1,0.7154100641605108
124,0.9999876022338867,1,0.743191683550306
124,0.999997615814209,1,0.7432803909590715
124,0.9996201992034912,1,0.7304378366806629
124,0.9999889135360718,1,0.7432372034450386
124,0.4117863178253174,1,0.22459893048128343
124,0.9999722242355347,1,0.7426578593302592
124,0.9999982118606567,1,0.7432803909590715
124,0.9999964237213135,1,0.7432803909590715
124,0.9999986886978149,1,0.7432803909590715
124,0.9999407529830933,0,0.7415653818566753
124,0.9886151552200317,1,0.575915743756635
124,0.9999969005584717,1,0.7432803909590715
124,0.9999932050704956,1,0.7432803909590715
124,0.8880307078361511,1,0.4723374656458656
124,0.999599039554596,1,0.7297033111065676
124,0.9900974035263062,1,0.5776213598955297
124,0.9999978542327881,1,0.7432803909590715
124,0.9999978542327881,1,0.7432803909590715
124,0.999998927116394,0,0.7432803909590715
124,0.9966611862182617,0,0.6277201251302799
124,0.9999850988388062,0,0.743104781933089
124,0.9987534284591675,0,0.7003491862623712
124,0.999882698059082,0,0.7395500919716927
124,0.9999972581863403,0,0.7432803909590715
124,0.9999970197677612,0,0.7432803909590715
124,0.9999904632568359,0,0.7432803909590715
124,0.9999582767486572,0,0.7421736931771936
124,0.9999672174453735,0,0.7424840560958255
124,0.999992847442627,0,0.7432803909590715
124,0.9989204406738281,0,0.7061467655824134
124,0.999996542930603,0,0.7432803909590715
124,0.999998927116394,0,0.7432803909590715
124,0.999999,0,0.7432803909590715
124,0.9998776912689209,0,0.7393762887372589
124,0.9999698400497437,0,0.7425750958852908
125,0.999997615814209,1,0.7432803909590715
125,0.9999980926513672,1,0.7432803909590715
125,0.9999957084655762,1,0.7432803909590715
125,0.9999958276748657,1,0.7432803909590715
125,0.9999954700469971,1,0.7432803909590715
125,0.999984622001648,1,0.7430882292440953
125,0.9999974966049194,1,0.7432803909590715
125,0.9999679327011108,1,0.742508885129316
125,0.9999946355819702,1,0.7432803909590715
125,0.9999474287033081,1,0.741797119502587
125,0.9999959468841553,1,0.7432803909590715
125,0.9999963045120239,1,0.7432803909590715
125,0.999998927116394,1,0.7432803909590715
125,0.9999983310699463,1,0.7432803909590715
125,0.9999963045120239,1,0.7432803909590715
125,0.9999818801879883,1,0.7429930512823816
125,0.9999983310699463,1,0.7432803909590715
125,0.9996377229690552,1,0.7310461480011812
125,0.9999840259552002,1,0.7430675383828532
125,0.9999988079071045,1,0.7432803909590715
125,0.9999920129776001,1,0.7432803909590715
125,0.9996817111968994,1,0.7325731335608497
125,0.9999891519546509,1,0.7432454797895355
125,0.999996542930603,1,0.7432803909590715
125,0.9999958276748657,1,0.7432803909590715
125,0.9999985694885254,1,0.7432803909590715
125,0.9999958276748657,1,0.7432803909590715
125,0.9999904632568359,1,0.7432803909590715
125,0.9999978542327881,1,0.7432803909590715
125,0.9999984502792358,1,0.7432803909590715
125,0.9992840886116028,1,0.7187702600262311
125,0.9999947547912598,1,0.7432803909590715
125,0.9999738931655884,1,0.7427157937417371
125,0.9999226331710815,1,0.7409363796749148
125,0.9999938011169434,1,0.7432803909590715
125,0.9999117851257324,1,0.7405598060003082
125,0.9999978542327881,1,0.7432803909590715
125,0.999998927116394,1,0.7432803909590715
125,0.9999988079071045,1,0.7432803909590715
125,0.9999440908432007,1,0.7416812506796312
125,0.9999934434890747,1,0.7432803909590715
125,0.9999097585678101,1,0.740489457072085
125,0.9999897480010986,1,0.7432661706507776
125,0.9999973773956299,1,0.7432803909590715
125,0.999999,1,0.7432803909590715
125,0.999920129776001,1,0.7408494780576979
125,0.999999,1,0.7432803909590715
125,0.999999,1,0.7432803909590715
125,0.9999984502792358,1,0.7432803909590715
125,0.9999977350234985,1,0.7432803909590715
125,0.9999984502792358,1,0.7432803909590715
125,0.999998927116394,1,0.7432803909590715
125,0.9999914169311523,1,0.7432803909590715
125,0.9999734163284302,1,0.7426992410527434
125,0.999994158744812,1,0.7432803909590715
125,0.9999977350234985,1,0.7432803909590715
125,0.999984860420227,1,0.7430965055885922
126,0.9999920129776001,1,0.7432803909590715
126,0.999998927116394,1,0.7432803909590715
126,0.9999972581863403,1,0.7432803909590715
126,0.9999977350234985,1,0.7432803909590715
126,0.999977707862854,1,0.7428482152536867
126,0.999999,1,0.7432803909590715
126,0.9999872446060181,1,0.7431792690335607
126,0.9999986886978149,1,0.7432803909590715
126,0.9999947547912598,1,0.7432803909590715
126,0.999998927116394,1,0.7432803909590715
126,0.9999866485595703,1,0.7431585781723186
126,0.999999,1,0.7432803909590715
126,0.9999961853027344,1,0.7432803909590715
126,0.9998869895935059,1,0.739699066172636
126,0.9999984502792358,1,0.7432803909590715
126,0.9999868869781494,1,0.7431668545168154
126,0.9999939203262329,1,0.7432803909590715
126,0.9999973773956299,1,0.7432803909590715
126,0.999948263168335,1,0.741826086708326
126,0.9999934434890747,1,0.7432803909590715
126,0.9999974966049194,1,0.7432803909590715
126,0.9999983310699463,1,0.7432803909590715
126,0.9999948740005493,1,0.7432803909590715
126,0.9999955892562866,1,0.7432803909590715
126,0.9999562501907349,1,0.7421033442489704
126,0.9999978542327881,1,0.7432803909590715
126,0.999999,1,0.7432803909590715
126,0.9999825954437256,1,0.7430178803158721
126,0.9999986886978149,1,0.7432803909590715
126,0.9999933242797852,1,0.7432803909590715
126,0.999999,1,0.7432803909590715
126,0.9999938011169434,1,0.7432803909590715
126,0.9999847412109375,1,0.7430923674163438
126,0.9999980926513672,1,0.7432803909590715
126,0.999970555305481,1,0.7425999249187812
126,0.9999942779541016,1,0.7432803909590715
126,0.9999618530273438,1,0.7422978383446464
126,0.9999933242797852,1,0.7432803909590715
127,0.9999984502792358,1,0.7432803909590715
127,0.9999936819076538,1,0.7432803909590715
127,0.9999969005584717,1,0.7432803909590715
127,0.9997969269752502,1,0.7365726770389516
127,0.9874618649482727,0,0.5745886580773897
127,0.48881658911705017,1,0.22459893048128343
127,0.7696771621704102,1,0.25898273163797897
127,0.9998807907104492,1,0.739483881215718
127,0.999997615814209,1,0.7432803909590715
127,0.9999974966049194,1,0.7432803909590715
127,0.9999983310699463,1,0.7432803909590715
127,0.9999977350234985,1,0.7432803909590715
127,0.999999,1,0.7432803909590715
127,0.9999967813491821,1,0.7432803909590715
127,0.9990717172622681,1,0.7113981061656636
127,0.9992886781692505,1,0.7189295796577955
127,0.9999977350234985,1,0.7432803909590715
127,0.9999749660491943,1,0.742753037291973
127,0.9999984502792358,1,0.7432803909590715
127,0.9999779462814331,1,0.7428564915981836
127,0.9999951124191284,1,0.7432803909590715
127,0.9999974966049194,1,0.7432803909590715
127,0.9729154109954834,1,0.5578501220841008
127,0.9999774694442749,1,0.7428399389091899
127,0.9999929666519165,1,0.7432803909590715
127,0.9999898672103882,1,0.743270308823026
127,0.999996542930603,1,0.7432803909590715
127,0.9999963045120239,1,0.7432803909590715
127,0.9999079704284668,1,0.7404273844883587
127,0.9999526739120483,1,0.7419791990815177
127,0.9999974966049194,1,0.7432803909590715
127,0.9999845027923584,1,0.7430840910718469
127,0.9999924898147583,1,0.7432803909590715
127,0.9999978542327881,1,0.7432803909590715
127,0.9999979734420776,1,0.7432803909590715
127,0.9999430179595947,1,0.7416440071293954
127,0.9999979734420776,1,0.7432803909590715
127,0.9999954700469971,1,0.7432803909590715
127,0.999998927116394,1,0.7432803909590715
127,0.9999971389770508,1,0.7432803909590715
127,0.9989145994186401,1,0.7059439951422406
127,0.9999955892562866,1,0.7432803909590715
127,0.9641539454460144,1,0.5477683449767924
127,0.9999983310699463,1,0.7432803909590715
127,0.9999868869781494,1,0.7431668545168154
127,0.9999982118606567,1,0.7432803909590715
127,0.9999972581863403,1,0.7432803909590715
127,0.999990701675415,1,0.7432803909590715
127,0.999999,1,0.7432803909590715
127,0.999924898147583,1,0.7410150049476348
127,0.9999809265136719,1,0.7429599459043942
127,0.999999,1,0.7432803909590715
127,0.9999960660934448,1,0.7432803909590715
127,0.9999983310699463,1,0.7432803909590715
127,0.9999966621398926,1,0.7432803909590715
127,0.9999982118606567,1,0.7432803909590715
127,0.9999955892562866,1,0.7432803909590715
127,0.9999921321868896,1,0.7432803909590715
127,0.9999884366989136,1,0.7432206507560449
127,0.8668039441108704,1,0.4365513187075827
127,0.9999916553497314,1,0.7432803909590715
127,0.9957291483879089,0,0.595365825405976
127,0.9999988079071045,1,0.7432803909590715
127,0.9999974966049194,1,0.7432803909590715
128,0.9999977350234985,1,0.7432803909590715
128,0.628505527973175,1,0.22459893048128343
128,0.9999758005142212,1,0.7427820044977119
128,0.9999970197677612,1,0.7432803909590715
128,0.9999772310256958,1,0.742831662564693
128,0.9999810457229614,1,0.7429640840766426
128,0.999991774559021,1,0.7432803909590715
128,0.9999966621398926,1,0.7432803909590715
128,0.9999830722808838,1,0.7430344330048658
128,0.9996384382247925,1,0.7310709770346717
128,0.5022396445274353,0,0.22459893048128343
128,0.9999812841415405,0,0.7429723604211395
128,0.9999983310699463,0,0.7432803909590715
128,0.999996542930603,0,0.7432803909590715
128,0.999991774559021,0,0.7432803909590715
128,0.9998026490211487,0,0.736771309306876
128,0.9999980926513672,0,0.7432803909590715
128,0.9999960660934448,0,0.7432803909590715
128,0.9999912977218628,0,0.7432803909590715
128,0.9999988079071045,0,0.7432803909590715
128,0.9993816614151001,0,0.7221573540115662
128,0.9999841451644897,0,0.7430716765551016
128,0.999994158744812,0,0.7432803909590715
128,0.9999973773956299,0,0.7432803909590715
128,0.9999940395355225,0,0.7432803909590715
128,0.9999949932098389,0,0.7432803909590715
128,0.9999963045120239,0,0.7432803909590715
129,0.999997615814209,0,0.7432803909590715
129,0.9999951124191284,0,0.7432803909590715
129,0.9999188184738159,0,0.7408039581629652
129,0.9820576906204224,0,0.568370100152942
129,0.9999629259109497,0,0.7423350818948822
129,0.9999985694885254,0,0.7432803909590715
129,0.9999988079071045,0,0.7432803909590715
129,0.9999945163726807,0,0.7432803909590715
129,0.9999988079071045,0,0.7432803909590715
129,0.9999901056289673,1,0.7432785851675229
129,0.9999974966049194,0,0.7432803909590715
129,0.9612324237823486,1,0.5444065637701041
129,0.9995613694190979,0,0.7283956486760655
129,0.999919056892395,0,0.740812234507462
129,0.9999932050704956,0,0.7432803909590715
129,0.99998939037323,0,0.7432537561340323
129,0.999999,0,0.7432803909590715
129,0.9999911785125732,0,0.7432803909590715
129,0.9999954700469971,0,0.7432803909590715
129,0.9999752044677734,0,0.7427613136364698
129,0.9999963045120239,0,0.7432803909590715
129,0.99998939037323,0,0.7432537561340323
129,0.999990701675415,0,0.7432803909590715
129,0.9999853372573853,0,0.7431130582775859
129,0.9994977712631226,0,0.7261879337815313
129,0.9997110962867737,0,0.7335931930200862
129,0.6346307992935181,0,0.22459893048128343
129,0.9999136924743652,0,0.740626016756283
129,0.9925917387008667,0,0.5804915796229088
129,0.9999817609786987,0,0.7429889131101332
129,0.9999932050704956,0,0.7432803909590715
129,0.9999973773956299,0,0.7432803909590715
129,0.999999,0,0.7432803909590715
129,0.9999237060546875,0,0.7409736232251506
129,0.999901533126831,0,0.7402039231869437
129,0.9997422099113464,0,0.7346732559769249
129,0.999998927116394,0,0.7432803909590715
129,0.9999943971633911,0,0.7432803909590715
129,0.8347590565681458,0,0.37968219222404115
130,0.53339022397995,0,0.22459893048128343
130,0.9101652503013611,0,0.5022839062428223
131,0.9999632835388184,1,0.7423474964116274
131,0.9998266100883484,1,0.7376030819288092
131,0.9999983310699463,1,0.7432803909590715
131,0.999972939491272,1,0.7426826883637497
131,0.9999984502792358,1,0.7432803909590715
131,0.9999865293502808,1,0.7431544400000701
131,0.9999959468841553,1,0.7432803909590715
131,0.9999982118606567,1,0.7432803909590715
131,0.999999,1,0.7432803909590715
131,0.9999984502792358,1,0.7432803909590715
131,0.9999984502792358,1,0.7432803909590715
131,0.9999593496322632,1,0.7422109367274294
131,0.9999364614486694,1,0.741416407655732
131,0.9999980926513672,1,0.7432803909590715
131,0.999997615814209,1,0.7432803909590715
131,0.9999825954437256,1,0.7430178803158721
131,0.9999868869781494,1,0.7431668545168154
131,0.9995614886283875,1,0.728399786848314
131,0.999999,1,0.7432803909590715
131,0.9999985694885254,1,0.7432803909590715
131,0.9999434947967529,1,0.7416605598183891
131,0.9999942779541016,1,0.7432803909590715
131,0.9999033212661743,1,0.7402659957706701
131,0.9999895095825195,1,0.7432578943062808
131,0.9999638795852661,1,0.7423681872728696
131,0.9999911785125732,1,0.7432803909590715
131,0.9999978542327881,1,0.7432803909590715
131,0.9989699125289917,1,0.7078641070655094
131,0.9994252920150757,1,0.7236719250544894
131,0.999999,1,0.7432803909590715
131,0.999999,1,0.7432803909590715
131,0.9998583793640137,1,0.7387059048330142
131,0.999999,1,0.7432803909590715
131,0.998511016368866,1,0.6919342129952009
131,0.9999794960021973,1,0.7429102878374131
131,0.9999539852142334,1,0.7420247189762503
131,0.999999,1,0.7432803909590715
131,0.9999988079071045,1,0.7432803909590715
131,0.999998927116394,1,0.7432803909590715
131,0.999999,1,0.7432803909590715
131,0.9999958276748657,1,0.7432803909590715
131,0.9999923706054688,1,0.7432803909590715
131,0.999999,1,0.7432803909590715
131,0.9989093542098999,1,0.7057619155633099
131,0.9999983310699463,1,0.7432803909590715
131,0.6105819940567017,1,0.22459893048128343
131,0.9999792575836182,1,0.7429020114929162
131,0.9999955892562866,1,0.7432803909590715
131,0.9998179078102112,1,0.7373009953546742
131,0.9999896287918091,0,0.7432620324785292
131,0.9864931702613831,0,0.5734739856674927
131,0.9183737635612488,1,0.5055578038038904
131,0.9981555342674255,0,0.6795941833504001
131,0.9999914169311523,0,0.7432803909590715
131,0.999999,0,0.7432803909590715
131,0.9999920129776001,0,0.7432803909590715
131,0.9992761015892029,0,0.7184930024855867
131,0.8344752192497253,0,0.3791557937295817
131,0.999999,0,0.7432803909590715
131,0.9999960660934448,0,0.7432803909590715
131,0.999984622001648,0,0.7430882292440953
131,0.9999933242797852,0,0.7432803909590715
131,0.9999916553497314,0,0.7432803909590715
131,0.9999978542327881,0,0.7432803909590715
131,0.9999978542327881,0,0.7432803909590715
131,0.9999634027481079,1,0.7423516345838759
131,0.9999963045120239,0,0.7432803909590715
131,0.999999,0,0.7432803909590715
131,0.9999988079071045,0,0.7432803909590715
131,0.9999977350234985,0,0.7432803909590715
131,0.7642562985420227,0,0.24892931629240883
131,0.9999977350234985,0,0.7432803909590715
131,0.9989822506904602,0,0.7082924078932213
131,0.9999973773956299,0,0.7432803909590715
131,0.9998588562011719,0,0.7387224575220079
131,0.9999444484710693,0,0.7416936651963764
132,0.9999856948852539,1,0.7431254727943312
132,0.999999,1,0.7432803909590715
132,0.9999972581863403,1,0.7432803909590715
132,0.9999983310699463,1,0.7432803909590715
132,0.9999643564224243,1,0.7423847399618633
132,0.999999,1,0.7432803909590715
132,0.9999980926513672,1,0.7432803909590715
132,0.9999988079071045,1,0.7432803909590715
132,0.9999984502792358,1,0.7432803909590715
132,0.9999974966049194,1,0.7432803909590715
132,0.9999943971633911,1,0.7432803909590715
132,0.9999929666519165,1,0.7432803909590715
132,0.9999657869338989,1,0.7424343980288444
132,0.9999977350234985,1,0.7432803909590715
132,0.9999969005584717,1,0.7432803909590715
132,0.9999984502792358,1,0.7432803909590715
132,0.999999,1,0.7432803909590715
132,0.9999914169311523,1,0.7432803909590715
132,0.9999953508377075,1,0.7432803909590715
132,0.9999984502792358,1,0.7432803909590715
132,0.9999209642410278,1,0.7408784452634368
132,0.999995231628418,1,0.7432803909590715
132,0.9999955892562866,1,0.7432803909590715
132,0.9999940395355225,1,0.7432803909590715
132,0.9999988079071045,1,0.7432803909590715
132,0.9999736547470093,1,0.7427075173972403
132,0.9999940395355225,1,0.7432803909590715
132,0.9999942779541016,1,0.7432803909590715
132,0.9999969005584717,1,0.7432803909590715
132,0.9999922513961792,1,0.7432803909590715
132,0.9999935626983643,1,0.7432803909590715
132,0.9999960660934448,1,0.7432803909590715
132,0.9999985694885254,1,0.7432803909590715
132,0.9999668598175049,1,0.7424716415790802
132,0.9999504089355469,1,0.7419005738087976
132,0.9999899864196777,1,0.7432744469952745
132,0.9999934434890747,1,0.7432803909590715
132,0.999999,1,0.7432803909590715
132,0.999999,1,0.7432803909590715
132,0.9999983310699463,1,0.7432803909590715
132,0.9999979734420776,1,0.7432803909590715
132,0.9999982118606567,1,0.7432803909590715
132,0.999999,1,0.7432803909590715
132,0.9999972581863403,1,0.7432803909590715
132,0.9999891519546509,1,0.7432454797895355
132,0.999999,1,0.7432803909590715
132,0.9999966621398926,1,0.7432803909590715
132,0.9999974966049194,1,0.7432803909590715
132,0.9999988079071045,1,0.7432803909590715
132,0.9999986886978149,1,0.7432803909590715
132,0.999999,1,0.7432803909590715
132,0.9999817609786987,1,0.7429889131101332
132,0.999999,1,0.7432803909590715
132,0.9967214465141296,1,0.6298119712018583
132,0.9999963045120239,1,0.7432803909590715
132,0.9999948740005493,1,0.7432803909590715
132,0.9999986886978149,1,0.7432803909590715
132,0.9999963045120239,1,0.7432803909590715
132,0.9999747276306152,1,0.7427447609474761
132,0.9999765157699585,1,0.7428068335312025
132,0.9999597072601318,1,0.7422233512441747
132,0.999992847442627,1,0.7432803909590715
132,0.9999974966049194,1,0.7432803909590715
132,0.9999912977218628,1,0.7432803909590715
132,0.9999948740005493,1,0.7432803909590715
132,0.999997615814209,1,0.7432803909590715
132,0.9999974966049194,1,0.7432803909590715
132,0.9999984502792358,1,0.7432803909590715
132,0.9999966621398926,1,0.7432803909590715
132,0.999998927116394,1,0.7432803909590715
132,0.9999898672103882,1,0.743270308823026
132,0.9999856948852539,1,0.7431254727943312
132,0.9999983310699463,1,0.7432803909590715
132,0.9999955892562866,1,0.7432803909590715
132,0.9999868869781494,1,0.7431668545168154
132,0.9999923706054688,1,0.7432803909590715
132,0.999999,1,0.7432803909590715
132,0.9999717473983765,1,0.7426413066412655
132,0.9999905824661255,1,0.7432803909590715
132,0.9999938011169434,1,0.7432803909590715
133,0.999980092048645,1,0.7429309786986552
133,0.999969482421875,1,0.7425626813685455
133,0.999992847442627,1,0.7432803909590715
133,0.9999330043792725,1,0.7412964006605277
134,0.7165402770042419,0,0.22459893048128343
134,0.9999887943267822,0,0.7432330652727902
134,0.9976186156272888,0,0.660955855543498
134,0.999992847442627,0,0.7432803909590715
134,0.999990701675415,0,0.7432803909590715
134,0.999999,0,0.7432803909590715
134,0.9999938011169434,0,0.7432803909590715
134,0.6463966965675354,0,0.22459893048128343
134,0.999402642250061,1,0.7228856723272888
134,0.999998927116394,1,0.7432803909590715
134,0.9999977350234985,1,0.7432803909590715
134,0.9999978542327881,1,0.7432803909590715
134,0.999994158744812,1,0.7432803909590715
135,0.9999402761459351,1,0.7415488291676816
135,0.9999771118164062,1,0.7428275243924446
135,0.9988160133361816,1,0.7025217266927939
135,0.9986604452133179,1,0.6971214119086004
135,0.9999797344207764,1,0.7429185641819099
135,0.9996039271354675,1,0.729872976168753
135,0.8222739100456238,1,0.3565275120391512
135,0.9999034404754639,1,0.7402701339429185
135,0.9999972581863403,1,0.7432803909590715
135,0.999995231628418,1,0.7432803909590715
135,0.9996452331542969,1,0.7313068528528319
135,0.999071478843689,1,0.7113898298211667
135,0.9999860525131226,1,0.7431378873110764
135,0.999996542930603,1,0.7432803909590715
135,0.999998927116394,1,0.7432803909590715
135,0.9838019609451294,1,0.5703772237933077
135,0.915630042552948,1,0.5044634933931096
135,0.9980573058128357,1,0.6761843294176987
135,0.999999,0,0.7432803909590715
135,0.9999978542327881,1,0.7432803909590715
135,0.9999988079071045,1,0.7432803909590715
135,0.999999,1,0.7432803909590715
135,0.9999951124191284,1,0.7432803909590715
135,0.9999713897705078,1,0.7426288921245202
135,0.999999,1,0.7432803909590715
135,0.9999830722808838,1,0.7430344330048658
135,0.9488597512245178,0,0.5301693877810573
135,0.9999967813491821,0,0.7432803909590715
135,0.9999978542327881,0,0.7432803909590715
135,0.9999966621398926,0,0.7432803909590715
135,0.9999884366989136,0,0.7432206507560449
135,0.9999980926513672,0,0.7432803909590715
135,0.999999,0,0.7432803909590715
135,0.9999986886978149,1,0.7432803909590715
135,0.9997777342796326,0,0.7359064313069553
135,0.9992890357971191,0,0.7189419941745407
135,0.9580541253089905,0,0.5407493106989171
135,0.9999939203262329,0,0.7432803909590715
135,0.9999918937683105,0,0.7432803909590715
135,0.9999943971633911,0,0.7432803909590715
135,0.9999932050704956,0,0.7432803909590715
135,0.999999,0,0.7432803909590715
135,0.9999953508377075,0,0.7432803909590715
135,0.9999953508377075,0,0.7432803909590715
135,0.9999980926513672,0,0.7432803909590715
135,0.999999,0,0.7432803909590715
135,0.9999445676803589,0,0.7416978033686248
135,0.9999946355819702,0,0.7432803909590715
135,0.9999940395355225,0,0.7432803909590715
135,0.9999527931213379,0,0.7419833372537661
135,0.999999,0,0.7432803909590715
135,0.999999,0,0.7432803909590715
135,0.999999,0,0.7432803909590715
135,0.9999984502792358,1,0.7432803909590715
135,0.9998823404312134,0,0.7395376774549475
135,0.9999982118606567,0,0.7432803909590715
135,0.9999979734420776,0,0.7432803909590715
135,0.9999903440475464,0,0.7432803909590715
135,0.9999980926513672,0,0.7432803909590715
135,0.9999973773956299,0,0.7432803909590715
135,0.999999,0,0.7432803909590715
135,0.9999929666519165,0,0.7432803909590715
135,0.999975323677063,0,0.7427654518087182
135,0.9999988079071045,0,0.7432803909590715
135,0.9495764970779419,0,0.530994143855941
135,0.9999567270278931,0,0.7421198969379641
135,0.9999183416366577,0,0.7407874054739716
135,0.9999902248382568,0,0.7432803909590715
136,0.8044975996017456,1,0.3235599547539543
136,0.9999173879623413,1,0.7407543000959842
136,0.9999921321868896,1,0.7432803909590715
136,0.99856036901474,1,0.6936474163060484
136,0.9999980926513672,1,0.7432803909590715
136,0.9999880790710449,1,0.7432082362392997
136,0.9999970197677612,1,0.7432803909590715
136,0.9381909370422363,0,0.5178928335929772
136,0.9999971389770508,1,0.7432803909590715
136,0.9396330714225769,1,0.5195522908263919
136,0.9983659386634827,1,0.6868980573688687
136,0.999999,1,0.7432803909590715
136,0.9999935626983643,1,0.7432803909590715
136,0.9999961853027344,1,0.7432803909590715
136,0.6942399144172668,0,0.22459893048128343
136,0.9924536347389221,0,0.5803326640449041
136,0.9999979734420776,0,0.7432803909590715
136,0.9999936819076538,0,0.7432803909590715
136,0.9999951124191284,0,0.7432803909590715
136,0.9999974966049194,0,0.7432803909590715
136,0.9999682903289795,0,0.7425212996460613
136,0.9999978542327881,0,0.7432803909590715
136,0.999999,0,0.7432803909590715
136,0.9999983310699463,0,0.7432803909590715
136,0.9997736811637878,0,0.7357657334505089
136,0.9999884366989136,0,0.7432206507560449
136,0.9998038411140442,0,0.7368126910293602
136,0.9999959468841553,0,0.7432803909590715
136,0.999953031539917,0,0.7419916135982629
136,0.999913215637207,0,0.7406094640672893
136,0.9999462366104126,0,0.7417557377801027
136,0.9999974966049194,0,0.7432803909590715
136,0.999996542930603,0,0.7432803909590715
136,0.999997615814209,0,0.7432803909590715
136,0.9999736547470093,1,0.7427075173972403
136,0.9999896287918091,0,0.7432620324785292
136,0.999995231628418,0,0.7432803909590715
136,0.9999288320541382,0,0.7411515646318328
136,0.9999911785125732,0,0.7432803909590715
136,0.9999568462371826,0,0.7421240351102125
136,0.9952630996704102,0,0.5835655020980971
136,0.999725878238678,0,0.7341063263788908
136,0.6486572623252869,0,0.22459893048128343
136,0.9749627709388733,0,0.5602060095199578
136,0.9999862909317017,0,0.7431461636555733
136,0.9999915361404419,0,0.7432803909590715
136,0.9999982118606567,0,0.7432803909590715
136,0.9998785257339478,0,0.7394052559429979
136,0.9998955726623535,0,0.7399970145745225
136,0.9999939203262329,0,0.7432803909590715
136,0.9999978542327881,0,0.7432803909590715
136,0.9997956156730652,0,0.7365271571442189
136,0.9999984502792358,0,0.7432803909590715
136,0.9999983310699463,0,0.7432803909590715
136,0.999966025352478,0,0.7424426743733412
136,0.9999909400939941,0,0.7432803909590715
136,0.9999932050704956,0,0.7432803909590715
136,0.9999948740005493,0,0.7432803909590715
136,0.9997000694274902,0,0.733210412087107
136,0.999998927116394,0,0.7432803909590715
136,0.999934196472168,0,0.741337782383012
136,0.9999878406524658,0,0.7431999598948028
136,0.9999988079071045,0,0.7432803909590715
136,0.9664791822433472,0,0.5504439839986044
136,0.9999949932098389,0,0.7432803909590715
136,0.9969164133071899,0,0.6365799519141558
136,0.8240743279457092,0,0.3598665277728014
136,0.9930370450019836,0,0.5810039914844852
137,0.9999594688415527,1,0.7422150748996779
137,0.9999946355819702,1,0.7432803909590715
137,0.8121263384819031,1,0.33770804734265075
137,0.9999980926513672,1,0.7432803909590715
137,0.9947463274002075,1,0.5829708546827754
137,0.9999974966049194,1,0.7432803909590715
137,0.9999961853027344,1,0.7432803909590715
137,0.9897811412811279,1,0.5772574384208242
137,0.9999955892562866,1,0.7432803909590715
137,0.9999938011169434,0,0.7432803909590715
137,0.9997434020042419,0,0.7347146376994091
137,0.999862790107727,0,0.738859017206206
137,0.999062716960907,1,0.7110856741609075
137,0.9996576309204102,1,0.7317372227666681
137,0.9999697208404541,1,0.7425709577130424
137,0.9998970031738281,1,0.7400466726415036
137,0.999999,1,0.7432803909590715
137,0.9999953508377075,1,0.7432803909590715
137,0.8217523097991943,1,0.35556016360886666
137,0.9927721619606018,1,0.580699191817393
137,0.999998927116394,1,0.7432803909590715
137,0.999999,1,0.7432803909590715
137,0.9999970197677612,1,0.7432803909590715
137,0.9998321533203125,1,0.7377955069383609
137,0.9958477020263672,1,0.5994812377070338
137,0.9999982118606567,1,0.7432803909590715
137,0.999991774559021,1,0.7432803909590715
137,0.9999977350234985,1,0.7432803909590715
137,0.9999985694885254,1,0.7432803909590715
137,0.9999957084655762,1,0.7432803909590715
137,0.9999978542327881,1,0.7432803909590715
137,0.999999,1,0.7432803909590715
138,0.9999971389770508,1,0.7432803909590715
138,0.9999964237213135,1,0.7432803909590715
138,0.9999300241470337,1,0.7411929463543171
138,0.9998887777328491,1,0.7397611387563624
138,0.999998927116394,1,0.7432803909590715
138,0.9996753931045532,1,0.7323538104316832
138,0.9997856020927429,1,0.7361795506753513
138,0.9999982118606567,1,0.7432803909590715
138,0.9999978542327881,1,0.7432803909590715
138,0.9999881982803345,1,0.7432123744115481
138,0.9999889135360718,1,0.7432372034450386
138,0.9972121119499207,1,0.6468446881763719
138,0.9998693466186523,1,0.7390866166798692
138,0.9996969699859619,1,0.733102819608648
138,0.5113323330879211,1,0.22459893048128343
138,0.9999345541000366,1,0.7413501968997572
138,0.9999986886978149,1,0.7432803909590715
138,0.9732666015625,1,0.5582542354140979
138,0.9999934434890747,1,0.7432803909590715
138,0.9999983310699463,1,0.7432803909590715
138,0.9999912977218628,1,0.7432803909590715
138,0.9999808073043823,1,0.7429558077321458
138,0.9999806880950928,1,0.7429516695598973
138,0.9999915361404419,1,0.7432803909590715
138,0.9999982118606567,1,0.7432803909590715
138,0.9999988079071045,1,0.7432803909590715
138,0.999997615814209,1,0.7432803909590715
138,0.9999899864196777,1,0.7432744469952745
138,0.9999468326568604,1,0.7417764286413449
138,0.9999840259552002,1,0.7430675383828532
138,0.9989416003227234,1,0.7068812911565087
138,0.9999924898147583,1,0.7432803909590715
138,0.9999786615371704,1,0.7428813206316741
138,0.9999767541885376,1,0.7428151098756993
138,0.7723882794380188,0,0.2640107105377036
138,0.9998774528503418,1,0.7393680123927621
139,0.999998927116394,1,0.7432803909590715
139,0.9999902248382568,1,0.7432803909590715
139,0.9999985694885254,1,0.7432803909590715
139,0.9999985694885254,1,0.7432803909590715
139,0.9999984502792358,1,0.7432803909590715
139,0.9999666213989258,1,0.7424633652345833
139,0.999999,1,0.7432803909590715
139,0.999998927116394,1,0.7432803909590715
139,0.999962568283081,1,0.7423226673781369
139,0.9999897480010986,1,0.7432661706507776
139,0.9999947547912598,1,0.7432803909590715
139,0.9999978542327881,1,0.7432803909590715
139,0.9999977350234985,1,0.7432803909590715
139,0.9999974966049194,1,0.7432803909590715
139,0.9999922513961792,1,0.7432803909590715
139,0.999999,1,0.7432803909590715
139,0.9999983310699463,1,0.7432803909590715
139,0.9999979734420776,1,0.7432803909590715
139,0.9999964237213135,1,0.7432803909590715
139,0.9999986886978149,1,0.7432803909590715
139,0.9999978542327881,1,0.7432803909590715
139,0.9999024868011475,0,0.7402370285649311
139,0.9999971389770508,0,0.7432803909590715
139,0.9999978542327881,0,0.7432803909590715
139,0.9999967813491821,0,0.7432803909590715
139,0.9999973773956299,0,0.7432803909590715
139,0.9999959468841553,0,0.7432803909590715
139,0.999999,0,0.7432803909590715
139,0.999999,0,0.7432803909590715
139,0.999999,0,0.7432803909590715
139,0.9999986886978149,0,0.7432803909590715
139,0.9999988079071045,0,0.7432803909590715
139,0.9999945163726807,0,0.7432803909590715
139,0.9999854564666748,0,0.7431171964498343
139,0.9999339580535889,0,0.7413295060385151
139,0.9999984502792358,0,0.7432803909590715
139,0.999999,0,0.7432803909590715
139,0.999999,0,0.7432803909590715
139,0.999999,0,0.7432803909590715
139,0.9999262094497681,0,0.7410605248423675
139,0.9999985694885254,0,0.7432803909590715
140,0.9999886751174927,1,0.7432289271005418
140,0.9999701976776123,1,0.7425875104020361
140,0.9999737739562988,1,0.7427116555694887
140,0.999999,1,0.7432803909590715
140,0.999996542930603,1,0.7432803909590715
140,0.9999951124191284,1,0.7432803909590715
140,0.9997989535331726,1,0.7366430259671748
140,0.999992847442627,1,0.7432803909590715
140,0.9999923706054688,1,0.7432803909590715
140,0.999991774559021,1,0.7432803909590715
140,0.9999891519546509,1,0.7432454797895355
140,0.999996542930603,1,0.7432803909590715
140,0.9999536275863647,1,0.7420123044595051
140,0.9999707937240601,1,0.7426082012632781
140,0.9999946355819702,1,0.7432803909590715
140,0.9999924898147583,1,0.7432803909590715
140,0.9999936819076538,1,0.7432803909590715
140,0.9999773502349854,1,0.7428358007369414
140,0.9999985694885254,1,0.7432803909590715
140,0.9999666213989258,1,0.7424633652345833
140,0.9999879598617554,1,0.7432040980670512
140,0.9999983310699463,1,0.7432803909590715
140,0.999999,1,0.7432803909590715
140,0.9999665021896362,1,0.7424592270623349
140,0.9999523162841797,1,0.7419667845647724
140,0.9999350309371948,1,0.7413667495887509
140,0.9999909400939941,1,0.7432803909590715
140,0.9999983310699463,1,0.7432803909590715
140,0.999997615814209,1,0.7432803909590715
140,0.999998927116394,1,0.7432803909590715
140,0.9999979734420776,1,0.7432803909590715
140,0.9999969005584717,1,0.7432803909590715
140,0.999999,1,0.7432803909590715
140,0.999999,1,0.7432803909590715
140,0.9999966621398926,1,0.7432803909590715
140,0.9999916553497314,1,0.7432803909590715
140,0.999998927116394,1,0.7432803909590715
140,0.9999939203262329,1,0.7432803909590715
140,0.9999923706054688,1,0.7432803909590715
140,0.9999902248382568,1,0.7432803909590715
140,0.9999979734420776,1,0.7432803909590715
140,0.9999964237213135,1,0.7432803909590715
140,0.9999985694885254,1,0.7432803909590715
140,0.999997615814209,1,0.7432803909590715
140,0.9999979734420776,1,0.7432803909590715
140,0.999999,1,0.7432803909590715
140,0.9999978542327881,1,0.7432803909590715
140,0.9999955892562866,1,0.7432803909590715
140,0.9999628067016602,1,0.7423309437226338
140,0.9999727010726929,1,0.7426744120192529
140,0.9999985694885254,1,0.7432803909590715
140,0.9999988079071045,1,0.7432803909590715
140,0.9999774694442749,1,0.7428399389091899
140,0.9999876022338867,1,0.743191683550306
140,0.9999562501907349,1,0.7421033442489704
140,0.9999258518218994,1,0.7410481103256222
140,0.999999,1,0.7432803909590715
140,0.9999916553497314,1,0.7432803909590715
140,0.9999961853027344,1,0.7432803909590715
140,0.9999986886978149,1,0.7432803909590715
140,0.9999986886978149,1,0.7432803909590715
140,0.9999969005584717,1,0.7432803909590715
140,0.9999911785125732,1,0.7432803909590715
141,0.9999923706054688,1,0.7432803909590715
141,0.9999985694885254,1,0.7432803909590715
141,0.9999963045120239,1,0.7432803909590715
141,0.9999752044677734,1,0.7427613136364698
141,0.9960609078407288,1,0.6068823587733403
141,0.9999475479125977,1,0.7418012576748354
141,0.9999923706054688,1,0.7432803909590715
141,0.999998927116394,1,0.7432803909590715
141,0.9904098510742188,0,0.5779808918160736
141,0.9036633372306824,0,0.4986924757540782
141,0.9999849796295166,0,0.7431006437608406
141,0.9999916553497314,0,0.7432803909590715
141,0.9999063014984131,0,0.7403694500768807
141,0.9999523162841797,0,0.7419667845647724
141,0.9999727010726929,0,0.7426744120192529
141,0.999995231628418,0,0.7432803909590715
141,0.9999961853027344,0,0.7432803909590715
141,0.999999,0,0.7432803909590715
141,0.9999985694885254,0,0.7432803909590715
141,0.9999902248382568,0,0.7432803909590715
141,0.999997615814209,0,0.7432803909590715
141,0.9999984502792358,0,0.7432803909590715
141,0.9999940395355225,0,0.7432803909590715
141,0.9999778270721436,0,0.7428523534259351
141,0.999999,0,0.7432803909590715
141,0.9999799728393555,0,0.7429268405264068
141,0.9999978542327881,0,0.7432803909590715
141,0.9999939203262329,0,0.7432803909590715
141,0.9999531507492065,0,0.7419957517705114
141,0.9999852180480957,1,0.7431089201053375
141,0.9999843835830688,0,0.7430799528995985
141,0.999999,0,0.7432803909590715
141,0.9999949932098389,0,0.7432803909590715
141,0.9999973773956299,1,0.7432803909590715
141,0.9999761581420898,0,0.7427944190144572
141,0.9999967813491821,0,0.7432803909590715
141,0.9993526339530945,0,0.7211497090690749
141,0.9999986886978149,0,0.7432803909590715
141,0.999999,0,0.7432803909590715
141,0.9999973773956299,0,0.7432803909590715
141,0.9999325275421143,0,0.741279847971534
141,0.9172409772872925,0,0.5051060013760816
141,0.9787272810935974,0,0.5645378136095633
141,0.9866436123847961,0,0.5736470987097386
141,0.9998295307159424,1,0.7377044671488956
141,0.9993170499801636,1,0.7199144646529204
141,0.9999873638153076,1,0.7431834072058091
141,0.9999232292175293,1,0.7409570705361569
141,0.9999018907546997,1,0.740216337703689
141,0.9999948740005493,1,0.7432803909590715
141,0.9999949932098389,1,0.7432803909590715
141,0.9999797344207764,1,0.7429185641819099
141,0.9999731779098511,1,0.7426909647082466
141,0.9999986886978149,1,0.7432803909590715
141,0.9999973773956299,1,0.7432803909590715
141,0.999969482421875,1,0.7425626813685455
141,0.999999,1,0.7432803909590715
141,0.994050920009613,0,0.5821706526764829
141,0.9999986886978149,0,0.7432803909590715
141,0.9999986886978149,0,0.7432803909590715
141,0.999998927116394,0,0.7432803909590715
141,0.9999938011169434,0,0.7432803909590715
141,0.999999,0,0.7432803909590715
141,0.9996178150177002,0,0.7303550732356944
141,0.9999982118606567,0,0.7432803909590715
141,0.9999988079071045,0,0.7432803909590715
141,0.999999,0,0.7432803909590715
141,0.9999955892562866,0,0.7432803909590715
141,0.9999873638153076,0,0.7431834072058091
141,0.9999963045120239,0,0.7432803909590715
141,0.9999980926513672,0,0.7432803909590715
141,0.9999982118606567,0,0.7432803909590715
141,0.999966025352478,0,0.7424426743733412
141,0.9999866485595703,0,0.7431585781723186
142,0.9999926090240479,1,0.7432803909590715
142,0.9999984502792358,1,0.7432803909590715
142,0.9999361038208008,1,0.7414039931389867
142,0.9999974966049194,1,0.7432803909590715
142,0.988509476184845,1,0.5757941393890035
142,0.9999769926071167,1,0.7428233862201962
142,0.9999774694442749,1,0.7428399389091899
142,0.9999160766601562,1,0.7407087802012515
142,0.9999945163726807,1,0.7432803909590715
142,0.6711194515228271,0,0.22459893048128343
142,0.999998927116394,1,0.7432803909590715
142,0.9999988079071045,1,0.7432803909590715
142,0.9999858140945435,1,0.7431296109665796
142,0.9999920129776001,1,0.7432803909590715
142,0.9993908405303955,0,0.7224759932746949
142,0.999999,1,0.7432803909590715
142,0.9999973773956299,1,0.7432803909590715
142,0.9999988079071045,1,0.7432803909590715
142,0.9999958276748657,1,0.7432803909590715
142,0.9999892711639404,1,0.7432496179617839
142,0.999982476234436,1,0.7430137421436237
142,0.999987006187439,1,0.7431709926890638
142,0.9962939620018005,1,0.6149724855190094
142,0.9999946355819702,1,0.7432803909590715
142,0.9999982118606567,1,0.7432803909590715
142,0.999999,1,0.7432803909590715
142,0.9999985694885254,1,0.7432803909590715
142,0.9986080527305603,1,0.695302685205418
142,0.999999,1,0.7432803909590715
142,0.8996732234954834,0,0.4919655531635078
142,0.9999698400497437,1,0.7425750958852908
142,0.9999709129333496,1,0.7426123394355265
142,0.9838101863861084,1,0.5703866887694685
142,0.999997615814209,1,0.7432803909590715
142,0.9999809265136719,1,0.7429599459043942
142,0.999999,1,0.7432803909590715
142,0.7321404814720154,1,0.22459893048128343
142,0.9999783039093018,1,0.7428689061149288
142,0.9999986886978149,1,0.7432803909590715
142,0.9999978542327881,1,0.7432803909590715
142,0.9999924898147583,1,0.7432803909590715
142,0.999980092048645,1,0.7429309786986552
142,0.9999316930770874,1,0.741250880765795
142,0.999993085861206,0,0.7432803909590715
142,0.9999967813491821,1,0.7432803909590715
142,0.999998927116394,1,0.7432803909590715
142,0.999222993850708,1,0.7166494467489137
142,0.9991023540496826,0,0.7124616164335086
143,0.9999969005584717,1,0.7432803909590715
143,0.9999967813491821,1,0.7432803909590715
143,0.9939470291137695,1,0.5820511059123646
143,0.999999,1,0.7432803909590715
143,0.9999946355819702,1,0.7432803909590715
143,0.999999,1,0.7432803909590715
143,0.999998927116394,1,0.7432803909590715
143,0.9999982118606567,1,0.7432803909590715
143,0.9999970197677612,1,0.7432803909590715
143,0.999999,1,0.7432803909590715
143,0.9999974966049194,1,0.7432803909590715
143,0.9999982118606567,1,0.7432803909590715
143,0.9999979734420776,1,0.7432803909590715
143,0.999999,1,0.7432803909590715
143,0.9999970197677612,1,0.7432803909590715
143,0.9999533891677856,1,0.7420040281150082
143,0.9999983310699463,1,0.7432803909590715
143,0.9999966621398926,1,0.7432803909590715
143,0.9999914169311523,1,0.7432803909590715
143,0.9999933242797852,1,0.7432803909590715
143,0.9999910593032837,1,0.7432803909590715
143,0.9999786615371704,1,0.7428813206316741
143,0.9999967813491821,1,0.7432803909590715
143,0.999999,1,0.7432803909590715
143,0.9998252987861633,1,0.7375575620340765
143,0.9999980926513672,1,0.7432803909590715
143,0.9999866485595703,1,0.7431585781723186
143,0.9999884366989136,1,0.7432206507560449
143,0.9999960660934448,1,0.7432803909590715
143,0.9999983310699463,1,0.7432803909590715
143,0.9999986886978149,1,0.7432803909590715
143,0.9999985694885254,1,0.7432803909590715
143,0.9999978542327881,1,0.7432803909590715
143,0.9999988079071045,1,0.7432803909590715
143,0.9999986886978149,1,0.7432803909590715
143,0.999999,1,0.7432803909590715
143,0.9999823570251465,1,0.7430096039713753
143,0.999999,1,0.7432803909590715
143,0.9999961853027344,1,0.7432803909590715
143,0.9999974966049194,1,0.7432803909590715
143,0.9999951124191284,1,0.7432803909590715
143,0.9999973773956299,1,0.7432803909590715
143,0.999995231628418,1,0.7432803909590715
143,0.9999921321868896,1,0.7432803909590715
143,0.9999979734420776,1,0.7432803909590715
143,0.999998927116394,1,0.7432803909590715
143,0.999999,1,0.7432803909590715
143,0.999999,1,0.7432803909590715
143,0.9999970197677612,1,0.7432803909590715
143,0.9999980926513672,1,0.7432803909590715
143,0.9999940395355225,1,0.7432803909590715
143,0.9999960660934448,1,0.7432803909590715
143,0.9999958276748657,1,0.7432803909590715
143,0.9999960660934448,1,0.7432803909590715
143,0.9999830722808838,1,0.7430344330048658
143,0.9999988079071045,1,0.7432803909590715
143,0.999999,1,0.7432803909590715
143,0.9999983310699463,1,0.7432803909590715
143,0.999999,1,0.7432803909590715
143,0.9999964237213135,1,0.7432803909590715
143,0.999997615814209,1,0.7432803909590715
143,0.9999929666519165,1,0.7432803909590715
143,0.9999979734420776,1,0.7432803909590715
143,0.999999,1,0.7432803909590715
143,0.9999743700027466,1,0.7427323464307308
143,0.9999984502792358,1,0.7432803909590715
143,0.9999972581863403,1,0.7432803909590715
143,0.9999963045120239,1,0.7432803909590715
143,0.999999,1,0.7432803909590715
143,0.9999971389770508,1,0.7432803909590715
143,0.9999973773956299,1,0.7432803909590715
143,0.9999955892562866,1,0.7432803909590715
143,0.9999948740005493,1,0.7432803909590715
143,0.999999,1,0.7432803909590715
143,0.999999,1,0.7432803909590715
143,0.9999773502349854,1,0.7428358007369414
143,0.999999,1,0.7432803909590715
144,0.9999923706054688,1,0.7432803909590715
144,0.9999988079071045,1,0.7432803909590715
144,0.9999899864196777,1,0.7432744469952745
144,0.9999974966049194,1,0.7432803909590715
144,0.9999983310699463,1,0.7432803909590715
144,0.999998927116394,1,0.7432803909590715
144,0.9999967813491821,1,0.7432803909590715
144,0.9931281805038452,1,0.5811088606768758
144,0.9999969005584717,1,0.7432803909590715
144,0.9999979734420776,1,0.7432803909590715
144,0.999999,1,0.7432803909590715
144,0.9999942779541016,1,0.7432803909590715
144,0.9999986886978149,1,0.7432803909590715
144,0.9999971389770508,1,0.7432803909590715
144,0.9999982118606567,1,0.7432803909590715
144,0.9999963045120239,1,0.7432803909590715
144,0.999996542930603,1,0.7432803909590715
144,0.9999985694885254,1,0.7432803909590715
144,0.9999986886978149,1,0.7432803909590715
144,0.9999966621398926,1,0.7432803909590715
144,0.9999982118606567,1,0.7432803909590715
144,0.999999,1,0.7432803909590715
144,0.9999850988388062,1,0.743104781933089
144,0.9999923706054688,1,0.7432803909590715
144,0.9999936819076538,1,0.7432803909590715
144,0.9999957084655762,1,0.7432803909590715
144,0.999999,1,0.7432803909590715
144,0.9777867794036865,1,0.5634555827483916
144,0.9999297857284546,1,0.7411846700098202
144,0.9999951124191284,1,0.7432803909590715
144,0.9999943971633911,1,0.7432803909590715
144,0.9999827146530151,1,0.7430220184881206
144,0.9999982118606567,1,0.7432803909590715
144,0.9999963045120239,1,0.7432803909590715
144,0.9999986886978149,1,0.7432803909590715
144,0.999998927116394,1,0.7432803909590715
144,0.9999988079071045,1,0.7432803909590715
144,0.9999986886978149,1,0.7432803909590715
144,0.999999,1,0.7432803909590715
144,0.9999936819076538,1,0.7432803909590715
144,0.999999,1,0.7432803909590715
144,0.9999920129776001,1,0.7432803909590715
144,0.9999973773956299,1,0.7432803909590715
144,0.999996542930603,1,0.7432803909590715
144,0.9999974966049194,1,0.7432803909590715
144,0.9998737573623657,1,0.7392397290530609
144,0.9999868869781494,1,0.7431668545168154
144,0.999909520149231,1,0.7404811807275882
144,0.999999,1,0.7432803909590715
144,0.9999921321868896,1,0.7432803909590715
144,0.8347465991973877,1,0.3796590890561827
144,0.9999374151229858,1,0.7414495130337194
144,0.9999673366546631,1,0.7424881942680739
144,0.9999969005584717,1,0.7432803909590715
144,0.9999885559082031,1,0.7432247889282934
144,0.999996542930603,1,0.7432803909590715
144,0.9999957084655762,1,0.7432803909590715
144,0.999964714050293,1,0.7423971544786085
144,0.9999982118606567,1,0.7432803909590715
144,0.9999986886978149,1,0.7432803909590715
144,0.9999979734420776,1,0.7432803909590715
144,0.9999959468841553,1,0.7432803909590715
145,0.9999955892562866,1,0.7432803909590715
145,0.9999983310699463,1,0.7432803909590715
145,0.9999465942382812,1,0.741768152296848
145,0.999999,1,0.7432803909590715
145,0.9996209144592285,1,0.7304626657141534
145,0.9998670816421509,1,0.7390079914071491
145,0.9999948740005493,1,0.7432803909590715
145,0.9999279975891113,1,0.7411225974260939
145,0.9999929666519165,1,0.7432803909590715
145,0.9999979734420776,1,0.7432803909590715
145,0.9999982118606567,1,0.7432803909590715
145,0.9999979734420776,1,0.7432803909590715
145,0.9999939203262329,1,0.7432803909590715
145,0.999991774559021,1,0.7432803909590715
145,0.9999971389770508,1,0.7432803909590715
145,0.9999916553497314,1,0.7432803909590715
145,0.9999814033508301,1,0.7429764985933879
145,0.9999963045120239,1,0.7432803909590715
145,0.999996542930603,1,0.7432803909590715
145,0.9998024106025696,1,0.7367630329623791
145,0.5361580848693848,0,0.22459893048128343
145,0.9999958276748657,1,0.7432803909590715
145,0.999997615814209,1,0.7432803909590715
145,0.9910433292388916,1,0.5787098321540248
145,0.9999908208847046,1,0.7432803909590715
145,0.999999,1,0.7432803909590715
145,0.9999916553497314,1,0.7432803909590715
145,0.9999861717224121,1,0.7431420254833249
145,0.9999958276748657,1,0.7432803909590715
145,0.9999814033508301,1,0.7429764985933879
145,0.9999953508377075,1,0.7432803909590715
145,0.9999980926513672,1,0.7432803909590715
145,0.9999876022338867,1,0.743191683550306
145,0.9984044432640076,1,0.6882346870051097
145,0.9999964237213135,1,0.7432803909590715
145,0.999997615814209,1,0.7432803909590715
145,0.9999953508377075,1,0.7432803909590715
145,0.9999548196792603,1,0.7420536861819893
145,0.999999,1,0.7432803909590715
145,0.9999251365661621,1,0.7410232812921317
145,0.999999,1,0.7432803909590715
145,0.999998927116394,1,0.7432803909590715
145,0.9999958276748657,1,0.7432803909590715
145,0.9952503442764282,1,0.5835508245263694
145,0.9999980926513672,1,0.7432803909590715
145,0.9999985694885254,1,0.7432803909590715
145,0.999999,1,0.7432803909590715
145,0.9999924898147583,1,0.7432803909590715
145,0.9999955892562866,1,0.7432803909590715
145,0.999999,1,0.7432803909590715
145,0.9999986886978149,1,0.7432803909590715
145,0.9999328851699829,1,0.7412922624882793
145,0.9999979734420776,1,0.7432803909590715
145,0.9999984502792358,1,0.7432803909590715
145,0.999998927116394,1,0.7432803909590715
145,0.999999,1,0.7432803909590715
145,0.9999189376831055,1,0.7408080963352136
145,0.9999970197677612,1,0.7432803909590715
145,0.9999880790710449,1,0.7432082362392997
145,0.9999840259552002,1,0.7430675383828532
145,0.9999986886978149,1,0.7432803909590715
145,0.999999,1,0.7432803909590715
145,0.9999978542327881,1,0.7432803909590715
145,0.9999988079071045,1,0.7432803909590715
145,0.9999979734420776,1,0.7432803909590715
145,0.9999985694885254,1,0.7432803909590715
145,0.9999961853027344,0,0.7432803909590715
145,0.9998664855957031,1,0.7389873005459071
145,0.9998550415039062,1,0.7385900360100583
145,0.9999967813491821,1,0.7432803909590715
145,0.9999852180480957,1,0.7431089201053375
145,0.9999953508377075,1,0.7432803909590715
145,0.9999970197677612,1,0.7432803909590715
145,0.9999854564666748,1,0.7431171964498343
145,0.9999984502792358,1,0.7432803909590715
145,0.999999,1,0.7432803909590715
145,0.9999985694885254,1,0.7432803909590715
146,0.999995231628418,1,0.7432803909590715
146,0.9999982118606567,1,0.7432803909590715
146,0.9999971389770508,1,0.7432803909590715
146,0.9999512434005737,1,0.7419295410145366
146,0.9999978542327881,1,0.7432803909590715
146,0.9994552731513977,1,0.7247126753749681
146,0.999992847442627,1,0.7432803909590715
146,0.99997878074646,1,0.7428854588039225
146,0.9999964237213135,1,0.7432803909590715
146,0.9999982118606567,1,0.7432803909590715
146,0.9999983310699463,1,0.7432803909590715
146,0.9999984502792358,1,0.7432803909590715
146,0.9999982118606567,1,0.7432803909590715
146,0.999999,1,0.7432803909590715
146,0.9999587535858154,1,0.7421902458661873
146,0.9999955892562866,1,0.7432803909590715
146,0.9999905824661255,1,0.7432803909590715
146,0.9999960660934448,1,0.7432803909590715
146,0.9999961853027344,1,0.7432803909590715
146,0.9999985694885254,1,0.7432803909590715
146,0.8305156826972961,0,0.3718125236777249
146,0.9999938011169434,1,0.7432803909590715
146,0.9999966621398926,1,0.7432803909590715
146,0.9999922513961792,1,0.7432803909590715
146,0.9999642372131348,1,0.7423806017896148
146,0.9999971389770508,1,0.7432803909590715
146,0.9999986886978149,1,0.7432803909590715
146,0.9999966621398926,1,0.7432803909590715
146,0.9999938011169434,1,0.7432803909590715
146,0.9999938011169434,1,0.7432803909590715
146,0.9999980926513672,1,0.7432803909590715
146,0.9999854564666748,1,0.7431171964498343
146,0.9986674785614014,1,0.6973655640712575
146,0.9999972581863403,1,0.7432803909590715
146,0.9999971389770508,1,0.7432803909590715
146,0.999995231628418,1,0.7432803909590715
146,0.9999985694885254,1,0.7432803909590715
146,0.9999979734420776,1,0.7432803909590715
146,0.9999979734420776,1,0.7432803909590715
146,0.9999938011169434,1,0.7432803909590715
146,0.9999970197677612,1,0.7432803909590715
146,0.9886738657951355,0,0.5759833017386525
146,0.9999957084655762,1,0.7432803909590715
146,0.9999974966049194,1,0.7432803909590715
146,0.9999972581863403,1,0.7432803909590715
146,0.999999,1,0.7432803909590715
146,0.9999971389770508,1,0.7432803909590715
146,0.9999977350234985,1,0.7432803909590715
146,0.9999942779541016,0,0.7432803909590715
146,0.9999417066574097,1,0.7415984872346627
146,0.9999964237213135,1,0.7432803909590715
146,0.999999,1,0.7432803909590715
146,0.9999340772628784,1,0.7413336442107635
146,0.9997414946556091,1,0.7346484269434344
146,0.999997615814209,1,0.7432803909590715
146,0.9999986886978149,1,0.7432803909590715
146,0.9998656511306763,1,0.7389583333401681
146,0.9999737739562988,1,0.7427116555694887
146,0.9999785423278809,1,0.7428771824594257
146,0.9999740123748779,1,0.7427199319139856
146,0.9999967813491821,1,0.7432803909590715
146,0.9999935626983643,1,0.7432803909590715
146,0.9994776844978333,1,0.7254906517576718
146,0.9999983310699463,1,0.7432803909590715
146,0.8479912877082825,1,0.40422239923160125
146,0.9993245601654053,1,0.7201751695045711
146,0.999999,1,0.7432803909590715
147,0.9999959468841553,1,0.7432803909590715
147,0.9999974966049194,1,0.7432803909590715
147,0.999995231628418,1,0.7432803909590715
147,0.9999988079071045,1,0.7432803909590715
147,0.999999,1,0.7432803909590715
147,0.999998927116394,1,0.7432803909590715
147,0.9999978542327881,1,0.7432803909590715
147,0.9999988079071045,1,0.7432803909590715
147,0.999999,1,0.7432803909590715
147,0.9999964237213135,1,0.7432803909590715
147,0.9999985694885254,1,0.7432803909590715
147,0.9999963045120239,1,0.7432803909590715
147,0.999999,1,0.7432803909590715
147,0.9999979734420776,1,0.7432803909590715
147,0.999999,1,0.7432803909590715
147,0.999999,1,0.7432803909590715
147,0.9999988079071045,1,0.7432803909590715
147,0.9997838139533997,1,0.736117478091625
147,0.9999454021453857,1,0.7417267705743638
147,0.9999973773956299,1,0.7432803909590715
147,0.9999864101409912,1,0.7431503018278217
147,0.9999908208847046,1,0.7432803909590715
147,0.9999624490737915,1,0.7423185292058885
147,0.9999940395355225,1,0.7432803909590715
147,0.999999,1,0.7432803909590715
147,0.9929359555244446,1,0.5808876682992044
147,0.9999985694885254,1,0.7432803909590715
147,0.9999983310699463,1,0.7432803909590715
147,0.9997730851173401,1,0.7357450425892668
147,0.999999,1,0.7432803909590715
147,0.999999,1,0.7432803909590715
147,0.999999,1,0.7432803909590715
147,0.9999973773956299,1,0.7432803909590715
147,0.9999916553497314,1,0.7432803909590715
147,0.9999985694885254,1,0.7432803909590715
147,0.999999,1,0.7432803909590715
147,0.9999980926513672,1,0.7432803909590715
147,0.999999,1,0.7432803909590715
147,0.9999982118606567,1,0.7432803909590715
147,0.999999,1,0.7432803909590715
147,0.999998927116394,1,0.7432803909590715
148,0.9998869895935059,1,0.739699066172636
148,0.9997672438621521,1,0.735542272149094
148,0.9997144341468811,1,0.7337090618430421
148,0.9999936819076538,1,0.7432803909590715
148,0.9999679327011108,1,0.742508885129316
148,0.9999980926513672,1,0.7432803909590715
148,0.9999984502792358,1,0.7432803909590715
148,0.9999978542327881,1,0.7432803909590715
148,0.9997503161430359,1,0.7349546516898178
148,0.9999986886978149,1,0.7432803909590715
148,0.999999,1,0.7432803909590715
148,0.999997615814209,1,0.7432803909590715
148,0.9999909400939941,1,0.7432803909590715
148,0.9999988079071045,1,0.7432803909590715
148,0.9999918937683105,1,0.7432803909590715
148,0.9999864101409912,1,0.7431503018278217
148,0.999809205532074,1,0.7369989087805393
148,0.9999980926513672,1,0.7432803909590715
148,0.9999985694885254,1,0.7432803909590715
148,0.999995231628418,1,0.7432803909590715
148,0.9997840523719788,1,0.7361257544361218
148,0.9999966621398926,1,0.7432803909590715
148,0.9999988079071045,1,0.7432803909590715
148,0.9998551607131958,1,0.7385941741823068
148,0.9998890161514282,1,0.7397694151008593
148,0.999998927116394,1,0.7432803909590715
148,0.9999949932098389,1,0.7432803909590715
148,0.999999,1,0.7432803909590715
148,0.9999197721481323,1,0.7408370635409526
148,0.999999,1,0.7432803909590715
148,0.9999988079071045,1,0.7432803909590715
148,0.9999988079071045,1,0.7432803909590715
148,0.999998927116394,1,0.7432803909590715
148,0.9999985694885254,1,0.7432803909590715
148,0.999998927116394,1,0.7432803909590715
148,0.999999,1,0.7432803909590715
148,0.999998927116394,1,0.7432803909590715
148,0.9999314546585083,1,0.7412426044212982
148,0.9999983310699463,1,0.7432803909590715
148,0.9999370574951172,1,0.7414370985169741
148,0.9999773502349854,1,0.7428358007369414
148,0.9000706672668457,1,0.49263560260607725
148,0.9998366832733154,1,0.7379527574838011
148,0.9999910593032837,1,0.7432803909590715
148,0.9999929666519165,1,0.7432803909590715
149,0.9999982118606567,1,0.7432803909590715
149,0.9583389163017273,1,0.5410770183517898
149,0.9999978542327881,1,0.7432803909590715
149,0.9999980926513672,1,0.7432803909590715
149,0.9999915361404419,1,0.7432803909590715
149,0.9999980926513672,1,0.7432803909590715
149,0.9999979734420776,1,0.7432803909590715
149,0.9999982118606567,1,0.7432803909590715
149,0.9998151659965515,1,0.7372058173929604
149,0.9999982118606567,1,0.7432803909590715
149,0.9999977350234985,1,0.7432803909590715
149,0.9999924898147583,1,0.7432803909590715
149,0.9999969005584717,1,0.7432803909590715
149,0.9999982118606567,1,0.7432803909590715
149,0.9999963045120239,1,0.7432803909590715
149,0.9999574422836304,1,0.7421447259714546
149,0.9999947547912598,1,0.7432803909590715
149,0.9999978542327881,1,0.7432803909590715
149,0.9999943971633911,1,0.7432803909590715
149,0.9985836744308472,1,0.6944564289806153
149,0.9999986886978149,1,0.7432803909590715
149,0.999999,1,0.7432803909590715
149,0.9999983310699463,1,0.7432803909590715
149,0.9999984502792358,1,0.7432803909590715
149,0.999990701675415,1,0.7432803909590715
149,0.9995643496513367,0,0.7284991029822762
149,0.9999933242797852,1,0.7432803909590715
149,0.9999958276748657,1,0.7432803909590715
149,0.9999672174453735,1,0.7424840560958255
149,0.9999945163726807,1,0.7432803909590715
149,0.9999973773956299,1,0.7432803909590715
149,0.9999812841415405,1,0.7429723604211395
149,0.9999977350234985,1,0.7432803909590715
149,0.9999980926513672,1,0.7432803909590715
149,0.9999780654907227,1,0.742860629770432
149,0.999999,1,0.7432803909590715
149,0.9999983310699463,1,0.7432803909590715
149,0.9999842643737793,1,0.7430758147273501
149,0.9999910593032837,1,0.7432803909590715
149,0.9999979734420776,1,0.7432803909590715
149,0.9999884366989136,1,0.7432206507560449
149,0.7388826012611389,0,0.22459893048128343
149,0.9717027544975281,0,0.5564547239682164
149,0.7349592447280884,0,0.22459893048128343
150,0.9999964237213135,1,0.7432803909590715
150,0.9999988079071045,1,0.7432803909590715
150,0.9999943971633911,1,0.7432803909590715
150,0.9999178647994995,1,0.7407708527849779
150,0.9999986886978149,1,0.7432803909590715
150,0.9999974966049194,1,0.7432803909590715
150,0.9999945163726807,1,0.7432803909590715
150,0.9999872446060181,1,0.7431792690335607
150,0.9999508857727051,1,0.7419171264977913
150,0.9799953103065491,1,0.5659969288475739
150,0.9999972581863403,1,0.7432803909590715
150,0.9999884366989136,1,0.7432206507560449
150,0.7615702748298645,0,0.24394787535282014
150,0.9580166935920715,1,0.5407062381987069
150,0.9999964237213135,1,0.7432803909590715
150,0.9999866485595703,1,0.7431585781723186
150,0.9999980926513672,1,0.7432803909590715
150,0.9999947547912598,1,0.7432803909590715
150,0.999999,1,0.7432803909590715
150,0.5579103231430054,1,0.22459893048128343
150,0.9971740245819092,1,0.6455225421430003
150,0.9992263317108154,1,0.7167653155718696
150,0.9999983310699463,1,0.7432803909590715
150,0.999998927116394,1,0.7432803909590715
150,0.9999982118606567,1,0.7432803909590715
150,0.999999,1,0.7432803909590715
150,0.9999812841415405,1,0.7429723604211395
150,0.998819887638092,1,0.7026562172908677
150,0.9999980926513672,1,0.7432803909590715
150,0.9999955892562866,1,0.7432803909590715
150,0.999999,1,0.7432803909590715
150,0.9999772310256958,1,0.742831662564693
150,0.999997615814209,1,0.7432803909590715
150,0.999999,1,0.7432803909590715
150,0.9999699592590332,1,0.7425792340575392
150,0.9999955892562866,1,0.7432803909590715
150,0.9999756813049316,0,0.7427778663254635
150,0.99998939037323,0,0.7432537561340323
150,0.9999657869338989,0,0.7424343980288444
150,0.999997615814209,0,0.7432803909590715
150,0.9999983310699463,0,0.7432803909590715
150,0.9999988079071045,0,0.7432803909590715
150,0.9999986886978149,0,0.7432803909590715
150,0.9999724626541138,0,0.742666135674756
151,0.999994158744812,0,0.7432803909590715
151,0.9996705055236816,1,0.7321841453694978
151,0.9999979734420776,1,0.7432803909590715
151,0.657931923866272,1,0.22459893048128343
151,0.9999734163284302,1,0.7426992410527434
151,0.9999810457229614,1,0.7429640840766426
151,0.9999971389770508,1,0.7432803909590715
151,0.609552264213562,0,0.22459893048128343
151,0.9833447337150574,1,0.5698510945749764
151,0.9999929666519165,1,0.7432803909590715
151,0.9999980926513672,1,0.7432803909590715
151,0.9999966621398926,1,0.7432803909590715
151,0.9999622106552124,1,0.7423102528613916
151,0.9999958276748657,1,0.7432803909590715
151,0.999985933303833,1,0.743133749138828
151,0.9999967813491821,1,0.7432803909590715
151,0.9999977350234985,1,0.7432803909590715
151,0.9999967813491821,1,0.7432803909590715
151,0.9999960660934448,1,0.7432803909590715
151,0.9999971389770508,1,0.7432803909590715
151,0.9999908208847046,1,0.7432803909590715
151,0.9999969005584717,1,0.7432803909590715
151,0.9999978542327881,1,0.7432803909590715
151,0.9999974966049194,1,0.7432803909590715
151,0.9999891519546509,1,0.7432454797895355
151,0.9999940395355225,1,0.7432803909590715
151,0.9999939203262329,1,0.7432803909590715
151,0.9995612502098083,1,0.7283915105038171
151,0.9999977350234985,1,0.7432803909590715
151,0.9999812841415405,1,0.7429723604211395
151,0.9999978542327881,1,0.7432803909590715
151,0.9999980926513672,1,0.7432803909590715
151,0.999997615814209,1,0.7432803909590715
151,0.9998509883880615,1,0.7384493381536119
151,0.9973479509353638,1,0.6515601354534512
151,0.9388841390609741,1,0.5186904978882702
151,0.9999963045120239,1,0.7432803909590715
151,0.9999984502792358,1,0.7432803909590715
151,0.9999663829803467,1,0.7424550888900865
151,0.9999940395355225,1,0.7432803909590715
151,0.8867735266685486,1,0.47021798711517065
151,0.9999966621398926,1,0.7432803909590715
151,0.999999,1,0.7432803909590715
151,0.9999986886978149,1,0.7432803909590715
151,0.999999,1,0.7432803909590715
151,0.9964040517807007,1,0.6187940875904291
151,0.9999961853027344,1,0.7432803909590715
152,0.9999980926513672,1,0.7432803909590715
152,0.9999979734420776,1,0.7432803909590715
152,0.9999972581863403,1,0.7432803909590715
152,0.9998703002929688,1,0.7391197220578566
152,0.9997439980506897,1,0.7347353285606513
152,0.9999982118606567,1,0.7432803909590715
152,0.999998927116394,1,0.7432803909590715
152,0.9999980926513672,1,0.7432803909590715
152,0.9999898672103882,1,0.743270308823026
152,0.9999423027038574,1,0.7416191780959048
152,0.999997615814209,1,0.7432803909590715
152,0.9999979734420776,1,0.7432803909590715
152,0.9999964237213135,1,0.7432803909590715
152,0.999999,1,0.7432803909590715
152,0.9999148845672607,1,0.7406673984787673
152,0.9999854564666748,1,0.7431171964498343
152,0.9999983310699463,1,0.7432803909590715
152,0.9999978542327881,1,0.7432803909590715
152,0.999998927116394,1,0.7432803909590715
152,0.9999967813491821,1,0.7432803909590715
152,0.9999879598617554,1,0.7432040980670512
152,0.9999794960021973,1,0.7429102878374131
152,0.9993857145309448,1,0.7222980518680127
152,0.9999904632568359,1,0.7432803909590715
152,0.9999984502792358,1,0.7432803909590715
152,0.9999974966049194,1,0.7432803909590715
152,0.9990812540054321,1,0.7117291599455375
152,0.9999922513961792,1,0.7432803909590715
152,0.9999988079071045,1,0.7432803909590715
152,0.9999988079071045,1,0.7432803909590715
152,0.999996542930603,1,0.7432803909590715
152,0.9999978542327881,1,0.7432803909590715
152,0.999990701675415,1,0.7432803909590715
152,0.9999988079071045,1,0.7432803909590715
152,0.9999903440475464,1,0.7432803909590715
152,0.9999974966049194,1,0.7432803909590715
152,0.9999984502792358,1,0.7432803909590715
152,0.9999196529388428,1,0.7408329253687042
152,0.999990701675415,1,0.7432803909590715
152,0.9999778270721436,1,0.7428523534259351
152,0.9998738765716553,1,0.7392438672253093
152,0.9998601675033569,1,0.7387679774167406
152,0.9970356225967407,1,0.64071812416258
153,0.9999977350234985,1,0.7432803909590715
153,0.9999988079071045,1,0.7432803909590715
153,0.9999955892562866,1,0.7432803909590715
153,0.9999971389770508,1,0.7432803909590715
153,0.999997615814209,1,0.7432803909590715
153,0.9999983310699463,1,0.7432803909590715
153,0.9999986886978149,1,0.7432803909590715
153,0.9999971389770508,1,0.7432803909590715
153,0.9999933242797852,1,0.7432803909590715
153,0.9999958276748657,1,0.7432803909590715
153,0.9999818801879883,1,0.7429930512823816
153,0.9999748468399048,1,0.7427488991197245
153,0.9999971389770508,1,0.7432803909590715
153,0.999999,1,0.7432803909590715
153,0.8988762497901917,0,0.49062193722220676
153,0.9999732971191406,1,0.742695102880495
153,0.9999986886978149,1,0.7432803909590715
153,0.9999969005584717,1,0.7432803909590715
153,0.9999922513961792,1,0.7432803909590715
153,0.9999614953994751,1,0.7422854238279011
153,0.9999891519546509,1,0.7432454797895355
153,0.9999988079071045,1,0.7432803909590715
153,0.9999986886978149,1,0.7432803909590715
153,0.9999985694885254,1,0.7432803909590715
153,0.9999983310699463,1,0.7432803909590715
153,0.9999963045120239,1,0.7432803909590715
153,0.999999,1,0.7432803909590715
153,0.999999,1,0.7432803909590715
153,0.9999963045120239,1,0.7432803909590715
153,0.9999775886535645,1,0.7428440770814383
153,0.9999746084213257,1,0.7427406227752277
153,0.9999879598617554,1,0.7432040980670512
153,0.9493472576141357,1,0.5307303590855458
153,0.999909520149231,0,0.7404811807275882
153,0.9999856948852539,0,0.7431254727943312
153,0.9999920129776001,0,0.7432803909590715
154,0.501143753528595,1,0.22459893048128343
154,0.9980220794677734,1,0.6749614995182894
154,0.9999960660934448,1,0.7432803909590715
154,0.9999762773513794,1,0.7427985571867056
154,0.9999591112136841,1,0.7422026603829326
154,0.9999016523361206,1,0.7402080613591921
154,0.999968409538269,1,0.7425254378183097
154,0.9999938011169434,1,0.7432803909590715
154,0.9987084865570068,0,0.6987890953247153
154,0.9896401166915894,0,0.5770951620904147
154,0.9999972581863403,0,0.7432803909590715
154,0.9999964237213135,0,0.7432803909590715
154,0.9974936246871948,0,0.6566169819410254
154,0.9999985694885254,0,0.7432803909590715
154,0.999999,0,0.7432803909590715
154,0.9999983310699463,0,0.7432803909590715
154,0.9999932050704956,0,0.7432803909590715
154,0.9999959468841553,0,0.7432803909590715
154,0.9999986886978149,0,0.7432803909590715
154,0.999999,0,0.7432803909590715
154,0.9999579191207886,0,0.7421612786604483
154,0.999999,0,0.7432803909590715
154,0.9999973773956299,0,0.7432803909590715
154,0.9999598264694214,0,0.7422274894164231
154,0.9952179193496704,0,0.5835135133159963
154,0.8214173316955566,0,0.35493892053056714
154,0.9997238516807556,0,0.7340359774506676
154,0.5648154616355896,0,0.22459893048128343
154,0.9345682263374329,0,0.5137241974619703
154,0.9984049201011658,0,0.6882512396941034
154,0.7938634753227234,0,0.30383814001329756
154,1.0688742804632057e-05,0,0.22459893048128343
154,0.7777677774429321,0,0.27398741010100686
154,5.5273576435865834e-05,0,0.22459893048128343
154,1e-06,0,0.22459893048128343
154,0.9999982118606567,0,0.7432803909590715
154,0.9999972581863403,0,0.7432803909590715
154,0.9999979734420776,0,0.7432803909590715
154,0.9996453523635864,0,0.7313109910250803
154,0.999996542930603,0,0.7432803909590715
154,0.9999738931655884,0,0.7427157937417371
154,0.9999856948852539,0,0.7431254727943312
154,0.9999309778213501,0,0.7412260517323045
154,0.6541303992271423,0,0.22459893048128343
155,0.9999988079071045,1,0.7432803909590715
155,0.9999970197677612,1,0.7432803909590715
155,0.9999914169311523,1,0.7432803909590715
155,0.999971866607666,1,0.7426454448135139
155,0.9999932050704956,1,0.7432803909590715
155,0.9999902248382568,1,0.7432803909590715
155,0.999999,1,0.7432803909590715
155,0.9999771118164062,1,0.7428275243924446
155,0.9999938011169434,1,0.7432803909590715
155,0.9999953508377075,1,0.7432803909590715
155,0.999999,1,0.7432803909590715
155,0.9999966621398926,1,0.7432803909590715
155,0.9999903440475464,1,0.7432803909590715
155,0.9999933242797852,1,0.7432803909590715
155,0.9999938011169434,1,0.7432803909590715
155,0.9999874830245972,1,0.7431875453780575
155,0.999984860420227,1,0.7430965055885922
155,0.999999,1,0.7432803909590715
155,0.9999980926513672,1,0.7432803909590715
155,0.9999985694885254,1,0.7432803909590715
155,0.9999951124191284,1,0.7432803909590715
155,0.9999935626983643,1,0.7432803909590715
155,0.999996542930603,1,0.7432803909590715
155,0.999999,1,0.7432803909590715
155,0.999988317489624,1,0.7432165125837965
155,0.999999,1,0.7432803909590715
155,0.9999967813491821,1,0.7432803909590715
155,0.9999951124191284,1,0.7432803909590715
155,0.9999935626983643,1,0.7432803909590715
155,0.999991774559021,1,0.7432803909590715
155,0.999999,1,0.7432803909590715
155,0.9999939203262329,1,0.7432803909590715
155,0.9999942779541016,1,0.7432803909590715
155,0.9998084902763367,1,0.7369740797470488
155,0.9999539852142334,1,0.7420247189762503
155,0.999999,1,0.7432803909590715
155,0.9997850060462952,1,0.7361588598141092
155,0.999998927116394,1,0.7432803909590715
155,0.999999,1,0.7432803909590715
155,0.9999504089355469,1,0.7419005738087976
155,0.999999,1,0.7432803909590715
155,0.9999723434448242,1,0.7426619975025076
155,0.999996542930603,1,0.7432803909590715
155,0.9999980926513672,1,0.7432803909590715
155,0.999999,1,0.7432803909590715
155,0.999999,1,0.7432803909590715
155,0.999999,1,0.7432803909590715
155,0.9999892711639404,1,0.7432496179617839
155,0.999999,1,0.7432803909590715
155,0.999999,1,0.7432803909590715
155,0.999999,1,0.7432803909590715
155,0.999995231628418,1,0.7432803909590715
155,0.999999,1,0.7432803909590715
155,0.9999980926513672,1,0.7432803909590715
155,0.9999982118606567,1,0.7432803909590715
155,0.9999983310699463,1,0.7432803909590715
155,0.999999,1,0.7432803909590715
155,0.9999984502792358,1,0.7432803909590715
155,0.9999972581863403,1,0.7432803909590715
155,0.9999940395355225,1,0.7432803909590715
155,0.999985933303833,1,0.743133749138828
155,0.9999139308929443,1,0.7406342931007799
155,0.9999940395355225,1,0.7432803909590715
155,0.999999,1,0.7432803909590715
155,0.999999,1,0.7432803909590715
155,0.9999964237213135,1,0.7432803909590715
155,0.9996967315673828,1,0.7330945432641511
155,0.9999182224273682,1,0.7407832673017232
156,0.999976396560669,1,0.742802695358954
156,0.48638150095939636,0,0.22459893048128343
156,1e-06,0,0.22459893048128343
157,0.6470323204994202,0,0.22459893048128343
157,0.8783603310585022,1,0.45603420204938316
157,0.9996916055679321,1,0.7329166018574689
157,0.9998809099197388,1,0.7394880193879664
157,0.9999773502349854,1,0.7428358007369414
157,0.9999055862426758,1,0.7403446210433902
157,0.9999315738677979,1,0.7412467425935466
157,0.9999866485595703,1,0.7431585781723186
157,0.999972939491272,1,0.7426826883637497
157,0.999985933303833,1,0.743133749138828
157,0.9999943971633911,1,0.7432803909590715
157,0.9999984502792358,1,0.7432803909590715
157,0.9999957084655762,1,0.7432803909590715
157,0.9999957084655762,1,0.7432803909590715
157,0.9999972581863403,1,0.7432803909590715
157,0.9999877214431763,1,0.7431958217225544
157,0.9999979734420776,1,0.7432803909590715
157,0.9999884366989136,1,0.7432206507560449
157,0.999994158744812,1,0.7432803909590715
157,0.9999078512191772,1,0.7404232463161102
157,0.9999939203262329,1,0.7432803909590715
157,0.999893069267273,1,0.7399101129573056
157,0.99998939037323,1,0.7432537561340323
157,0.999999,1,0.7432803909590715
157,0.948677659034729,0,0.5299598551566274
157,0.9999960660934448,1,0.7432803909590715
157,0.999999,1,0.7432803909590715
157,0.999999,1,0.7432803909590715
157,0.9999860525131226,1,0.7431378873110764
157,0.9999550580978394,1,0.7420619625264862
157,0.9999792575836182,1,0.7429020114929162
157,0.9999979734420776,1,0.7432803909590715
157,0.999901294708252,1,0.7401956468424469
157,0.9999980926513672,1,0.7432803909590715
157,0.9999957084655762,1,0.7432803909590715
157,0.9999580383300781,1,0.7421654168326968
157,0.999999,1,0.7432803909590715
157,0.9999886751174927,1,0.7432289271005418
157,0.999999,1,0.7432803909590715
157,0.9999986886978149,1,0.7432803909590715
157,0.9999929666519165,1,0.7432803909590715
157,0.999999,1,0.7432803909590715
157,0.9999958276748657,1,0.7432803909590715
157,0.99998939037323,1,0.7432537561340323
157,0.9999492168426514,1,0.7418591920863133
157,0.9999344348907471,1,0.7413460587275088
157,0.999999,1,0.7432803909590715
157,0.999999,1,0.7432803909590715
157,0.9999197721481323,1,0.7408370635409526
157,0.9986108541488647,1,0.695399932253256
157,0.9999966621398926,1,0.7432803909590715
157,0.9999945163726807,1,0.7432803909590715
157,0.9999887943267822,1,0.7432330652727902
157,0.9999967813491821,1,0.7432803909590715
157,0.999995231628418,1,0.7432803909590715
157,0.9999666213989258,0,0.7424633652345833
157,0.9998964071273804,0,0.7400259817802615
157,0.999980092048645,0,0.7429309786986552
157,0.9998525381088257,0,0.7385031343928414
157,0.9999880790710449,0,0.7432082362392997
157,0.9999988079071045,0,0.7432803909590715
157,0.9999977350234985,0,0.7432803909590715
157,0.9999963045120239,0,0.7432803909590715
157,0.9999018907546997,0,0.740216337703689
157,0.9738315343856812,1,0.5589043009507089
157,0.9996912479400635,0,0.7329041873407236
157,0.9725603461265564,0,0.5574415506131584
157,0.9999923706054688,0,0.7432803909590715
157,0.9999982118606567,0,0.7432803909590715
157,0.9999617338180542,0,0.7422937001723979
157,0.999995231628418,0,0.7432803909590715
157,0.9999979734420776,1,0.7432803909590715
158,0.9999978542327881,1,0.7432803909590715
158,0.999999,1,0.7432803909590715
158,0.9999929666519165,1,0.7432803909590715
158,0.9999964237213135,1,0.7432803909590715
158,0.9999984502792358,1,0.7432803909590715
159,0.9999967813491821,1,0.7432803909590715
159,0.9999980926513672,1,0.7432803909590715
159,0.9999678134918213,1,0.7425047469570676
159,0.9998741149902344,1,0.7392521435698062
159,0.9999966621398926,1,0.7432803909590715
159,0.9999419450759888,1,0.7416067635791596
159,0.9999065399169922,1,0.7403777264213776
159,0.9999983310699463,1,0.7432803909590715
159,0.9995114803314209,1,0.7266638235901001
159,0.9999674558639526,1,0.7424923324403223
159,0.9999945163726807,1,0.7432803909590715
159,0.9500997066497803,1,0.5315961986439102
159,0.9999866485595703,1,0.7431585781723186
159,0.9999682903289795,1,0.7425212996460613
159,0.9999923706054688,1,0.7432803909590715
159,0.999998927116394,1,0.7432803909590715
159,0.999999,1,0.7432803909590715
159,0.9999966621398926,1,0.7432803909590715
159,0.9999977350234985,1,0.7432803909590715
159,0.9999942779541016,1,0.7432803909590715
159,0.988239049911499,1,0.5754829611510203
159,0.9999972581863403,1,0.7432803909590715
159,0.999985933303833,1,0.743133749138828
159,0.9999980926513672,1,0.7432803909590715
159,0.999999,1,0.7432803909590715
159,0.9999784231185913,1,0.7428730442871773
159,0.9999979734420776,1,0.7432803909590715
159,0.9999973773956299,1,0.7432803909590715
159,0.999998927116394,1,0.7432803909590715
159,0.9999973773956299,1,0.7432803909590715
159,0.999999,1,0.7432803909590715
159,0.999996542930603,1,0.7432803909590715
159,0.999999,1,0.7432803909590715
159,0.9999703168869019,1,0.7425916485742844
159,0.9842907190322876,1,0.5709396354202554
159,0.9999984502792358,1,0.7432803909590715
159,0.9999963045120239,1,0.7432803909590715
159,0.8089223504066467,1,0.331766001002631
159,0.9999988079071045,1,0.7432803909590715
159,0.9999918937683105,1,0.7432803909590715
159,0.9999538660049438,1,0.7420205808040019
159,0.9999806880950928,1,0.7429516695598973
159,0.9999964237213135,1,0.7432803909590715
159,0.999998927116394,1,0.7432803909590715
159,0.9999985694885254,1,0.7432803909590715
159,0.9999862909317017,1,0.7431461636555733
159,0.999996542930603,1,0.7432803909590715
159,0.9999983310699463,1,0.7432803909590715
159,0.999992847442627,1,0.7432803909590715
159,0.999999,1,0.7432803909590715
159,0.9995026588439941,1,0.7263575988437168
159,0.9999798536300659,1,0.7429227023541584
160,0.9999961853027344,1,0.7432803909590715
160,0.9999988079071045,1,0.7432803909590715
160,0.9999909400939941,1,0.7432803909590715
160,0.895683765411377,1,0.48523973593344555
160,0.9999978542327881,1,0.7432803909590715
160,0.9999988079071045,1,0.7432803909590715
160,0.9999970197677612,1,0.7432803909590715
160,0.9999769926071167,1,0.7428233862201962
160,0.999998927116394,1,0.7432803909590715
160,0.9999927282333374,1,0.7432803909590715
160,0.9999940395355225,1,0.7432803909590715
160,0.999994158744812,1,0.7432803909590715
160,0.999996542930603,1,0.7432803909590715
160,0.999994158744812,1,0.7432803909590715
160,0.999999,1,0.7432803909590715
160,0.9999986886978149,1,0.7432803909590715
160,0.9999983310699463,1,0.7432803909590715
160,0.9999902248382568,1,0.7432803909590715
160,0.999934196472168,1,0.741337782383012
160,0.9999662637710571,1,0.7424509507178381
160,0.9980512857437134,1,0.6759753517191532
160,0.9999979734420776,1,0.7432803909590715
160,0.9999978542327881,1,0.7432803909590715
160,0.9999958276748657,1,0.7432803909590715
160,0.999999,1,0.7432803909590715
160,0.999997615814209,1,0.7432803909590715
160,0.9999951124191284,1,0.7432803909590715
160,0.999992847442627,1,0.7432803909590715
160,0.9999972581863403,1,0.7432803909590715
160,0.999998927116394,1,0.7432803909590715
160,0.999996542930603,1,0.7432803909590715
160,0.999997615814209,1,0.7432803909590715
160,0.999996542930603,1,0.7432803909590715
160,0.9999972581863403,1,0.7432803909590715
160,0.999999,1,0.7432803909590715
160,0.9999978542327881,1,0.7432803909590715
160,0.9999984502792358,1,0.7432803909590715
160,0.999999,1,0.7432803909590715
160,0.9999958276748657,1,0.7432803909590715
160,0.9999988079071045,1,0.7432803909590715
160,0.9999969005584717,1,0.7432803909590715
160,0.9999951124191284,1,0.7432803909590715
160,0.9999057054519653,1,0.7403487592156386
160,0.9999988079071045,1,0.7432803909590715
160,0.9999908208847046,1,0.7432803909590715
160,0.9999955892562866,1,0.7432803909590715
160,0.9999979734420776,1,0.7432803909590715
160,0.9999958276748657,1,0.7432803909590715
160,0.9999463558197021,1,0.7417598759523512
160,0.9999983310699463,1,0.7432803909590715
160,0.9999932050704956,1,0.7432803909590715
160,0.9999544620513916,1,0.742041271665244
160,0.999868631362915,1,0.7390617876463786
160,0.9999896287918091,1,0.7432620324785292
160,0.9254976511001587,1,0.508399107375017
160,0.9999985694885254,1,0.7432803909590715
160,0.9999983310699463,1,0.7432803909590715
160,0.999994158744812,1,0.7432803909590715
160,0.9999978542327881,1,0.7432803909590715
160,0.999997615814209,1,0.7432803909590715
160,0.999999,1,0.7432803909590715
160,0.9999984502792358,1,0.7432803909590715
160,0.9999960660934448,1,0.7432803909590715
160,0.9999967813491821,1,0.7432803909590715
160,0.999999,1,0.7432803909590715
160,0.999999,1,0.7432803909590715
160,0.9999794960021973,1,0.7429102878374131
160,0.9999986886978149,1,0.7432803909590715
160,0.9999921321868896,1,0.7432803909590715
160,0.9999948740005493,1,0.7432803909590715
160,0.9999951124191284,1,0.7432803909590715
160,0.9999842643737793,1,0.7430758147273501
160,0.999998927116394,1,0.7432803909590715
160,0.9999961853027344,1,0.7432803909590715
160,0.9998687505722046,1,0.7390659258186271
160,0.999994158744812,1,0.7432803909590715
160,0.9999688863754272,1,0.7425419905073034
160,0.9999231100082397,1,0.7409529323639085
160,0.9997174143791199,1,0.7338125161492527
160,0.9999988079071045,1,0.7432803909590715
160,0.9999966621398926,1,0.7432803909590715
160,0.9999988079071045,1,0.7432803909590715
161,0.9999970197677612,1,0.7432803909590715
161,0.9996719360351562,1,0.7322338034364789
161,0.9999977350234985,1,0.7432803909590715
161,0.9999957084655762,1,0.7432803909590715
161,0.9999948740005493,1,0.7432803909590715
161,0.9999986886978149,1,0.7432803909590715
161,0.9999971389770508,1,0.7432803909590715
161,0.9999984502792358,1,0.7432803909590715
161,0.9999817609786987,1,0.7429889131101332
161,0.9999986886978149,1,0.7432803909590715
161,0.9999984502792358,1,0.7432803909590715
161,0.9999889135360718,1,0.7432372034450386
161,0.9999970197677612,1,0.7432803909590715
161,0.999984860420227,1,0.7430965055885922
161,0.9999970197677612,1,0.7432803909590715
161,0.9999980926513672,1,0.7432803909590715
161,0.9999982118606567,1,0.7432803909590715
161,0.9999939203262329,1,0.7432803909590715
161,0.999997615814209,1,0.7432803909590715
161,0.999972939491272,1,0.7426826883637497
161,0.999999,1,0.7432803909590715
161,0.999999,1,0.7432803909590715
161,0.999997615814209,1,0.7432803909590715
161,0.999997615814209,1,0.7432803909590715
161,0.9999967813491821,1,0.7432803909590715
161,0.9881026148796082,0,0.5753259660029614
161,0.999992847442627,1,0.7432803909590715
161,0.9999966621398926,1,0.7432803909590715
161,0.9999676942825317,1,0.7425006087848192
161,0.9999967813491821,1,0.7432803909590715
161,0.9999983310699463,1,0.7432803909590715
161,0.9999282360076904,1,0.7411308737705907
161,0.9999977350234985,1,0.7432803909590715
161,0.9999970197677612,1,0.7432803909590715
161,0.9999872446060181,1,0.7431792690335607
161,0.9999988079071045,1,0.7432803909590715
161,0.9999982118606567,1,0.7432803909590715
161,0.9999880790710449,1,0.7432082362392997
161,0.9999948740005493,1,0.7432803909590715
161,0.9999982118606567,1,0.7432803909590715
161,0.9999901056289673,1,0.7432785851675229
161,0.9912567138671875,1,0.5789553728399361
161,0.9141755104064941,1,0.5038833652875682
162,0.9999681711196899,1,0.7425171614738129
162,0.9999948740005493,1,0.7432803909590715
162,0.999999,1,0.7432803909590715
162,0.999999,1,0.7432803909590715
162,0.9999123811721802,1,0.7405804968615504
162,0.999987006187439,1,0.7431709926890638
162,0.9998239874839783,1,0.7375120421393438
162,0.9999978542327881,1,0.7432803909590715
162,0.999999,1,0.7432803909590715
162,0.9997158646583557,1,0.7337587199100232
162,0.9999814033508301,1,0.7429764985933879
162,0.999998927116394,1,0.7432803909590715
162,0.9993242025375366,1,0.7201627549878258
162,0.9999817609786987,1,0.7429889131101332
162,0.9999971389770508,1,0.7432803909590715
162,0.999999,1,0.7432803909590715
162,0.9999896287918091,1,0.7432620324785292
162,0.9999853372573853,1,0.7431130582775859
162,0.9997501969337463,1,0.7349505135175693
162,0.999999,1,0.7432803909590715
162,0.9999980926513672,1,0.7432803909590715
162,0.9999978542327881,1,0.7432803909590715
162,0.999999,1,0.7432803909590715
162,0.9993621706962585,0,0.7214807628489489
162,0.9999984502792358,1,0.7432803909590715
162,0.9999954700469971,1,0.7432803909590715
162,0.9999957084655762,1,0.7432803909590715
162,0.9999984502792358,1,0.7432803909590715
162,0.999999,1,0.7432803909590715
162,0.9995294809341431,1,0.7272886875996121
162,0.999999,1,0.7432803909590715
162,0.9999849796295166,1,0.7431006437608406
162,0.9999979734420776,1,0.7432803909590715
162,0.9999221563339233,1,0.7409198269859211
162,0.9999985694885254,1,0.7432803909590715
162,0.9999912977218628,1,0.7432803909590715
162,0.999999,1,0.7432803909590715
162,0.9999978542327881,1,0.7432803909590715
162,0.9999970197677612,1,0.7432803909590715
162,0.9999847412109375,1,0.7430923674163438
163,0.9953124523162842,0,0.583622291955062
163,0.9451642632484436,0,0.5259170071870621
163,0.9999988079071045,0,0.7432803909590715
163,0.4823707044124603,0,0.22459893048128343
163,0.9999867677688599,0,0.743162716344567
163,0.999987006187439,0,0.7431709926890638
163,0.9999974966049194,0,0.7432803909590715
163,0.9999926090240479,0,0.7432803909590715
163,0.9999659061431885,0,0.7424385362010928
163,0.9999938011169434,0,0.7432803909590715
163,0.9999969005584717,0,0.7432803909590715
163,0.9999942779541016,0,0.7432803909590715
163,0.999999,0,0.7432803909590715
163,0.9999754428863525,0,0.7427695899809666
163,0.9911420345306396,0,0.5788234118679548
163,0.999980092048645,0,0.7429309786986552
163,0.9999793767929077,0,0.7429061496651647
163,0.9999959468841553,0,0.7432803909590715
163,0.9999916553497314,0,0.7432803909590715
163,0.9998958110809326,1,0.7400052909190193
163,0.9763570427894592,0,0.5618103915660019
163,0.902585506439209,0,0.49687536356601847
163,0.9999270439147949,0,0.7410894920481065
163,0.999999,1,0.7432803909590715
163,0.9999984502792358,1,0.7432803909590715
163,0.9999765157699585,1,0.7428068335312025
163,0.9999980926513672,0,0.7432803909590715
163,0.999998927116394,1,0.7432803909590715
163,0.9999933242797852,0,0.7432803909590715
163,0.9999986886978149,0,0.7432803909590715
163,0.9999735355377197,0,0.7427033792249919
163,0.999999,0,0.7432803909590715
163,0.9999964237213135,0,0.7432803909590715
163,0.9058615565299988,0,0.5005674136094366
163,0.999988317489624,0,0.7432165125837965
163,0.9999780654907227,0,0.742860629770432
163,0.9999877214431763,0,0.7431958217225544
163,0.9999973773956299,0,0.7432803909590715
163,0.9999291896820068,0,0.7411639791485781
163,0.9999963045120239,0,0.7432803909590715
163,0.9999887943267822,0,0.7432330652727902
163,0.9999988079071045,0,0.7432803909590715
163,0.9999915361404419,0,0.7432803909590715
163,0.9999982118606567,0,0.7432803909590715
163,0.9999948740005493,0,0.7432803909590715
163,0.9956867098808289,0,0.5938926360855371
163,0.9999784231185913,1,0.7428730442871773
163,0.9999674558639526,0,0.7424923324403223
163,0.9999227523803711,0,0.7409405178471632
163,0.9999945163726807,0,0.7432803909590715
163,0.999976634979248,0,0.7428109717034509
163,0.9999268054962158,0,0.7410812157036096
164,0.9844026565551758,0,0.5710684414001832
164,0.9999847412109375,1,0.7430923674163438
164,0.99998939037323,1,0.7432537561340323
164,0.9964330196380615,1,0.6197996634467962
164,0.9999313354492188,1,0.7412384662490498
164,0.9999929666519165,1,0.7432803909590715
164,0.9999889135360718,1,0.7432372034450386
164,0.9999984502792358,1,0.7432803909590715
164,0.9999960660934448,1,0.7432803909590715
164,0.9999963045120239,1,0.7432803909590715
164,0.9999988079071045,1,0.7432803909590715
164,0.9965896606445312,1,0.6252372217812254
164,0.999991774559021,1,0.7432803909590715
164,0.9999973773956299,1,0.7432803909590715
164,0.9999985694885254,1,0.7432803909590715
164,0.9999960660934448,1,0.7432803909590715
164,0.9999942779541016,1,0.7432803909590715
164,0.999931812286377,1,0.7412550189380435
164,0.9999959468841553,1,0.7432803909590715
164,0.9998986721038818,1,0.7401046070529815
164,0.9999903440475464,1,0.7432803909590715
164,0.9999895095825195,1,0.7432578943062808
164,0.9999895095825195,1,0.7432578943062808
164,0.9999974966049194,1,0.7432803909590715
164,0.999983549118042,1,0.7430509856938595
164,0.9999103546142578,1,0.7405101479333271
164,0.9997578263282776,1,0.7352153565414685
164,0.9997212290763855,1,0.7339449376612023
164,0.9560588002204895,0,0.5384532995252947
164,0.9257338047027588,1,0.5084932952844607
164,0.9999926090240479,1,0.7432803909590715
164,0.4936900734901428,1,0.22459893048128343
164,0.9819540977478027,0,0.5682508963227426
164,0.9826207756996155,0,0.5690180394992561
164,0.9945238828659058,0,0.5827148888057305
164,0.9999217987060547,0,0.7409074124691758
164,0.9999959468841553,0,0.7432803909590715
164,0.553719162940979,0,0.22459893048128343
164,0.9997020363807678,0,0.733278691929206
164,0.9996204376220703,0,0.7304461130251597
164,0.9993510842323303,0,0.7210959128298454
164,0.999998927116394,0,0.7432803909590715
164,0.9990702271461487,0,0.7113463790125583
164,0.27918773889541626,0,0.22459893048128343
164,0.997916042804718,0,0.6712805953033162
164,0.9528258442878723,0,0.5347331523733868
164,0.9999537467956543,0,0.7420164426317535
164,0.9853319525718689,0,0.5721377779460054
164,0.9999946355819702,0,0.7432803909590715
164,0.9982445240020752,0,0.6826833289338488
164,0.999122679233551,0,0.7131671748018649
164,0.9251137971878052,0,0.5082460104197375
164,0.9999924898147583,0,0.7432803909590715
164,0.999999,0,0.7432803909590715
164,0.9948645234107971,0,0.5831068622749995
164,0.9999871253967285,0,0.7431751308613123
164,0.9999988079071045,0,0.7432803909590715
164,0.9979444146156311,0,0.6722654802984411
164,0.9999879598617554,0,0.7432040980670512
164,0.9982008934020996,0,0.6811687578909256
164,0.9999978542327881,0,0.7432803909590715
164,0.9999905824661255,0,0.7432803909590715
164,0.999999,0,0.7432803909590715
164,0.9999955892562866,0,0.7432803909590715
164,0.999995231628418,0,0.7432803909590715
164,0.9992647767066956,0,0.7180998761219864
164,0.9995566010475159,0,0.7282301217861286
164,0.9999922513961792,0,0.7432803909590715
164,0.9992150068283081,0,0.7163721892082694
164,0.8212878704071045,0,0.3546988244511959
164,0.9999978542327881,0,0.7432803909590715
164,0.9974029660224915,0,0.6534699019460988
164,0.9999179840087891,0,0.7407749909572263
164,0.9999972581863403,0,0.7432803909590715
164,0.9999966621398926,0,0.7432803909590715
164,0.680317759513855,0,0.22459893048128343
164,0.9999973773956299,0,0.7432803909590715
164,0.9999752044677734,0,0.7427613136364698
164,0.9999980926513672,0,0.7432803909590715
164,0.9999113082885742,0,0.7405432533113145
164,0.999994158744812,0,0.7432803909590715
164,0.9985419511795044,0,0.6930080686936669
164,0.9999098777770996,0,0.7404935952443334
164,0.9998371601104736,0,0.7379693101727948
165,0.9999963045120239,1,0.7432803909590715
165,0.9999978542327881,1,0.7432803909590715
165,0.9999963045120239,1,0.7432803909590715
165,0.9999862909317017,1,0.7431461636555733
165,0.9999881982803345,1,0.7432123744115481
165,0.9999986886978149,1,0.7432803909590715
165,0.9999783039093018,1,0.7428689061149288
165,0.9999969005584717,1,0.7432803909590715
165,0.9999940395355225,1,0.7432803909590715
165,0.9999972581863403,1,0.7432803909590715
165,0.9999860525131226,1,0.7431378873110764
165,0.9999963045120239,1,0.7432803909590715
165,0.9999939203262329,1,0.7432803909590715
165,0.9999876022338867,1,0.743191683550306
165,0.999999,1,0.7432803909590715
165,0.9999961853027344,1,0.7432803909590715
165,0.9999982118606567,1,0.7432803909590715
165,0.9999978542327881,1,0.7432803909590715
165,0.9999949932098389,1,0.7432803909590715
165,0.9999979734420776,1,0.7432803909590715
165,0.9999951124191284,1,0.7432803909590715
165,0.999843955039978,1,0.7382051859909549
165,0.999997615814209,1,0.7432803909590715
165,0.999999,1,0.7432803909590715
165,0.9999973773956299,1,0.7432803909590715
165,0.9999979734420776,1,0.7432803909590715
165,0.98883455991745,1,0.5761682117077075
165,0.9999946355819702,1,0.7432803909590715
165,0.999997615814209,1,0.7432803909590715
165,0.9999970197677612,1,0.7432803909590715
165,0.999998927116394,1,0.7432803909590715
165,0.9999986886978149,1,0.7432803909590715
165,0.9999980926513672,1,0.7432803909590715
165,0.999954342842102,1,0.7420371334929956
165,0.999894380569458,1,0.7399556328520382
165,0.9999927282333374,1,0.7432803909590715
165,0.9936724901199341,1,0.581735195186301
165,0.9992709755897522,1,0.7183150610789044
165,0.999999,1,0.7432803909590715
165,0.9999985694885254,1,0.7432803909590715
165,0.9999972581863403,1,0.7432803909590715
165,0.9999973773956299,1,0.7432803909590715
165,0.9999902248382568,1,0.7432803909590715
165,0.9999988079071045,1,0.7432803909590715
165,0.999999,1,0.7432803909590715
165,0.999999,1,0.7432803909590715
165,0.9999582767486572,1,0.7421736931771936
165,0.9999986886978149,1,0.7432803909590715
165,0.9999972581863403,1,0.7432803909590715
165,0.999999,1,0.7432803909590715
165,0.9999911785125732,1,0.7432803909590715
165,0.9999960660934448,1,0.7432803909590715
165,0.9999865293502808,1,0.7431544400000701
165,0.9999953508377075,1,0.7432803909590715
165,0.999999,1,0.7432803909590715
165,0.9999271631240845,1,0.7410936302203549
165,0.9999614953994751,1,0.7422854238279011
165,0.9999938011169434,1,0.7432803909590715
165,0.9999967813491821,1,0.7432803909590715
165,0.9999984502792358,1,0.7432803909590715
165,0.9997469782829285,1,0.7348387828668619
165,0.9999988079071045,1,0.7432803909590715
165,0.9999984502792358,1,0.7432803909590715
165,0.9999988079071045,1,0.7432803909590715
165,0.9999145269393921,1,0.740654983962022
165,0.999996542930603,1,0.7432803909590715
165,0.9999980926513672,1,0.7432803909590715
165,0.9999418258666992,1,0.7416026254069111
165,0.9999979734420776,1,0.7432803909590715
165,0.9999393224716187,1,0.7415157237896942
165,0.9999959468841553,1,0.7432803909590715
165,0.9876707792282104,1,0.574829054754518
165,0.9999595880508423,1,0.7422192130719263
165,0.9999669790267944,1,0.7424757797513286
165,0.9999922513961792,1,0.7432803909590715
165,0.9999831914901733,1,0.7430385711771142
165,0.9999964237213135,1,0.7432803909590715
165,0.9987115859985352,1,0.6988966878031744
165,0.9986306428909302,1,0.6960868688464944
165,0.9999921321868896,1,0.7432803909590715
165,0.999999,1,0.7432803909590715
165,0.999999,1,0.7432803909590715
165,0.9997878670692444,1,0.7362581759480714
165,0.999998927116394,1,0.7432803909590715
165,0.9999419450759888,1,0.7416067635791596
165,0.9999977350234985,1,0.7432803909590715
165,0.9999964237213135,1,0.7432803909590715
165,0.9999895095825195,1,0.7432578943062808
165,0.9999781847000122,1,0.7428647679426804
165,0.9999973773956299,1,0.7432803909590715
165,0.9999967813491821,1,0.7432803909590715
165,0.999950647354126,1,0.7419088501532944
165,0.9999910593032837,1,0.7432803909590715
165,0.9997431635856628,1,0.7347063613549123
165,0.9999980926513672,1,0.7432803909590715
165,0.9999523162841797,1,0.7419667845647724
166,0.9999964237213135,1,0.7432803909590715
166,0.9999947547912598,1,0.7432803909590715
166,0.9998694658279419,0,0.7390907548521176
166,0.9999984502792358,1,0.7432803909590715
166,0.9999927282333374,1,0.7432803909590715
166,0.9999977350234985,1,0.7432803909590715
166,0.9999967813491821,1,0.7432803909590715
166,0.999999,1,0.7432803909590715
166,0.9881764054298401,1,0.5754108764412738
166,0.999999,1,0.7432803909590715
166,0.9999986886978149,1,0.7432803909590715
166,0.9999970197677612,0,0.7432803909590715
166,0.999991774559021,0,0.7432803909590715
166,0.9999986886978149,0,0.7432803909590715
166,0.9971019625663757,0,0.643021017018828
166,0.9999964237213135,0,0.7432803909590715
166,0.9999948740005493,0,0.7432803909590715
166,0.9999685287475586,0,0.7425295759905581
166,0.999997615814209,0,0.7432803909590715
166,0.9999988079071045,0,0.7432803909590715
166,0.9999953508377075,0,0.7432803909590715
166,0.9999982118606567,0,0.7432803909590715
166,0.9999966621398926,0,0.7432803909590715
166,0.9910874962806702,0,0.5787606549608014
166,0.9999841451644897,0,0.7430716765551016
166,0.9989558458328247,0,0.7073758027401954
166,0.9999980926513672,0,0.7432803909590715
166,0.9999943971633911,0,0.7432803909590715
166,0.999999,0,0.7432803909590715
166,0.999998927116394,0,0.7432803909590715
166,0.999998927116394,0,0.7432803909590715
166,0.9999946355819702,0,0.7432803909590715
166,0.9999986886978149,0,0.7432803909590715
166,0.9999871253967285,0,0.7431751308613123
166,0.999999,0,0.7432803909590715
166,0.9993826150894165,0,0.7221904593895536
166,0.9999977350234985,0,0.7432803909590715
166,0.9999967813491821,0,0.7432803909590715
166,0.999998927116394,0,0.7432803909590715
166,0.9999940395355225,0,0.7432803909590715
166,0.9999969005584717,0,0.7432803909590715
166,0.999999,0,0.7432803909590715
166,0.9999969005584717,0,0.7432803909590715
166,0.9999977350234985,0,0.7432803909590715
166,0.999999,0,0.7432803909590715
166,0.659052848815918,0,0.22459893048128343
166,0.9999958276748657,0,0.7432803909590715
166,0.9999966621398926,0,0.7432803909590715
166,0.9999078512191772,0,0.7404232463161102
166,0.9999983310699463,0,0.7432803909590715
166,0.9999969005584717,0,0.7432803909590715
166,0.999999,0,0.7432803909590715
166,0.7108540534973145,0,0.22459893048128343
166,0.999940037727356,0,0.7415405528231848
166,0.9154441356658936,0,0.5043893459702032
166,0.9999891519546509,0,0.7432454797895355
167,0.9999840259552002,1,0.7430675383828532
167,0.999705970287323,1,0.733415251613404
167,0.998596727848053,0,0.6949095588418177
167,0.9975987076759338,0,0.6602647807780112
167,0.9999940395355225,0,0.7432803909590715
167,0.999962329864502,0,0.74231439103364
167,0.999999,0,0.7432803909590715
167,0.9999969005584717,0,0.7432803909590715
167,0.9981480836868286,0,0.6793355475848737
167,0.9999092817306519,0,0.7404729043830913
167,0.9999986886978149,0,0.7432803909590715
167,0.9998584985733032,0,0.7387100430052627
167,0.9999985694885254,0,0.7432803909590715
167,0.9999980926513672,0,0.7432803909590715
167,0.999942421913147,0,0.7416233162681533
167,0.999962568283081,0,0.7423226673781369
167,0.999999,0,0.7432803909590715
167,0.9999949932098389,0,0.7432803909590715
167,0.9999896287918091,0,0.7432620324785292
167,0.999997615814209,0,0.7432803909590715
167,0.9999961853027344,0,0.7432803909590715
167,0.999995231628418,0,0.7432803909590715
167,0.9993699193000793,0,0.7217497440450965
167,0.9998496770858765,0,0.7384038182588792
167,0.9999879598617554,0,0.7432040980670512
167,0.9999971389770508,0,0.7432803909590715
167,0.9999786615371704,0,0.7428813206316741
167,0.999982476234436,0,0.7430137421436237
167,0.9999983310699463,0,0.7432803909590715
167,0.9999707937240601,0,0.7426082012632781
167,0.9999973773956299,0,0.7432803909590715
167,0.9999984502792358,0,0.7432803909590715
167,0.999996542930603,0,0.7432803909590715
167,0.9999696016311646,0,0.742566819540794
167,0.7976171970367432,0,0.3107997103588611
167,0.9997275471687317,0,0.7341642607903688
167,0.9443408250808716,0,0.5249694807692228
167,0.999998927116394,0,0.7432803909590715
167,0.9999979734420776,0,0.7432803909590715
167,0.9999932050704956,0,0.7432803909590715
167,0.9999806880950928,0,0.7429516695598973
167,0.9999982118606567,0,0.7432803909590715
168,0.9999659061431885,1,0.7424385362010928
168,0.9999988079071045,1,0.7432803909590715
168,0.9999165534973145,1,0.7407253328902452
168,0.9999982118606567,1,0.7432803909590715
168,0.9999964237213135,1,0.7432803909590715
168,0.999998927116394,1,0.7432803909590715
168,0.9999289512634277,1,0.7411557028040813
168,0.9999728202819824,1,0.7426785501915013
168,0.9996721744537354,1,0.7322420797809758
168,0.9973183274269104,0,0.6505317996497177
168,0.9999973773956299,0,0.7432803909590715
168,0.9998332262039185,0,0.7378327504885968
168,0.9998538494110107,0,0.7385486542875741
168,0.9999936819076538,0,0.7432803909590715
168,0.9999974966049194,0,0.7432803909590715
168,0.999996542930603,0,0.7432803909590715
168,0.9999957084655762,0,0.7432803909590715
168,0.9999988079071045,0,0.7432803909590715
168,0.9999978542327881,0,0.7432803909590715
168,0.9999970197677612,0,0.7432803909590715
168,0.9999642372131348,0,0.7423806017896148
168,0.9999969005584717,0,0.7432803909590715
168,0.9999932050704956,0,0.7432803909590715
168,0.999998927116394,0,0.7432803909590715
168,0.9999778270721436,0,0.7428523534259351
168,0.9999979734420776,0,0.7432803909590715
168,0.999993085861206,0,0.7432803909590715
168,0.9999961853027344,0,0.7432803909590715
168,0.9999972581863403,0,0.7432803909590715
168,0.9999983310699463,0,0.7432803909590715
168,0.9999618530273438,0,0.7422978383446464
168,0.9999973773956299,0,0.7432803909590715
168,0.9999960660934448,0,0.7432803909590715
168,0.9999986886978149,0,0.7432803909590715
168,0.9999210834503174,0,0.7408825834356852
168,0.9999983310699463,0,0.7432803909590715
168,0.7791905403137207,0,0.2766260350616846
168,0.9999542236328125,0,0.7420329953207472
168,0.9999943971633911,0,0.7432803909590715
168,0.999994158744812,0,0.7432803909590715
168,0.9999207258224487,0,0.74087016891894
168,0.9999988079071045,0,0.7432803909590715
168,0.9999516010284424,0,0.7419419555312818
168,0.9999598264694214,0,0.7422274894164231
168,0.9999879598617554,0,0.7432040980670512
168,0.9999986886978149,1,0.7432803909590715
168,0.999998927116394,0,0.7432803909590715
168,0.9999948740005493,0,0.7432803909590715
168,0.9999898672103882,0,0.743270308823026
168,0.9999563694000244,0,0.7421074824212188
168,0.9864808320999146,0,0.5734597882032515
168,0.999997615814209,0,0.7432803909590715
168,0.9999974966049194,0,0.7432803909590715
168,0.999864935874939,0,0.7389335043066776
168,0.9999327659606934,0,0.7412881243160309
168,0.9999849796295166,0,0.7431006437608406
168,0.999998927116394,0,0.7432803909590715
168,0.9999982118606567,0,0.7432803909590715
168,0.9999959468841553,0,0.7432803909590715
168,0.9999394416809082,0,0.7415198619619426
168,0.999964714050293,0,0.7423971544786085
169,0.999998927116394,1,0.7432803909590715
169,0.9999953508377075,1,0.7432803909590715
169,0.9999940395355225,1,0.7432803909590715
169,0.9999356269836426,1,0.741387440449993
169,0.999999,1,0.7432803909590715
169,0.999999,1,0.7432803909590715
169,0.9999955892562866,1,0.7432803909590715
169,0.9999961853027344,1,0.7432803909590715
169,0.9999939203262329,1,0.7432803909590715
169,0.9999966621398926,1,0.7432803909590715
169,0.999999,1,0.7432803909590715
169,0.9999889135360718,1,0.7432372034450386
169,0.9999984502792358,1,0.7432803909590715
169,0.9999955892562866,1,0.7432803909590715
169,0.9999890327453613,1,0.743241341617287
169,0.9999974966049194,1,0.7432803909590715
169,0.9999657869338989,0,0.7424343980288444
169,0.8823699355125427,0,0.46279398399324095
169,0.9999915361404419,0,0.7432803909590715
169,0.999996542930603,0,0.7432803909590715
169,0.9998763799667358,0,0.7393307688425262
169,0.999998927116394,1,0.7432803909590715
169,0.9999967813491821,0,0.7432803909590715
169,0.9999762773513794,0,0.7427985571867056
169,0.9999758005142212,0,0.7427820044977119
169,0.9999792575836182,0,0.7429020114929162
169,0.9999909400939941,0,0.7432803909590715
169,0.9999974966049194,0,0.7432803909590715
169,0.999999,0,0.7432803909590715
169,0.9999979734420776,0,0.7432803909590715
169,0.999999,0,0.7432803909590715
169,0.999998927116394,0,0.7432803909590715
169,0.9999978542327881,1,0.7432803909590715
169,0.9522576332092285,0,0.5340793145636682
169,0.9999972581863403,0,0.7432803909590715
169,0.9992109537124634,1,0.716231491351823
169,0.9999889135360718,0,0.7432372034450386
169,0.9999910593032837,0,0.7432803909590715
169,0.9999938011169434,0,0.7432803909590715
169,0.9992775321006775,0,0.7185426605525678
169,0.999999,0,0.7432803909590715
169,0.999135434627533,0,0.7136099592324463
169,0.9999986886978149,0,0.7432803909590715
169,0.9999939203262329,0,0.7432803909590715
169,0.9999958276748657,0,0.7432803909590715
169,0.9999985694885254,0,0.7432803909590715
169,0.9994578957557678,0,0.7248037151644334
169,0.9999940395355225,0,0.7432803909590715
170,0.999994158744812,1,0.7432803909590715
170,0.9999691247940063,1,0.7425502668518003
170,0.9999983310699463,1,0.7432803909590715
170,0.9999967813491821,1,0.7432803909590715
170,0.9999862909317017,1,0.7431461636555733
170,0.9999984502792358,1,0.7432803909590715
170,0.9999918937683105,1,0.7432803909590715
170,0.9999935626983643,1,0.7432803909590715
170,0.9999980926513672,1,0.7432803909590715
170,0.9999967813491821,1,0.7432803909590715
170,0.9999954700469971,1,0.7432803909590715
170,0.9999959468841553,1,0.7432803909590715
170,0.9999972581863403,1,0.7432803909590715
170,0.9999985694885254,1,0.7432803909590715
170,0.9999983310699463,1,0.7432803909590715
170,0.9999839067459106,1,0.7430634002106048
170,0.9999983310699463,1,0.7432803909590715
170,0.9999426603317261,1,0.7416315926126501
170,0.9999983310699463,1,0.7432803909590715
170,0.9999920129776001,1,0.7432803909590715
170,0.9999927282333374,1,0.7432803909590715
170,0.9999959468841553,1,0.7432803909590715
170,0.9999366998672485,1,0.7414246840002289
170,0.999999,1,0.7432803909590715
170,0.9999980926513672,1,0.7432803909590715
170,0.9999984502792358,1,0.7432803909590715
170,0.9999827146530151,1,0.7430220184881206
170,0.9999985694885254,1,0.7432803909590715
170,0.9999790191650391,1,0.7428937351484194
170,0.9999988079071045,1,0.7432803909590715
170,0.9999786615371704,1,0.7428813206316741
170,0.9999947547912598,1,0.7432803909590715
170,0.9999573230743408,1,0.7421405877992062
170,0.9999964237213135,1,0.7432803909590715
170,0.999999,1,0.7432803909590715
170,0.9999986886978149,1,0.7432803909590715
170,0.9999709129333496,1,0.7426123394355265
170,0.9999295473098755,1,0.7411763936653234
170,0.999998927116394,1,0.7432803909590715
170,0.9999978542327881,1,0.7432803909590715
170,0.999999,1,0.7432803909590715
170,0.999998927116394,1,0.7432803909590715
170,0.9999958276748657,1,0.7432803909590715
170,0.9995473027229309,1,0.7279073443507516
170,0.9999977350234985,1,0.7432803909590715
170,0.9999909400939941,1,0.7432803909590715
170,0.999980092048645,1,0.7429309786986552
170,0.9999978542327881,1,0.7432803909590715
170,0.9999924898147583,1,0.7432803909590715
170,0.9999970197677612,1,0.7432803909590715
170,0.8099045157432556,1,0.3335875033948408
170,0.9999985694885254,1,0.7432803909590715
170,0.999998927116394,1,0.7432803909590715
170,0.9999939203262329,1,0.7432803909590715
170,0.9999983310699463,1,0.7432803909590715
170,0.9997535347938538,1,0.7350663823405252
170,0.9999988079071045,1,0.7432803909590715
170,0.9999960660934448,1,0.7432803909590715
170,0.9999982118606567,1,0.7432803909590715
170,0.9999470710754395,1,0.7417847049858417
170,0.9999986886978149,1,0.7432803909590715
170,0.9999974966049194,1,0.7432803909590715
170,0.999999,1,0.7432803909590715
170,0.999999,1,0.7432803909590715
170,0.999997615814209,1,0.7432803909590715
170,0.9999953508377075,1,0.7432803909590715
171,0.9999980926513672,1,0.7432803909590715
171,0.9999979734420776,1,0.7432803909590715
171,0.999999,1,0.7432803909590715
171,0.999999,1,0.7432803909590715
171,0.9999979734420776,1,0.7432803909590715
171,0.9999978542327881,1,0.7432803909590715
171,0.9999675750732422,1,0.7424964706125707
171,0.9999973773956299,1,0.7432803909590715
171,0.999999,1,0.7432803909590715
171,0.7454809546470642,0,0.22459893048128343
171,0.9999954700469971,1,0.7432803909590715
171,0.9999903440475464,1,0.7432803909590715
171,0.9999946355819702,1,0.7432803909590715
171,0.9999978542327881,1,0.7432803909590715
171,0.9999973773956299,1,0.7432803909590715
171,0.9999966621398926,1,0.7432803909590715
171,0.9999977350234985,1,0.7432803909590715
171,0.9999973773956299,1,0.7432803909590715
171,0.9999982118606567,1,0.7432803909590715
171,0.999997615814209,1,0.7432803909590715
171,0.9999979734420776,1,0.7432803909590715
171,0.999999,1,0.7432803909590715
171,0.9999964237213135,1,0.7432803909590715
171,0.9999977350234985,1,0.7432803909590715
171,0.999987006187439,1,0.7431709926890638
171,0.9999983310699463,1,0.7432803909590715
171,0.6666029095649719,1,0.22459893048128343
171,0.9999972581863403,1,0.7432803909590715
171,0.9999961853027344,1,0.7432803909590715
171,0.9999982118606567,1,0.7432803909590715
171,0.9988942742347717,1,0.7052384367738843
171,0.9998682737350464,1,0.7390493731296334
171,0.9999971389770508,1,0.7432803909590715
171,0.999999,1,0.7432803909590715
171,0.999999,1,0.7432803909590715
171,0.9999971389770508,1,0.7432803909590715
171,0.9999933242797852,1,0.7432803909590715
171,0.9999982118606567,1,0.7432803909590715
171,0.9999988079071045,1,0.7432803909590715
171,0.999997615814209,1,0.7432803909590715
171,0.9999735355377197,1,0.7427033792249919
171,0.9999988079071045,1,0.7432803909590715
171,0.999997615814209,1,0.7432803909590715
171,0.9999988079071045,1,0.7432803909590715
171,0.9999985694885254,1,0.7432803909590715
171,0.999994158744812,1,0.7432803909590715
171,0.999999,1,0.7432803909590715
171,0.9999958276748657,1,0.7432803909590715
171,0.9999600648880005,1,0.74223576576092
171,0.999999,1,0.7432803909590715
171,0.9999837875366211,1,0.7430592620383564
171,0.999999,1,0.7432803909590715
171,0.999999,1,0.7432803909590715
171,0.9999972581863403,1,0.7432803909590715
171,0.9999961853027344,1,0.7432803909590715
171,0.999999,1,0.7432803909590715
171,0.999998927116394,1,0.7432803909590715
171,0.999992847442627,1,0.7432803909590715
171,0.9999973773956299,1,0.7432803909590715
171,0.999999,1,0.7432803909590715
171,0.999999,1,0.7432803909590715
171,0.9975934624671936,1,0.6600827011990805
171,0.9999986886978149,1,0.7432803909590715
171,0.9999929666519165,1,0.7432803909590715
171,0.9999984502792358,1,0.7432803909590715
171,0.9999785423278809,1,0.7428771824594257
171,0.7051063776016235,0,0.22459893048128343
171,0.999999,1,0.7432803909590715
171,0.999992847442627,1,0.7432803909590715
171,0.9999946355819702,1,0.7432803909590715
171,0.9999916553497314,1,0.7432803909590715
172,0.9998095631599426,1,0.7370113232972846
172,0.9999983310699463,1,0.7432803909590715
172,0.9999982118606567,1,0.7432803909590715
172,0.9999980926513672,1,0.7432803909590715
172,0.9901872277259827,1,0.5777247201786773
172,0.9999960660934448,1,0.7432803909590715
172,0.9999790191650391,1,0.7428937351484194
172,0.99994957447052,1,0.7418716066030586
172,0.9998735189437866,0,0.739231452708564
172,0.9999986886978149,0,0.7432803909590715
172,0.9999959468841553,0,0.7432803909590715
172,0.9999967813491821,0,0.7432803909590715
172,0.9999954700469971,0,0.7432803909590715
172,0.9999892711639404,0,0.7432496179617839
172,0.9999973773956299,0,0.7432803909590715
172,0.9998525381088257,0,0.7385031343928414
172,0.9999879598617554,0,0.7432040980670512
172,0.999998927116394,0,0.7432803909590715
172,0.9999979734420776,0,0.7432803909590715
172,0.9999921321868896,0,0.7432803909590715
172,0.9999984502792358,0,0.7432803909590715
172,0.9999951124191284,0,0.7432803909590715
172,0.999999,0,0.7432803909590715
172,0.9998873472213745,0,0.7397114806893813
172,0.9999988079071045,0,0.7432803909590715
172,0.999999,0,0.7432803909590715
172,0.9999983310699463,0,0.7432803909590715
172,0.9999957084655762,0,0.7432803909590715
172,0.999999,0,0.7432803909590715
172,0.999999,0,0.7432803909590715
172,0.8897313475608826,0,0.4752045698293374
172,0.999997615814209,0,0.7432803909590715
172,0.999999,0,0.7432803909590715
172,0.9999629259109497,0,0.7423350818948822
172,0.9999949932098389,0,0.7432803909590715
172,0.9986888766288757,0,0.6981083659898496
172,0.99998939037323,0,0.7432537561340323
172,0.9999916553497314,0,0.7432803909590715
172,0.9999985694885254,0,0.7432803909590715
172,0.9999957084655762,0,0.7432803909590715
172,0.9999959468841553,0,0.7432803909590715
172,0.999999,0,0.7432803909590715
172,0.9999641180038452,0,0.7423764636173664
172,0.995978832244873,0,0.6040332271803003
172,0.9999954700469971,0,0.7432803909590715
172,0.9999967813491821,0,0.7432803909590715
172,0.999999,0,0.7432803909590715
172,0.9999971389770508,0,0.7432803909590715
172,0.9999969005584717,0,0.7432803909590715
172,0.999999,0,0.7432803909590715
172,0.999999,0,0.7432803909590715
172,0.9999855756759644,0,0.7431213346220827
172,0.9999927282333374,0,0.7432803909590715
172,0.9999980926513672,0,0.7432803909590715
172,0.9999973773956299,0,0.7432803909590715
172,0.9999988079071045,0,0.7432803909590715
172,0.9999985694885254,0,0.7432803909590715
172,0.9999947547912598,0,0.7432803909590715
172,0.9999980926513672,0,0.7432803909590715
172,0.9999898672103882,0,0.743270308823026
172,0.9999947547912598,0,0.7432803909590715
172,0.9999988079071045,0,0.7432803909590715
172,0.999999,0,0.7432803909590715
172,0.9999985694885254,0,0.7432803909590715
172,0.999999,0,0.7432803909590715
172,0.9999783039093018,0,0.7428689061149288
172,0.9999973773956299,0,0.7432803909590715
172,0.999999,0,0.7432803909590715
172,0.9999905824661255,0,0.7432803909590715
172,0.9999967813491821,0,0.7432803909590715
172,0.9999951124191284,0,0.7432803909590715
172,0.9999979734420776,0,0.7432803909590715
172,0.9999969005584717,0,0.7432803909590715
173,0.9999982118606567,1,0.7432803909590715
173,0.999998927116394,1,0.7432803909590715
173,0.9999815225601196,1,0.7429806367656363
173,0.9999198913574219,1,0.740841201713201
173,0.9999983310699463,1,0.7432803909590715
173,0.9999661445617676,1,0.7424468125455896
173,0.9999980926513672,1,0.7432803909590715
173,0.9999932050704956,1,0.7432803909590715
173,0.9995137453079224,1,0.7267424488628201
173,0.991870641708374,1,0.5796618167128096
173,0.9997666478157043,1,0.7355215812878518
173,0.999981164932251,1,0.742968222248891
173,0.874194324016571,1,0.44901074138067504
173,0.999281108379364,1,0.7186668057200205
173,0.999996542930603,1,0.7432803909590715
173,0.9999978542327881,1,0.7432803909590715
173,0.9999902248382568,1,0.7432803909590715
173,0.9999973773956299,1,0.7432803909590715
173,0.9999927282333374,1,0.7432803909590715
173,0.9999812841415405,1,0.7429723604211395
173,0.9999945163726807,1,0.7432803909590715
173,0.9999985694885254,1,0.7432803909590715
173,0.9999328851699829,1,0.7412922624882793
173,0.9999924898147583,1,0.7432803909590715
173,0.9999986886978149,1,0.7432803909590715
173,0.9999978542327881,1,0.7432803909590715
173,0.9999938011169434,1,0.7432803909590715
173,0.9998359680175781,1,0.7379279284503105
173,0.9260144829750061,1,0.5086052414898041
173,0.9999978542327881,1,0.7432803909590715
173,0.999985933303833,1,0.743133749138828
173,0.9999797344207764,1,0.7429185641819099
173,0.9999983310699463,1,0.7432803909590715
173,0.9999054670333862,1,0.7403404828711417
173,0.9999972581863403,1,0.7432803909590715
173,0.9999986886978149,1,0.7432803909590715
173,0.9999902248382568,1,0.7432803909590715
173,0.9999967813491821,1,0.7432803909590715
173,0.9999983310699463,1,0.7432803909590715
173,0.9999984502792358,1,0.7432803909590715
173,0.9999943971633911,1,0.7432803909590715
173,0.9981879591941833,1,0.6807197662019715
173,0.9999825954437256,1,0.7430178803158721
173,0.9999986886978149,1,0.7432803909590715
173,0.9999957084655762,1,0.7432803909590715
173,0.9999984502792358,1,0.7432803909590715
173,0.999984860420227,1,0.7430965055885922
173,0.999997615814209,1,0.7432803909590715
173,0.9999443292617798,1,0.741689527024128
173,0.2716613709926605,0,0.22459893048128343
173,0.9999985694885254,0,0.7432803909590715
173,0.9999191761016846,0,0.7408163726797105
173,0.9999978542327881,0,0.7432803909590715
173,0.9728230237960815,0,0.5577438125692509
173,0.999999,0,0.7432803909590715
173,0.9999681711196899,0,0.7425171614738129
173,0.9999955892562866,0,0.7432803909590715
173,0.999998927116394,0,0.7432803909590715
173,0.9999985694885254,0,0.7432803909590715
173,0.9999984502792358,0,0.7432803909590715
173,0.9999278783798218,0,0.7411184592538455
173,0.999999,0,0.7432803909590715
173,0.999875545501709,0,0.7393018016367873
173,0.9989575147628784,0,0.7074337371516733
174,0.9999963045120239,1,0.7432803909590715
174,0.9999980926513672,1,0.7432803909590715
174,0.9999412298202515,1,0.741581934545669
174,0.9999942779541016,1,0.7432803909590715
174,0.9999986886978149,1,0.7432803909590715
174,0.9999901056289673,1,0.7432785851675229
174,0.9999973773956299,1,0.7432803909590715
174,0.9999328851699829,1,0.7412922624882793
174,0.9999957084655762,1,0.7432803909590715
174,0.9999957084655762,1,0.7432803909590715
174,0.9999964237213135,1,0.7432803909590715
174,0.9999467134475708,1,0.7417722904690964
174,0.9999979734420776,1,0.7432803909590715
174,0.9999978542327881,1,0.7432803909590715
174,0.999999,1,0.7432803909590715
174,0.9999903440475464,1,0.7432803909590715
174,0.9999982118606567,1,0.7432803909590715
174,0.999999,1,0.7432803909590715
174,0.9999977350234985,1,0.7432803909590715
174,0.9998058676719666,1,0.7368830399575834
174,0.9845408201217651,1,0.5712274255649716
174,0.9999852180480957,1,0.7431089201053375
174,0.999998927116394,1,0.7432803909590715
174,0.9997770190238953,1,0.7358816022734648
174,0.9999984502792358,1,0.7432803909590715
174,0.9999681711196899,1,0.7425171614738129
174,0.9999943971633911,1,0.7432803909590715
174,0.999988317489624,1,0.7432165125837965
174,0.9999970197677612,1,0.7432803909590715
174,0.9999988079071045,1,0.7432803909590715
174,0.9999967813491821,1,0.7432803909590715
174,0.9999872446060181,1,0.7431792690335607
174,0.9999943971633911,1,0.7432803909590715
174,0.999901294708252,1,0.7401956468424469
174,0.9999960660934448,1,0.7432803909590715
174,0.9999953508377075,1,0.7432803909590715
174,0.9999898672103882,1,0.743270308823026
174,0.9999979734420776,1,0.7432803909590715
174,0.9999550580978394,1,0.7420619625264862
174,0.999999,1,0.7432803909590715
174,0.999994158744812,1,0.7432803909590715
174,0.999996542930603,1,0.7432803909590715
174,0.999997615814209,1,0.7432803909590715
174,0.9999983310699463,1,0.7432803909590715
174,0.999997615814209,1,0.7432803909590715
174,0.9999964237213135,1,0.7432803909590715
174,0.8005917072296143,0,0.3163161720278038
174,0.9999157190322876,0,0.7406963656845063
174,0.6649324893951416,0,0.22459893048128343
174,0.9999948740005493,1,0.7432803909590715
174,0.9999879598617554,1,0.7432040980670512
174,0.9999980926513672,1,0.7432803909590715
174,0.9999880790710449,1,0.7432082362392997
174,0.999998927116394,1,0.7432803909590715
174,0.9999988079071045,1,0.7432803909590715
174,0.9999922513961792,1,0.7432803909590715
174,0.9999979734420776,1,0.7432803909590715
174,0.999999,1,0.7432803909590715
174,0.999999,1,0.7432803909590715
174,0.9999769926071167,1,0.7428233862201962
174,0.999999,1,0.7432803909590715
174,0.9999927282333374,1,0.7432803909590715
174,0.9999957084655762,1,0.7432803909590715
174,0.9999986886978149,1,0.7432803909590715
174,0.9999943971633911,1,0.7432803909590715
174,0.9999967813491821,1,0.7432803909590715
174,0.9999493360519409,1,0.7418633302585618
174,0.999999,1,0.7432803909590715
174,0.9999982118606567,1,0.7432803909590715
174,0.9999974966049194,1,0.7432803909590715
174,0.9999755620956421,1,0.7427737281532151
174,0.999999,1,0.7432803909590715
174,0.999991774559021,1,0.7432803909590715
174,0.9999963045120239,1,0.7432803909590715
174,0.999997615814209,1,0.7432803909590715
174,0.9999868869781494,1,0.7431668545168154
174,0.9999864101409912,1,0.7431503018278217
174,0.9999988079071045,1,0.7432803909590715
174,0.999999,1,0.7432803909590715
174,0.999999,1,0.7432803909590715
174,0.9967111349105835,0,0.6294540193023695
174,0.9999963045120239,0,0.7432803909590715
174,0.9999784231185913,0,0.7428730442871773
174,0.999985933303833,0,0.743133749138828
174,0.9999983310699463,0,0.7432803909590715
174,0.9999971389770508,0,0.7432803909590715
174,0.9999980926513672,0,0.7432803909590715
174,0.9999974966049194,0,0.7432803909590715
175,0.9997815489768982,1,0.7360388528189049
175,0.9999343156814575,1,0.7413419205552604
175,0.9999966621398926,1,0.7432803909590715
175,0.999999,1,0.7432803909590715
175,0.9999988079071045,1,0.7432803909590715
175,0.9999864101409912,1,0.7431503018278217
175,0.999997615814209,1,0.7432803909590715
175,0.9999366998672485,1,0.7414246840002289
175,0.9999983310699463,1,0.7432803909590715
175,0.9999947547912598,1,0.7432803909590715
175,0.9999555349349976,1,0.7420785152154799
175,0.9999744892120361,1,0.7427364846029793
175,0.9999980926513672,1,0.7432803909590715
175,0.999982476234436,1,0.7430137421436237
175,0.9999853372573853,1,0.7431130582775859
175,0.9999849796295166,1,0.7431006437608406
175,0.9999797344207764,1,0.7429185641819099
175,0.9999959468841553,1,0.7432803909590715
175,0.9999953508377075,1,0.7432803909590715
175,0.9999929666519165,1,0.7432803909590715
175,0.9999399185180664,1,0.7415364146509363
175,0.9999985694885254,1,0.7432803909590715
175,0.9999954700469971,1,0.7432803909590715
175,0.9999933242797852,1,0.7432803909590715
175,0.9999954700469971,1,0.7432803909590715
175,0.9999583959579468,1,0.742177831349442
175,0.9999333620071411,1,0.741308815177273
175,0.9999785423278809,1,0.7428771824594257
175,0.9999092817306519,1,0.7404729043830913
175,0.9999927282333374,1,0.7432803909590715
175,0.9999138116836548,1,0.7406301549285315
175,0.9999421834945679,1,0.7416150399236564
175,0.9999984502792358,1,0.7432803909590715
175,0.9999980926513672,1,0.7432803909590715
175,0.9999971389770508,1,0.7432803909590715
175,0.999999,1,0.7432803909590715
175,0.9999980926513672,1,0.7432803909590715
175,0.9999951124191284,1,0.7432803909590715
175,0.999998927116394,1,0.7432803909590715
175,0.999997615814209,1,0.7432803909590715
175,0.9999984502792358,1,0.7432803909590715
175,0.9999377727508545,1,0.7414619275504647
175,0.9999902248382568,1,0.7432803909590715
175,0.9999927282333374,1,0.7432803909590715
175,0.9998548030853271,1,0.7385817596655615
175,0.9999983310699463,1,0.7432803909590715
175,0.9999722242355347,1,0.7426578593302592
175,0.999999,1,0.7432803909590715
175,0.9998877048492432,1,0.7397238952061266
175,0.9999983310699463,1,0.7432803909590715
175,0.9999855756759644,1,0.7431213346220827
175,0.9999948740005493,1,0.7432803909590715
175,0.999999,1,0.7432803909590715
175,0.9999918937683105,1,0.7432803909590715
175,0.999996542930603,1,0.7432803909590715
175,0.999915599822998,1,0.7406922275122578
175,0.999999,1,0.7432803909590715
175,0.9998301267623901,1,0.7377251580101377
175,0.999994158744812,1,0.7432803909590715
175,0.999999,1,0.7432803909590715
175,0.9999843835830688,1,0.7430799528995985
175,0.999999,1,0.7432803909590715
175,0.999999,1,0.7432803909590715
175,0.9999978542327881,1,0.7432803909590715
175,0.9999748468399048,1,0.7427488991197245
175,0.9999985694885254,1,0.7432803909590715
175,0.999999,1,0.7432803909590715
175,0.9999804496765137,1,0.7429433932154005
175,0.9999885559082031,1,0.7432247889282934
175,0.9999959468841553,1,0.7432803909590715
175,0.9999693632125854,1,0.7425585431962971
175,0.999972939491272,1,0.7426826883637497
175,0.999998927116394,1,0.7432803909590715
175,0.999999,1,0.7432803909590715
175,0.999999,1,0.7432803909590715
175,0.9999986886978149,1,0.7432803909590715
175,0.9999978542327881,1,0.7432803909590715
175,0.9997887015342712,1,0.7362871431538103
175,0.9999945163726807,1,0.7432803909590715
175,0.999985933303833,1,0.743133749138828
175,0.9999986886978149,1,0.7432803909590715
175,0.9999867677688599,1,0.743162716344567
175,0.9999935626983643,1,0.7432803909590715
175,0.9999561309814453,1,0.742099206076722
175,0.9999985694885254,1,0.7432803909590715
175,0.9999978542327881,1,0.7432803909590715
175,0.999999,1,0.7432803909590715
176,0.9999613761901855,1,0.7422812856556527
176,0.999998927116394,1,0.7432803909590715
176,0.9999966621398926,1,0.7432803909590715
176,0.999996542930603,1,0.7432803909590715
176,0.999999,1,0.7432803909590715
177,0.9998779296875,1,0.7393845650817558
177,0.9999842643737793,1,0.7430758147273501
177,0.9999963045120239,1,0.7432803909590715
177,0.9999949932098389,1,0.7432803909590715
177,0.9999985694885254,1,0.7432803909590715
177,0.9999912977218628,1,0.7432803909590715
177,0.9999939203262329,1,0.7432803909590715
177,0.9999836683273315,1,0.743055123866108
177,0.9999854564666748,1,0.7431171964498343
177,0.9999983310699463,1,0.7432803909590715
177,0.9999988079071045,1,0.7432803909590715
177,0.8611599206924438,0,0.427036073991575
177,0.9999834299087524,0,0.7430468475216111
177,0.9999986886978149,0,0.7432803909590715
177,0.9999985694885254,0,0.7432803909590715
177,0.9999922513961792,0,0.7432803909590715
177,0.9999412298202515,0,0.741581934545669
177,0.999999,0,0.7432803909590715
177,0.9999762773513794,0,0.7427985571867056
177,0.9997956156730652,0,0.7365271571442189
177,0.9931214451789856,1,0.5811011103703093
177,0.9999442100524902,1,0.7416853888518796
177,0.999997615814209,1,0.7432803909590715
177,0.999997615814209,1,0.7432803909590715
177,0.9999988079071045,1,0.7432803909590715
177,0.9999805688858032,1,0.7429475313876489
177,0.9999911785125732,1,0.7432803909590715
177,0.9999982118606567,1,0.7432803909590715
177,0.9999957084655762,1,0.7432803909590715
177,0.9999946355819702,1,0.7432803909590715
177,0.9999983310699463,1,0.7432803909590715
177,0.9999985694885254,1,0.7432803909590715
177,0.9999980926513672,1,0.7432803909590715
177,0.999992847442627,1,0.7432803909590715
177,0.9999983310699463,1,0.7432803909590715
177,0.9999972581863403,1,0.7432803909590715
177,0.9999829530715942,1,0.7430302948326174
177,0.999999,1,0.7432803909590715
177,0.9999983310699463,1,0.7432803909590715
177,0.9999926090240479,1,0.7432803909590715
177,0.9999101161956787,1,0.7405018715888303
177,0.9999868869781494,1,0.7431668545168154
177,0.999990701675415,1,0.7432803909590715
177,0.9998668432235718,1,0.7389997150626523
177,0.985716700553894,1,0.5725805056352673
177,0.9999611377716064,1,0.7422730093111558
177,0.9999698400497437,1,0.7425750958852908
177,0.9999287128448486,1,0.7411474264595844
177,0.9999948740005493,1,0.7432803909590715
178,0.8283954858779907,0,0.3678804529413919
178,0.9985001087188721,0,0.69155557023447
178,0.997068464756012,0,0.6418581906170208
178,0.9994518160820007,0,0.7245926683797638
178,0.999999,0,0.7432803909590715
178,0.9994156360626221,0,0.7233367331023671
178,0.9999977350234985,0,0.7432803909590715
178,0.999997615814209,0,0.7432803909590715
178,0.9999946355819702,0,0.7432803909590715
178,0.9999475479125977,0,0.7418012576748354
178,0.9999966621398926,0,0.7432803909590715
178,0.9999711513519287,0,0.7426206157800234
178,0.9914602041244507,0,0.579189528119741
178,0.9993577599525452,0,0.7213276504757572
178,0.9999969005584717,0,0.7432803909590715
178,0.9999983310699463,0,0.7432803909590715
178,0.9999550580978394,0,0.7420619625264862
178,0.8323413133621216,0,0.3751982984544571
178,0.9737363457679749,0,0.5587947678570216
178,0.9999972581863403,0,0.7432803909590715
178,0.9999932050704956,0,0.7432803909590715
178,0.9946539402008057,0,0.5828645451679256
178,0.9999709129333496,0,0.7426123394355265
178,0.9999867677688599,0,0.743162716344567
178,0.9999946355819702,0,0.7432803909590715
179,0.9999881982803345,1,0.7432123744115481
179,0.9998846054077148,1,0.7396163027276675
179,0.9998193383216858,1,0.7373506534216553
179,0.9999970197677612,1,0.7432803909590715
179,0.9973559379577637,1,0.6518373929940955
179,0.9999972581863403,1,0.7432803909590715
179,0.9999984502792358,1,0.7432803909590715
179,0.999999,1,0.7432803909590715
179,0.999997615814209,1,0.7432803909590715
179,0.9999972581863403,1,0.7432803909590715
179,0.9999971389770508,1,0.7432803909590715
179,0.9999977350234985,1,0.7432803909590715
179,0.9999841451644897,1,0.7430716765551016
179,0.999998927116394,1,0.7432803909590715
179,0.999999,1,0.7432803909590715
179,0.9999988079071045,1,0.7432803909590715
179,0.9999755620956421,1,0.7427737281532151
179,0.999977707862854,1,0.7428482152536867
179,0.9999881982803345,1,0.7432123744115481
179,0.9999978542327881,1,0.7432803909590715
179,0.9999916553497314,1,0.7432803909590715
179,0.9999972581863403,1,0.7432803909590715
179,0.9999951124191284,1,0.7432803909590715
179,0.9999948740005493,1,0.7432803909590715
179,0.9999830722808838,1,0.7430344330048658
179,0.9999977350234985,1,0.7432803909590715
179,0.9999977350234985,1,0.7432803909590715
179,0.999997615814209,1,0.7432803909590715
179,0.9999985694885254,1,0.7432803909590715
179,0.9999674558639526,1,0.7424923324403223
179,0.9999808073043823,1,0.7429558077321458
179,0.999972939491272,1,0.7426826883637497
179,0.999999,1,0.7432803909590715
179,0.9999972581863403,1,0.7432803909590715
179,0.9999960660934448,1,0.7432803909590715
179,0.9999966621398926,1,0.7432803909590715
179,0.999999,1,0.7432803909590715
179,0.999998927116394,1,0.7432803909590715
179,0.9999957084655762,1,0.7432803909590715
179,0.999999,1,0.7432803909590715
179,0.9999966621398926,1,0.7432803909590715
179,0.9995943903923035,1,0.729541922388879
179,0.9999969005584717,1,0.7432803909590715
179,0.9999985694885254,1,0.7432803909590715
179,0.999999,1,0.7432803909590715
179,0.9999980926513672,1,0.7432803909590715
179,0.999999,1,0.7432803909590715
179,0.9999960660934448,1,0.7432803909590715
179,0.9994294047355652,1,0.7238146919970601
179,0.999999,1,0.7432803909590715
179,0.999999,1,0.7432803909590715
179,0.9999982118606567,1,0.7432803909590715
179,0.999998927116394,1,0.7432803909590715
179,0.9999979734420776,1,0.7432803909590715
179,0.9999960660934448,1,0.7432803909590715
179,0.9999974966049194,1,0.7432803909590715
179,0.9999986886978149,1,0.7432803909590715
179,0.9999988079071045,1,0.7432803909590715
179,0.9999232292175293,1,0.7409570705361569
179,0.9980559349060059,1,0.6761367404368418
179,0.999997615814209,1,0.7432803909590715
179,0.9999833106994629,1,0.7430427093493627
179,0.9999927282333374,1,0.7432803909590715
179,0.9999901056289673,1,0.7432785851675229
179,0.9998443126678467,1,0.7382176005077001
179,0.9999860525131226,1,0.7431378873110764
179,0.9999957084655762,1,0.7432803909590715
179,0.9999967813491821,1,0.7432803909590715
179,0.9999251365661621,1,0.7410232812921317
179,0.999999,1,0.7432803909590715
179,0.9994780421257019,1,0.7255030662744171
179,0.4975126385688782,0,0.22459893048128343
179,0.9999786615371704,1,0.7428813206316741
179,0.9999963045120239,1,0.7432803909590715
179,0.9999980926513672,1,0.7432803909590715
179,0.9999953508377075,1,0.7432803909590715
179,0.999999,1,0.7432803909590715
179,0.9999988079071045,1,0.7432803909590715
179,0.6848371624946594,0,0.22459893048128343
179,0.9999969005584717,1,0.7432803909590715
180,0.9999961853027344,1,0.7432803909590715
180,0.9999964237213135,1,0.7432803909590715
180,0.9999903440475464,1,0.7432803909590715
180,0.9999958276748657,1,0.7432803909590715
180,0.9999985694885254,1,0.7432803909590715
180,0.999999,1,0.7432803909590715
180,0.9999954700469971,1,0.7432803909590715
180,0.9999986886978149,1,0.7432803909590715
180,0.9999897480010986,1,0.7432661706507776
180,0.999987006187439,1,0.7431709926890638
180,0.999999,1,0.7432803909590715
180,0.9999985694885254,1,0.7432803909590715
180,0.5774374008178711,1,0.22459893048128343
180,0.9999980926513672,1,0.7432803909590715
180,0.999999,1,0.7432803909590715
180,0.9999984502792358,1,0.7432803909590715
180,0.9999988079071045,1,0.7432803909590715
180,0.999999,1,0.7432803909590715
180,0.999993085861206,1,0.7432803909590715
180,0.9999977350234985,1,0.7432803909590715
180,0.9977164268493652,1,0.66435122587333
180,0.999999,1,0.7432803909590715
180,0.9999340772628784,1,0.7413336442107635
180,0.9999663829803467,1,0.7424550888900865
180,0.9999833106994629,1,0.7430427093493627
180,0.9999771118164062,1,0.7428275243924446
180,0.9986334443092346,1,0.6961841158943324
180,0.9999984502792358,1,0.7432803909590715
180,0.9999961853027344,1,0.7432803909590715
180,0.9999964237213135,1,0.7432803909590715
180,0.9999773502349854,1,0.7428358007369414
180,0.9999793767929077,1,0.7429061496651647
180,0.9999582767486572,1,0.7421736931771936
180,0.9999963045120239,1,0.7432803909590715
180,0.9999961853027344,1,0.7432803909590715
180,0.9999790191650391,1,0.7428937351484194
180,0.9999986886978149,1,0.7432803909590715
180,0.9999986886978149,1,0.7432803909590715
180,0.9999973773956299,1,0.7432803909590715
180,0.999999,1,0.7432803909590715
180,0.999996542930603,1,0.7432803909590715
180,0.999999,1,0.7432803909590715
180,0.9999988079071045,1,0.7432803909590715
180,0.9999978542327881,1,0.7432803909590715
180,0.9999889135360718,1,0.7432372034450386
180,0.999998927116394,1,0.7432803909590715
180,0.9999902248382568,1,0.7432803909590715
180,0.9998875856399536,1,0.7397197570338782
180,0.9999988079071045,1,0.7432803909590715
180,0.999996542930603,1,0.7432803909590715
181,0.9999974966049194,1,0.7432803909590715
181,0.9999839067459106,1,0.7430634002106048
181,0.9999449253082275,1,0.7417102178853701
181,0.999999,1,0.7432803909590715
181,0.9999986886978149,1,0.7432803909590715
181,0.9999982118606567,1,0.7432803909590715
181,0.9999953508377075,1,0.7432803909590715
181,0.9999971389770508,1,0.7432803909590715
181,0.999998927116394,1,0.7432803909590715
181,0.9999129772186279,1,0.7406011877227925
181,0.9999972581863403,1,0.7432803909590715
181,0.9999926090240479,1,0.7432803909590715
181,0.9999902248382568,1,0.7432803909590715
181,0.9999974966049194,1,0.7432803909590715
181,0.9999953508377075,1,0.7432803909590715
181,0.9999555349349976,1,0.7420785152154799
181,0.999984622001648,1,0.7430882292440953
181,0.9961407780647278,1,0.6096549341797844
181,0.9999945163726807,1,0.7432803909590715
181,0.999998927116394,1,0.7432803909590715
181,0.9999886751174927,1,0.7432289271005418
181,0.9999922513961792,1,0.7432803909590715
181,0.771142840385437,0,0.26170094645922176
181,0.9999973773956299,1,0.7432803909590715
181,0.999999,1,0.7432803909590715
181,0.999998927116394,1,0.7432803909590715
181,0.9999980926513672,1,0.7432803909590715
181,0.999999,1,0.7432803909590715
181,0.9999955892562866,1,0.7432803909590715
181,0.9999977350234985,1,0.7432803909590715
181,0.9999988079071045,1,0.7432803909590715
181,0.9999921321868896,1,0.7432803909590715
181,0.9999867677688599,1,0.743162716344567
181,0.9967670440673828,1,0.6313948220868805
181,0.999964714050293,1,0.7423971544786085
181,0.9999929666519165,1,0.7432803909590715
181,0.9995935559272766,1,0.7295129551831401
181,0.9999958276748657,1,0.7432803909590715
181,0.9999957084655762,1,0.7432803909590715
181,0.9999839067459106,1,0.7430634002106048
181,0.999999,1,0.7432803909590715
181,0.9999970197677612,1,0.7432803909590715
181,0.9999871253967285,1,0.7431751308613123
181,0.9999970197677612,1,0.7432803909590715
181,0.9999970197677612,0,0.7432803909590715
181,0.999996542930603,0,0.7432803909590715
181,0.9998912811279297,0,0.7398480403735793
181,0.9999986886978149,0,0.7432803909590715
181,0.999999,0,0.7432803909590715
181,0.9999963045120239,0,0.7432803909590715
181,0.9999982118606567,0,0.7432803909590715
181,0.9999905824661255,0,0.7432803909590715
181,0.9999978542327881,0,0.7432803909590715
181,0.9999924898147583,0,0.7432803909590715
182,0.9999979734420776,1,0.7432803909590715
182,0.9999986886978149,1,0.7432803909590715
182,0.9999948740005493,1,0.7432803909590715
182,0.9999954700469971,1,0.7432803909590715
182,0.9999988079071045,1,0.7432803909590715
182,0.999999,1,0.7432803909590715
182,0.9999974966049194,1,0.7432803909590715
182,0.9999946355819702,1,0.7432803909590715
182,0.999998927116394,1,0.7432803909590715
182,0.9999988079071045,1,0.7432803909590715
182,0.9999982118606567,1,0.7432803909590715
182,0.9999606609344482,1,0.7422564566221621
182,0.999999,1,0.7432803909590715
182,0.999999,1,0.7432803909590715
182,0.9999983310699463,1,0.7432803909590715
182,0.9994088411331177,1,0.7231008572842069
182,0.9999871253967285,1,0.7431751308613123
182,0.9997617602348328,1,0.7353519162256665
182,0.9956182241439819,1,0.5915152561288174
182,0.9999973773956299,1,0.7432803909590715
182,0.9999970197677612,1,0.7432803909590715
182,0.999988317489624,1,0.7432165125837965
182,0.9999880790710449,1,0.7432082362392997
182,0.9999940395355225,1,0.7432803909590715
182,0.999999,1,0.7432803909590715
182,0.9999933242797852,1,0.7432803909590715
182,0.9999959468841553,1,0.7432803909590715
182,0.9905834197998047,1,0.5781806165304237
182,0.9999963045120239,1,0.7432803909590715
182,0.9058135747909546,1,0.5005482764900266
182,0.975791335105896,1,0.5611594344012018
182,0.9999967813491821,1,0.7432803909590715
182,0.9999872446060181,1,0.7431792690335607
182,0.9999978542327881,1,0.7432803909590715
182,0.999998927116394,1,0.7432803909590715
182,0.9999947547912598,1,0.7432803909590715
182,0.9999979734420776,1,0.7432803909590715
182,0.999999,1,0.7432803909590715
182,0.9999985694885254,1,0.7432803909590715
182,0.9999892711639404,1,0.7432496179617839
182,0.999998927116394,1,0.7432803909590715
182,0.999999,1,0.7432803909590715
182,0.9999984502792358,1,0.7432803909590715
182,0.9999607801437378,1,0.7422605947944105
182,0.999999,1,0.7432803909590715
182,0.999999,1,0.7432803909590715
182,0.999997615814209,1,0.7432803909590715
183,0.9999979734420776,1,0.7432803909590715
183,0.9999986886978149,1,0.7432803909590715
183,0.9999734163284302,1,0.7426992410527434
183,0.999992847442627,1,0.7432803909590715
183,0.9999978542327881,1,0.7432803909590715
183,0.9999980926513672,1,0.7432803909590715
183,0.9999827146530151,1,0.7430220184881206
183,0.9999370574951172,1,0.7414370985169741
183,0.9999982118606567,1,0.7432803909590715
183,0.999993085861206,1,0.7432803909590715
183,0.9999935626983643,1,0.7432803909590715
183,0.9999946355819702,1,0.7432803909590715
183,0.9999915361404419,1,0.7432803909590715
183,0.9999957084655762,1,0.7432803909590715
183,0.9999978542327881,1,0.7432803909590715
183,0.9999967813491821,1,0.7432803909590715
183,0.9998137354850769,1,0.7371561593259794
183,0.999999,1,0.7432803909590715
183,0.9999912977218628,1,0.7432803909590715
183,0.999995231628418,1,0.7432803909590715
183,0.9999948740005493,1,0.7432803909590715
183,0.999999,1,0.7432803909590715
183,0.9999897480010986,1,0.7432661706507776
183,0.9999985694885254,1,0.7432803909590715
183,0.9999982118606567,1,0.7432803909590715
183,0.9999985694885254,1,0.7432803909590715
183,0.999998927116394,1,0.7432803909590715
183,0.9999929666519165,1,0.7432803909590715
183,0.999999,1,0.7432803909590715
183,0.9999940395355225,1,0.7432803909590715
183,0.9999971389770508,1,0.7432803909590715
183,0.9999986886978149,1,0.7432803909590715
184,0.9999881982803345,1,0.7432123744115481
184,0.9999988079071045,1,0.7432803909590715
184,0.9999854564666748,1,0.7431171964498343
184,0.9999966621398926,1,0.7432803909590715
184,0.9999920129776001,1,0.7432803909590715
184,0.9999977350234985,1,0.7432803909590715
184,0.999996542930603,1,0.7432803909590715
184,0.9999986886978149,1,0.7432803909590715
184,0.9999858140945435,1,0.7431296109665796
184,0.9999982118606567,1,0.7432803909590715
184,0.9999974966049194,1,0.7432803909590715
184,0.999999,1,0.7432803909590715
184,0.999999,1,0.7432803909590715
184,0.9999849796295166,1,0.7431006437608406
184,0.9999715089797974,1,0.7426330302967686
184,0.9999979734420776,1,0.7432803909590715
184,0.9999642372131348,1,0.7423806017896148
184,0.9996815919876099,1,0.7325689953886013
184,0.9999973773956299,1,0.7432803909590715
184,0.9999973773956299,1,0.7432803909590715
184,0.9999979734420776,1,0.7432803909590715
184,0.999999,1,0.7432803909590715
184,0.9999661445617676,1,0.7424468125455896
184,0.9999986886978149,1,0.7432803909590715
184,0.9999946355819702,1,0.7432803909590715
184,0.999999,1,0.7432803909590715
184,0.9999988079071045,1,0.7432803909590715
184,0.999999,1,0.7432803909590715
184,0.9997449517250061,1,0.7347684339386387
184,0.999998927116394,1,0.7432803909590715
184,0.9999880790710449,1,0.7432082362392997
184,0.9999966621398926,1,0.7432803909590715
184,0.9999969005584717,1,0.7432803909590715
184,0.9999961853027344,1,0.7432803909590715
184,0.9999947547912598,1,0.7432803909590715
184,0.9999873638153076,1,0.7431834072058091
184,0.9999969005584717,1,0.7432803909590715
184,0.9999970197677612,1,0.7432803909590715
184,0.9999971389770508,1,0.7432803909590715
184,0.999999,1,0.7432803909590715
184,0.999998927116394,1,0.7432803909590715
184,0.9999982118606567,1,0.7432803909590715
184,0.9999983310699463,1,0.7432803909590715
184,0.9999972581863403,1,0.7432803909590715
184,0.9999876022338867,1,0.743191683550306
184,0.9999837875366211,1,0.7430592620383564
184,0.9999690055847168,1,0.7425461286795518
184,0.999999,1,0.7432803909590715
184,0.9999871253967285,1,0.7431751308613123
184,0.9999947547912598,1,0.7432803909590715
184,0.9999901056289673,1,0.7432785851675229
184,0.9999923706054688,1,0.7432803909590715
184,0.9999973773956299,1,0.7432803909590715
185,0.9999791383743286,1,0.7428978733206678
185,0.9999696016311646,1,0.742566819540794
185,0.9999927282333374,1,0.7432803909590715
185,0.9524545073509216,1,0.534305856710474
185,0.9999947547912598,1,0.7432803909590715
185,0.9998124241828918,1,0.7371106394312468
185,0.999957799911499,1,0.7421571404881999
185,0.9997853636741638,1,0.7361712743308545
185,0.999999,1,0.7432803909590715
185,0.999999,1,0.7432803909590715
185,0.999992847442627,1,0.7432803909590715
185,0.9999986886978149,1,0.7432803909590715
185,0.9999986886978149,1,0.7432803909590715
185,0.9999986886978149,1,0.7432803909590715
185,0.9999985694885254,1,0.7432803909590715
185,0.9999980926513672,1,0.7432803909590715
185,0.9999957084655762,1,0.7432803909590715
185,0.999999,1,0.7432803909590715
185,0.999998927116394,1,0.7432803909590715
185,0.9999961853027344,1,0.7432803909590715
185,0.9999933242797852,1,0.7432803909590715
185,0.9999986886978149,1,0.7432803909590715
185,0.9999982118606567,1,0.7432803909590715
185,0.9999978542327881,1,0.7432803909590715
185,0.9999914169311523,1,0.7432803909590715
185,0.9990720748901367,1,0.7114105206824088
185,0.999999,1,0.7432803909590715
185,0.9999988079071045,1,0.7432803909590715
185,0.9999761581420898,1,0.7427944190144572
185,0.999992847442627,1,0.7432803909590715
185,0.9972199201583862,1,0.6471157384586436
185,0.9999974966049194,1,0.7432803909590715
185,0.999999,1,0.7432803909590715
185,0.9999918937683105,1,0.7432803909590715
185,0.9999943971633911,1,0.7432803909590715
185,0.9999949932098389,1,0.7432803909590715
185,0.9999986886978149,1,0.7432803909590715
185,0.9997313618659973,1,0.7342966823023184
185,0.9999911785125732,1,0.7432803909590715
185,0.9999966621398926,1,0.7432803909590715
185,0.9999985694885254,1,0.7432803909590715
185,0.9999988079071045,1,0.7432803909590715
185,0.9999971389770508,1,0.7432803909590715
185,0.9999986886978149,1,0.7432803909590715
185,0.9999986886978149,1,0.7432803909590715
185,0.9999921321868896,1,0.7432803909590715
185,0.9999983310699463,1,0.7432803909590715
185,0.9999960660934448,1,0.7432803909590715
185,0.9999988079071045,1,0.7432803909590715
185,0.9999983310699463,1,0.7432803909590715
185,0.9999978542327881,1,0.7432803909590715
185,0.9999984502792358,1,0.7432803909590715
185,0.9999948740005493,1,0.7432803909590715
185,0.9999381303787231,1,0.74147434206721
185,0.9999982118606567,1,0.7432803909590715
185,0.9999945163726807,1,0.7432803909590715
185,0.9999985694885254,1,0.7432803909590715
185,0.9999984502792358,1,0.7432803909590715
185,0.9999951124191284,1,0.7432803909590715
185,0.9999974966049194,1,0.7432803909590715
185,0.9999979734420776,1,0.7432803909590715
185,0.999998927116394,1,0.7432803909590715
185,0.9984489679336548,1,0.6897802943398961
185,0.9975588321685791,1,0.6588805621609133
185,0.9999814033508301,1,0.7429764985933879
185,0.9998786449432373,1,0.7394093941152463
185,0.9999986886978149,1,0.7432803909590715
185,0.9999986886978149,1,0.7432803909590715
185,0.9999562501907349,1,0.7421033442489704
185,0.999999,1,0.7432803909590715
185,0.9999979734420776,1,0.7432803909590715
185,0.9919654130935669,1,0.5797708696990104
185,0.9999980926513672,1,0.7432803909590715
185,0.9981405735015869,1,0.6790748427332229
185,0.9999938011169434,1,0.7432803909590715
185,0.999990701675415,1,0.7432803909590715
185,0.9999985694885254,1,0.7432803909590715
185,0.9999771118164062,1,0.7428275243924446
185,0.9999974966049194,1,0.7432803909590715
186,0.9999969005584717,1,0.7432803909590715
186,0.999996542930603,1,0.7432803909590715
186,0.999999,1,0.7432803909590715
186,0.9935253858566284,1,0.5815659230039465
186,0.999572217464447,1,0.7287722223506722
186,0.999997615814209,1,0.7432803909590715
186,0.9999964237213135,1,0.7432803909590715
186,0.9999970197677612,1,0.7432803909590715
186,0.9999954700469971,1,0.7432803909590715
186,0.9999967813491821,1,0.7432803909590715
186,0.999999,1,0.7432803909590715
186,0.9999496936798096,1,0.741875744775307
186,0.999931812286377,1,0.7412550189380435
186,0.999895453453064,1,0.7399928764022741
186,0.9999949932098389,1,0.7432803909590715
186,0.9999951124191284,1,0.7432803909590715
186,0.9999978542327881,1,0.7432803909590715
186,0.999999,1,0.7432803909590715
186,0.999998927116394,1,0.7432803909590715
186,0.9999971389770508,1,0.7432803909590715
186,0.9999812841415405,1,0.7429723604211395
186,0.9999985694885254,1,0.7432803909590715
186,0.9999910593032837,1,0.7432803909590715
186,0.9999986886978149,1,0.7432803909590715
186,0.999999,1,0.7432803909590715
186,0.999999,1,0.7432803909590715
186,0.8668917417526245,0,0.4366993365283542
186,0.9999886751174927,0,0.7432289271005418
186,0.9999901056289673,0,0.7432785851675229
186,0.9169911742210388,0,0.5050063694910543
186,0.9999817609786987,0,0.7429889131101332
186,0.779668927192688,0,0.277513240924039
186,0.9999916553497314,0,0.7432803909590715
186,0.9999737739562988,0,0.7427116555694887
186,0.9999960660934448,0,0.7432803909590715
186,0.999999,0,0.7432803909590715
186,0.9999972581863403,0,0.7432803909590715
186,0.999999,0,0.7432803909590715
186,0.9999986886978149,0,0.7432803909590715
186,0.8474069237709045,0,0.40313865063024035
186,0.996914267539978,0,0.6365054648136842
186,0.9999966621398926,0,0.7432803909590715
186,0.9999982118606567,0,0.7432803909590715
186,0.9995355606079102,0,0.7274997343842817
186,0.9999985694885254,0,0.7432803909590715
186,0.9999954700469971,0,0.7432803909590715
186,0.9999935626983643,0,0.7432803909590715
186,0.9999752044677734,0,0.7427613136364698
186,0.9999867677688599,0,0.743162716344567
186,0.9999949932098389,0,0.7432803909590715
186,0.9999978542327881,0,0.7432803909590715
186,0.9999970197677612,0,0.7432803909590715
186,0.9999986886978149,0,0.7432803909590715
186,0.9999985694885254,0,0.7432803909590715
186,0.9999971389770508,0,0.7432803909590715
186,0.9999974966049194,0,0.7432803909590715
186,0.9999988079071045,0,0.7432803909590715
186,0.9999982118606567,0,0.7432803909590715
186,0.9999955892562866,0,0.7432803909590715
186,0.9999984502792358,0,0.7432803909590715
186,0.999999,0,0.7432803909590715
186,0.9999175071716309,0,0.7407584382682326
186,0.999998927116394,0,0.7432803909590715
186,0.9999682903289795,0,0.7425212996460613
186,0.999999,0,0.7432803909590715
186,0.9999972581863403,0,0.7432803909590715
186,0.9999963045120239,0,0.7432803909590715
186,0.9999953508377075,0,0.7432803909590715
186,0.9999967813491821,0,0.7432803909590715
186,0.999999,1,0.7432803909590715
186,0.9990921020507812,0,0.7121057336201441
186,0.9999971389770508,0,0.7432803909590715
186,0.999993085861206,0,0.7432803909590715
186,0.9999978542327881,0,0.7432803909590715
186,0.9999978542327881,0,0.7432803909590715
186,0.9999945163726807,1,0.7432803909590715
186,0.9999949932098389,0,0.7432803909590715
186,0.999998927116394,0,0.7432803909590715
186,0.9999959468841553,0,0.7432803909590715
186,0.9999935626983643,0,0.7432803909590715
186,0.9999914169311523,0,0.7432803909590715
187,0.9999984502792358,1,0.7432803909590715
187,0.9999985694885254,1,0.7432803909590715
187,0.9999977350234985,1,0.7432803909590715
187,0.9999980926513672,1,0.7432803909590715
187,0.9999858140945435,1,0.7431296109665796
187,0.999998927116394,1,0.7432803909590715
187,0.9999988079071045,1,0.7432803909590715
187,0.999998927116394,1,0.7432803909590715
187,0.9999710321426392,1,0.7426164776077749
187,0.9999889135360718,1,0.7432372034450386
187,0.9999507665634155,1,0.7419129883255429
187,0.9999849796295166,1,0.7431006437608406
187,0.999052107334137,1,0.7107173768307978
187,0.9999974966049194,1,0.7432803909590715
187,0.9999935626983643,1,0.7432803909590715
187,0.999999,1,0.7432803909590715
187,0.9999887943267822,1,0.7432330652727902
187,0.9999988079071045,1,0.7432803909590715
187,0.9967593550682068,1,0.6311279099768571
187,0.8519594073295593,1,0.41152495193015176
187,0.9998490810394287,1,0.7383831273976371
187,0.9999980926513672,1,0.7432803909590715
187,0.9999980926513672,1,0.7432803909590715
187,0.9999799728393555,1,0.7429268405264068
187,0.9999768733978271,1,0.7428192480479477
187,0.9999955892562866,1,0.7432803909590715
187,0.9999790191650391,1,0.7428937351484194
187,0.9998249411582947,1,0.7375451475173312
187,0.999996542930603,1,0.7432803909590715
187,0.9999980926513672,1,0.7432803909590715
187,0.9999877214431763,1,0.7431958217225544
187,0.9999955892562866,1,0.7432803909590715
187,0.9999972581863403,0,0.7432803909590715
187,0.9988211989402771,1,0.7027017371856004
187,0.9999983310699463,1,0.7432803909590715
187,0.8783451318740845,0,0.45600857778305814
187,0.9999513626098633,0,0.741933679186785
188,0.9999333620071411,1,0.741308815177273
188,0.9999895095825195,1,0.7432578943062808
188,0.9997548460960388,1,0.7351119022352579
188,0.9999827146530151,1,0.7430220184881206
188,0.9999934434890747,1,0.7432803909590715
188,0.999997615814209,1,0.7432803909590715
188,0.9999936819076538,1,0.7432803909590715
188,0.9999982118606567,1,0.7432803909590715
188,0.9950426816940308,1,0.5833118681717003
188,0.6522781848907471,0,0.22459893048128343
188,0.7755219340324402,0,0.26982231793957506
188,0.9848640561103821,0,0.5715993716933786
188,0.9948288798332214,0,0.5830658473783026
188,0.9999889135360718,0,0.7432372034450386
188,0.9999959468841553,0,0.7432803909590715
188,0.999982476234436,0,0.7430137421436237
188,0.9999977350234985,0,0.7432803909590715
188,0.999999,0,0.7432803909590715
188,0.9999985694885254,0,0.7432803909590715
188,0.9999959468841553,0,0.7432803909590715
188,0.9999961853027344,0,0.7432803909590715
188,0.9999927282333374,0,0.7432803909590715
189,0.9972890615463257,1,0.6495158783627296
189,0.9999986886978149,1,0.7432803909590715
189,0.9999953508377075,1,0.7432803909590715
189,0.999999,1,0.7432803909590715
189,0.9999986886978149,1,0.7432803909590715
189,0.9999973773956299,1,0.7432803909590715
189,0.9999982118606567,1,0.7432803909590715
189,0.9999947547912598,1,0.7432803909590715
189,0.9999973773956299,1,0.7432803909590715
189,0.999999,1,0.7432803909590715
189,0.9999886751174927,1,0.7432289271005418
189,0.999993085861206,1,0.7432803909590715
189,0.999993085861206,1,0.7432803909590715
189,0.9999957084655762,1,0.7432803909590715
189,0.999996542930603,1,0.7432803909590715
189,0.9999973773956299,1,0.7432803909590715
189,0.9999983310699463,1,0.7432803909590715
189,0.9999983310699463,1,0.7432803909590715
189,0.9999972581863403,1,0.7432803909590715
189,0.999997615814209,1,0.7432803909590715
189,0.9999984502792358,1,0.7432803909590715
189,0.9998995065689087,1,0.7401335742587205
189,0.9999891519546509,1,0.7432454797895355
189,0.9999929666519165,1,0.7432803909590715
189,0.9999920129776001,1,0.7432803909590715
189,0.9999960660934448,1,0.7432803909590715
189,0.999995231628418,1,0.7432803909590715
189,0.9999897480010986,1,0.7432661706507776
189,0.9999920129776001,1,0.7432803909590715
189,0.9999760389328003,1,0.7427902808422088
189,0.9997231364250183,1,0.7340111484171771
189,0.9999271631240845,1,0.7410936302203549
189,0.9994763731956482,1,0.7254451318629392
190,0.9999916553497314,1,0.7432803909590715
190,0.999996542930603,1,0.7432803909590715
190,0.9999921321868896,1,0.7432803909590715
190,0.9999949932098389,1,0.7432803909590715
190,0.9999760389328003,1,0.7427902808422088
190,0.6399818062782288,1,0.22459893048128343
190,0.9991764426231384,1,0.7150334904859041
191,0.9999955892562866,1,0.7432803909590715
191,0.9998577833175659,1,0.7386852139717721
191,0.999998927116394,1,0.7432803909590715
191,0.999998927116394,1,0.7432803909590715
191,0.999996542930603,1,0.7432803909590715
191,0.9999933242797852,1,0.7432803909590715
191,0.9999951124191284,0,0.7432803909590715
191,0.9999974966049194,0,0.7432803909590715
191,0.9999884366989136,0,0.7432206507560449
191,0.999999,0,0.7432803909590715
191,0.9999980926513672,0,0.7432803909590715
191,0.9999988079071045,0,0.7432803909590715
191,0.999993085861206,0,0.7432803909590715
191,0.9999969005584717,0,0.7432803909590715
192,0.999975323677063,1,0.7427654518087182
192,0.9999947547912598,1,0.7432803909590715
192,0.9999979734420776,1,0.7432803909590715
192,0.9999583959579468,1,0.742177831349442
192,0.9999830722808838,1,0.7430344330048658
192,0.9999897480010986,1,0.7432661706507776
192,0.9999816417694092,1,0.7429847749378847
192,0.9999959468841553,1,0.7432803909590715
192,0.9999947547912598,1,0.7432803909590715
192,0.999998927116394,1,0.7432803909590715
192,0.9999903440475464,1,0.7432803909590715
192,0.999988317489624,1,0.7432165125837965
192,0.999998927116394,1,0.7432803909590715
192,0.9999982118606567,1,0.7432803909590715
192,0.9999926090240479,1,0.7432803909590715
192,0.9999988079071045,1,0.7432803909590715
192,0.9999955892562866,1,0.7432803909590715
192,0.9999986886978149,1,0.7432803909590715
192,0.9999974966049194,1,0.7432803909590715
192,0.9999985694885254,1,0.7432803909590715
192,0.9999986886978149,1,0.7432803909590715
192,0.999996542930603,1,0.7432803909590715
192,0.9998900890350342,1,0.7398066586510951
192,0.999999,1,0.7432803909590715
192,0.999985933303833,1,0.743133749138828
192,0.999992847442627,1,0.7432803909590715
192,0.9999978542327881,1,0.7432803909590715
192,0.999999,1,0.7432803909590715
192,0.999999,1,0.7432803909590715
192,0.9997902512550354,1,0.7363409393930398
192,0.9999843835830688,1,0.7430799528995985
192,0.9999948740005493,1,0.7432803909590715
192,0.9999984502792358,1,0.7432803909590715
192,0.9999895095825195,1,0.7432578943062808
192,0.999999,1,0.7432803909590715
192,0.999983549118042,1,0.7430509856938595
192,0.9999982118606567,1,0.7432803909590715
192,0.9999822378158569,1,0.7430054657991269
192,0.9999979734420776,1,0.7432803909590715
192,0.9999887943267822,1,0.7432330652727902
192,0.999984622001648,1,0.7430882292440953
192,0.9999948740005493,1,0.7432803909590715
192,0.999833345413208,1,0.7378368886608452
192,0.9999934434890747,1,0.7432803909590715
192,0.9999375343322754,1,0.7414536512059678
192,0.999967098236084,1,0.742479917923577
192,0.999999,1,0.7432803909590715
192,0.9999985694885254,1,0.7432803909590715
192,0.999999,1,0.7432803909590715
192,0.9999805688858032,1,0.7429475313876489
192,0.9999984502792358,1,0.7432803909590715
192,0.9999922513961792,1,0.7432803909590715
192,0.9999980926513672,1,0.7432803909590715
192,0.9970083832740784,1,0.6397725518038151
192,0.999999,1,0.7432803909590715
192,0.9990886449813843,1,0.7119857266249398
192,0.9999916553497314,1,0.7432803909590715
192,0.9999501705169678,1,0.7418922974643007
192,0.9999955892562866,1,0.7432803909590715
192,0.9999986886978149,1,0.7432803909590715
192,0.9999949932098389,1,0.7432803909590715
192,0.999999,1,0.7432803909590715
192,0.999996542930603,1,0.7432803909590715
192,0.9999781847000122,1,0.7428647679426804
192,0.999999,1,0.7432803909590715
192,0.9999951124191284,1,0.7432803909590715
192,0.9999978542327881,1,0.7432803909590715
192,0.9998639822006226,1,0.7389003989286902
192,0.9999964237213135,1,0.7432803909590715
192,0.9999972581863403,1,0.7432803909590715
193,0.999999,1,0.7432803909590715
193,0.9999910593032837,1,0.7432803909590715
193,0.9999963045120239,1,0.7432803909590715
193,0.9999970197677612,1,0.7432803909590715
193,0.9995222091674805,1,0.7270362590924583
193,0.9999959468841553,1,0.7432803909590715
193,0.9999862909317017,1,0.7431461636555733
193,0.999999,1,0.7432803909590715
193,0.9999961853027344,1,0.7432803909590715
193,0.999985933303833,1,0.743133749138828
193,0.9998763799667358,1,0.7393307688425262
193,0.9999983310699463,1,0.7432803909590715
193,0.9999831914901733,1,0.7430385711771142
193,0.9999816417694092,1,0.7429847749378847
193,0.9960097074508667,1,0.6051050137926421
193,0.9993892908096313,1,0.7224221970354654
193,0.9999971389770508,1,0.7432803909590715
193,0.9999985694885254,1,0.7432803909590715
193,0.9999955892562866,1,0.7432803909590715
193,0.9999979734420776,1,0.7432803909590715
193,0.9999964237213135,1,0.7432803909590715
193,0.9999946355819702,1,0.7432803909590715
193,0.9999963045120239,1,0.7432803909590715
193,0.9999986886978149,1,0.7432803909590715
193,0.999997615814209,1,0.7432803909590715
193,0.999997615814209,1,0.7432803909590715
193,0.9999910593032837,1,0.7432803909590715
193,0.9999985694885254,1,0.7432803909590715
193,0.9999912977218628,1,0.7432803909590715
193,0.9999971389770508,1,0.7432803909590715
193,0.9999873638153076,1,0.7431834072058091
193,0.999999,1,0.7432803909590715
193,0.999999,1,0.7432803909590715
193,0.9999966621398926,1,0.7432803909590715
193,0.9999972581863403,1,0.7432803909590715
193,0.999999,1,0.7432803909590715
193,0.9999974966049194,1,0.7432803909590715
193,0.9999986886978149,1,0.7432803909590715
193,0.9999985694885254,1,0.7432803909590715
193,0.9999872446060181,1,0.7431792690335607
193,0.9999982118606567,1,0.7432803909590715
193,0.9999827146530151,1,0.7430220184881206
193,0.9999970197677612,1,0.7432803909590715
193,0.9999983310699463,1,0.7432803909590715
193,0.999998927116394,1,0.7432803909590715
193,0.9999986886978149,1,0.7432803909590715
193,0.9999945163726807,1,0.7432803909590715
193,0.9999984502792358,1,0.7432803909590715
193,0.999950647354126,1,0.7419088501532944
193,0.9927088022232056,1,0.5806262840662412
193,0.9999861717224121,1,0.7431420254833249
193,0.999997615814209,1,0.7432803909590715
193,0.9320778250694275,1,0.5110235552899233
193,0.9993793964385986,1,0.7220787287388462
193,0.9999715089797974,1,0.7426330302967686
193,0.9999980926513672,1,0.7432803909590715
193,0.9999926090240479,1,0.7432803909590715
193,0.999998927116394,1,0.7432803909590715
193,0.9999959468841553,1,0.7432803909590715
193,0.9999934434890747,1,0.7432803909590715
193,0.999999,1,0.7432803909590715
193,0.9989390969276428,1,0.7067943895392917
193,0.9999979734420776,1,0.7432803909590715
193,0.9999980926513672,1,0.7432803909590715
193,0.9999978542327881,1,0.7432803909590715
193,0.9999966621398926,1,0.7432803909590715
194,0.9999955892562866,1,0.7432803909590715
194,0.9999973773956299,1,0.7432803909590715
194,0.9999499320983887,1,0.7418840211198039
194,0.9999728202819824,1,0.7426785501915013
194,0.999998927116394,1,0.7432803909590715
194,0.9999943971633911,1,0.7432803909590715
194,0.9999959468841553,1,0.7432803909590715
194,0.9999926090240479,1,0.7432803909590715
194,0.9999958276748657,1,0.7432803909590715
194,0.9999858140945435,1,0.7431296109665796
194,0.999999,1,0.7432803909590715
194,0.9999845027923584,1,0.7430840910718469
194,0.9999849796295166,1,0.7431006437608406
194,0.9999898672103882,1,0.743270308823026
194,0.999999,1,0.7432803909590715
194,0.999999,1,0.7432803909590715
194,0.9999833106994629,1,0.7430427093493627
194,0.9999953508377075,1,0.7432803909590715
194,0.9999980926513672,1,0.7432803909590715
194,0.999991774559021,1,0.7432803909590715
194,0.9999979734420776,1,0.7432803909590715
194,0.9999959468841553,1,0.7432803909590715
194,0.9999985694885254,1,0.7432803909590715
194,0.999954342842102,1,0.7420371334929956
194,0.9999979734420776,1,0.7432803909590715
194,0.9999973773956299,1,0.7432803909590715
194,0.9999761581420898,1,0.7427944190144572
194,0.9999953508377075,1,0.7432803909590715
194,0.9999297857284546,1,0.7411846700098202
194,0.9999954700469971,1,0.7432803909590715
195,0.9999924898147583,1,0.7432803909590715
195,0.9999659061431885,1,0.7424385362010928
195,0.9999986886978149,1,0.7432803909590715
195,0.999981164932251,1,0.742968222248891
195,0.9999945163726807,1,0.7432803909590715
195,0.999999,1,0.7432803909590715
195,0.999998927116394,1,0.7432803909590715
195,0.9999970197677612,1,0.7432803909590715
195,0.9999969005584717,1,0.7432803909590715
195,0.999997615814209,1,0.7432803909590715
195,0.999997615814209,1,0.7432803909590715
195,0.9999982118606567,1,0.7432803909590715
195,0.9999978542327881,1,0.7432803909590715
195,0.999999,1,0.7432803909590715
195,0.9999967813491821,1,0.7432803909590715
195,0.999999,1,0.7432803909590715
195,0.9999898672103882,1,0.743270308823026
195,0.9999748468399048,1,0.7427488991197245
195,0.9999986886978149,1,0.7432803909590715
195,0.9999970197677612,1,0.7432803909590715
195,0.9999967813491821,1,0.7432803909590715
195,0.9999566078186035,1,0.7421157587657157
195,0.9999988079071045,1,0.7432803909590715
195,0.9999982118606567,1,0.7432803909590715
195,0.9999973773956299,1,0.7432803909590715
195,0.9999951124191284,1,0.7432803909590715
195,0.9999948740005493,1,0.7432803909590715
195,0.9999902248382568,1,0.7432803909590715
195,0.9999977350234985,1,0.7432803909590715
195,0.9999966621398926,1,0.7432803909590715
195,0.9999971389770508,1,0.7432803909590715
195,0.9999974966049194,1,0.7432803909590715
195,0.9999902248382568,1,0.7432803909590715
195,0.9999945163726807,1,0.7432803909590715
195,0.9999945163726807,1,0.7432803909590715
195,0.9999953508377075,1,0.7432803909590715
195,0.9999986886978149,1,0.7432803909590715
195,0.9999979734420776,1,0.7432803909590715
195,0.999999,1,0.7432803909590715
195,0.9999964237213135,1,0.7432803909590715
195,0.9999984502792358,1,0.7432803909590715
195,0.999999,1,0.7432803909590715
195,0.9999972581863403,1,0.7432803909590715
195,0.9999834299087524,1,0.7430468475216111
195,0.9999967813491821,1,0.7432803909590715
195,0.999999,1,0.7432803909590715
195,0.999999,1,0.7432803909590715
195,0.9999985694885254,1,0.7432803909590715
195,0.999998927116394,1,0.7432803909590715
195,0.999999,1,0.7432803909590715
195,0.9999977350234985,1,0.7432803909590715
195,0.999999,1,0.7432803909590715
195,0.9999961853027344,1,0.7432803909590715
195,0.9999988079071045,1,0.7432803909590715
195,0.999995231628418,1,0.7432803909590715
195,0.999985933303833,1,0.743133749138828
195,0.9999988079071045,1,0.7432803909590715
195,0.9999980926513672,1,0.7432803909590715
195,0.9999963045120239,1,0.7432803909590715
195,0.9999951124191284,1,0.7432803909590715
195,0.9999959468841553,1,0.7432803909590715
196,0.999922513961792,1,0.7409322415026663
196,0.9999985694885254,1,0.7432803909590715
196,0.9999985694885254,1,0.7432803909590715
196,0.9999957084655762,1,0.7432803909590715
196,0.9999938011169434,1,0.7432803909590715
196,0.9999599456787109,1,0.7422316275886716
196,0.9999722242355347,1,0.7426578593302592
196,0.9999473094940186,1,0.7417929813303386
196,0.999999,1,0.7432803909590715
196,0.9999867677688599,1,0.743162716344567
196,0.9999986886978149,1,0.7432803909590715
196,0.9999954700469971,1,0.7432803909590715
196,0.9999955892562866,1,0.7432803909590715
196,0.9999935626983643,1,0.7432803909590715
196,0.9999959468841553,1,0.7432803909590715
196,0.999999,1,0.7432803909590715
196,0.9999979734420776,1,0.7432803909590715
196,0.9999911785125732,1,0.7432803909590715
196,0.9999957084655762,1,0.7432803909590715
196,0.9999986886978149,1,0.7432803909590715
196,0.9999986886978149,1,0.7432803909590715
196,0.9999982118606567,1,0.7432803909590715
196,0.999998927116394,1,0.7432803909590715
196,0.9999988079071045,1,0.7432803909590715
196,0.9999769926071167,1,0.7428233862201962
196,0.9999986886978149,1,0.7432803909590715
196,0.9999967813491821,1,0.7432803909590715
196,0.9999974966049194,1,0.7432803909590715
196,0.9999923706054688,1,0.7432803909590715
196,0.999996542930603,1,0.7432803909590715
196,0.9999983310699463,1,0.7432803909590715
196,0.9999802112579346,1,0.7429351168709036
196,0.9999961853027344,1,0.7432803909590715
196,0.9999955892562866,1,0.7432803909590715
196,0.9999980926513672,1,0.7432803909590715
196,0.9999971389770508,1,0.7432803909590715
196,0.999999,1,0.7432803909590715
196,0.9999877214431763,1,0.7431958217225544
196,0.9999922513961792,1,0.7432803909590715
196,0.9999985694885254,1,0.7432803909590715
196,0.999999,1,0.7432803909590715
196,0.9999940395355225,1,0.7432803909590715
196,0.9999974966049194,1,0.7432803909590715
196,0.999999,1,0.7432803909590715
196,0.9999979734420776,1,0.7432803909590715
196,0.999999,1,0.7432803909590715
196,0.999999,1,0.7432803909590715
196,0.999993085861206,1,0.7432803909590715
196,0.9999980926513672,1,0.7432803909590715
196,0.9999967813491821,1,0.7432803909590715
196,0.9999982118606567,1,0.7432803909590715
196,0.999999,1,0.7432803909590715
196,0.9999964237213135,1,0.7432803909590715
196,0.9999898672103882,1,0.743270308823026
196,0.999999,1,0.7432803909590715
196,0.9999854564666748,1,0.7431171964498343
196,0.9999988079071045,1,0.7432803909590715
196,0.999999,1,0.7432803909590715
196,0.999998927116394,1,0.7432803909590715
196,0.9999902248382568,1,0.7432803909590715
197,0.999999,1,0.7432803909590715
197,0.9970177412033081,1,0.6400973983253163
197,0.9239892959594727,0,0.5077975124137897
197,0.9997331500053406,0,0.7343587548860447
197,0.9999845027923584,0,0.7430840910718469
197,0.9999849796295166,0,0.7431006437608406
197,0.999994158744812,0,0.7432803909590715
197,0.999999,0,0.7432803909590715
197,0.7248362898826599,0,0.22459893048128343
197,0.9999983310699463,0,0.7432803909590715
198,0.9999933242797852,1,0.7432803909590715
198,0.999997615814209,1,0.7432803909590715
198,0.999995231628418,1,0.7432803909590715
198,0.9999964237213135,1,0.7432803909590715
198,0.9999985694885254,1,0.7432803909590715
198,0.9999958276748657,1,0.7432803909590715
198,0.9999895095825195,1,0.7432578943062808
198,0.9999971389770508,1,0.7432803909590715
198,0.9999934434890747,1,0.7432803909590715
198,0.9999889135360718,1,0.7432372034450386
198,0.9999780654907227,1,0.742860629770432
198,0.999995231628418,1,0.7432803909590715
198,0.999940037727356,1,0.7415405528231848
198,0.9999510049819946,1,0.7419212646700397
198,0.9999457597732544,1,0.741739185091109
198,0.9998617172241211,1,0.7388217736559701
198,0.9999982118606567,1,0.7432803909590715
198,0.9999977350234985,1,0.7432803909590715
198,0.9999983310699463,1,0.7432803909590715
198,0.9999982118606567,1,0.7432803909590715
198,0.9999988079071045,1,0.7432803909590715
198,0.9999557733535767,1,0.7420867915599767
198,0.9999939203262329,1,0.7432803909590715
198,0.999997615814209,1,0.7432803909590715
198,0.9999988079071045,1,0.7432803909590715
198,0.999999,1,0.7432803909590715
198,0.9999984502792358,1,0.7432803909590715
198,0.9999970197677612,1,0.7432803909590715
198,0.999988317489624,1,0.7432165125837965
198,0.9999895095825195,1,0.7432578943062808
198,0.999999,1,0.7432803909590715
198,0.9999985694885254,1,0.7432803909590715
198,0.999999,1,0.7432803909590715
198,0.9999972581863403,1,0.7432803909590715
198,0.9999933242797852,1,0.7432803909590715
198,0.9999887943267822,1,0.7432330652727902
198,0.9999982118606567,1,0.7432803909590715
198,0.9999955892562866,1,0.7432803909590715
198,0.9999986886978149,1,0.7432803909590715
198,0.9999903440475464,1,0.7432803909590715
198,0.999999,1,0.7432803909590715
198,0.9999985694885254,1,0.7432803909590715
198,0.9999986886978149,1,0.7432803909590715
198,0.9999778270721436,1,0.7428523534259351
198,0.9999834299087524,1,0.7430468475216111
198,0.999999,1,0.7432803909590715
198,0.9999955892562866,1,0.7432803909590715
198,0.9999915361404419,1,0.7432803909590715
198,0.9999936819076538,1,0.7432803909590715
198,0.9999940395355225,1,0.7432803909590715
198,0.9999955892562866,1,0.7432803909590715
198,0.9999974966049194,1,0.7432803909590715
198,0.999985933303833,1,0.743133749138828
198,0.999999,1,0.7432803909590715
198,0.9999974966049194,1,0.7432803909590715
198,0.9999181032180786,1,0.7407791291294747
198,0.9999939203262329,1,0.7432803909590715
198,0.9999977350234985,1,0.7432803909590715
198,0.9999957084655762,1,0.7432803909590715
198,0.9999778270721436,1,0.7428523534259351
198,0.9999958276748657,1,0.7432803909590715
198,0.9999908208847046,1,0.7432803909590715
198,0.9999978542327881,1,0.7432803909590715
198,0.9999974966049194,1,0.7432803909590715
198,0.9999679327011108,1,0.742508885129316
198,0.9999978542327881,1,0.7432803909590715
198,0.9999984502792358,1,0.7432803909590715
198,0.9999951124191284,1,0.7432803909590715
198,0.9999536275863647,1,0.7420123044595051
198,0.9999829530715942,1,0.7430302948326174
199,0.9999926090240479,1,0.7432803909590715
199,0.9999901056289673,1,0.7432785851675229
199,0.9999171495437622,1,0.7407460237514873
199,0.999932050704956,1,0.7412632952825403
199,0.9999078512191772,1,0.7404232463161102
199,0.9842057228088379,1,0.5708418306665936
199,0.9999970197677612,1,0.7432803909590715
199,0.9999508857727051,1,0.7419171264977913
199,0.9997424483299255,1,0.7346815323214217
199,0.9999980926513672,0,0.7432803909590715
199,0.9999984502792358,0,0.7432803909590715
199,0.999999,0,0.7432803909590715
199,0.9999984502792358,0,0.7432803909590715
199,0.9999979734420776,0,0.7432803909590715
199,0.9999980926513672,0,0.7432803909590715
199,0.835622251033783,0,0.3812830538361289
199,0.988077700138092,0,0.5752972967273438
199,0.9999935626983643,0,0.7432803909590715
199,0.999999,0,0.7432803909590715
199,0.9999971389770508,0,0.7432803909590715
199,0.9999984502792358,0,0.7432803909590715
199,0.9999467134475708,0,0.7417722904690964
199,0.9999819993972778,0,0.74299718945463
199,0.999998927116394,0,0.7432803909590715
199,0.9999980926513672,0,0.7432803909590715
199,0.9999784231185913,0,0.7428730442871773
199,0.999999,0,0.7432803909590715
199,0.999999,0,0.7432803909590715
199,0.9999887943267822,0,0.7432330652727902
199,0.9999972581863403,0,0.7432803909590715
199,0.9999833106994629,0,0.7430427093493627
199,0.9999864101409912,0,0.7431503018278217
199,0.9999966621398926,0,0.7432803909590715
199,0.9999954700469971,0,0.7432803909590715
199,0.9999954700469971,0,0.7432803909590715
199,0.999999,0,0.7432803909590715
199,0.999996542930603,0,0.7432803909590715
199,0.930930495262146,0,0.5105659522942438
199,0.999999,0,0.7432803909590715
199,0.9999979734420776,0,0.7432803909590715
199,0.9999949932098389,0,0.7432803909590715
199,0.999998927116394,0,0.7432803909590715
199,0.9999979734420776,0,0.7432803909590715
199,0.999997615814209,0,0.7432803909590715
199,0.9999724626541138,0,0.742666135674756
199,0.9999322891235352,1,0.7412715716270372
199,0.9999979734420776,1,0.7432803909590715
199,0.999999,1,0.7432803909590715
199,0.999999,1,0.7432803909590715
199,0.999999,1,0.7432803909590715
199,0.5577205419540405,1,0.22459893048128343
199,0.9999009370803833,1,0.7401832323257016
199,0.9999982118606567,1,0.7432803909590715
199,0.9999918937683105,1,0.7432803909590715
199,0.999999,1,0.7432803909590715
199,0.9999960660934448,1,0.7432803909590715
199,0.9999959468841553,1,0.7432803909590715
199,0.999995231628418,1,0.7432803909590715
199,0.999999,1,0.7432803909590715
199,0.998872697353363,1,0.7044894275969196
199,0.9999955892562866,1,0.7432803909590715
199,0.9999986886978149,1,0.7432803909590715
199,0.9999963045120239,1,0.7432803909590715
200,0.999815046787262,1,0.737201679220712
200,0.9999939203262329,1,0.7432803909590715
200,0.9999874830245972,1,0.7431875453780575
200,0.9997534155845642,1,0.7350622441682768
200,0.999943733215332,1,0.7416688361628859
200,0.9999977350234985,1,0.7432803909590715
200,0.9999971389770508,1,0.7432803909590715
200,0.9999878406524658,1,0.7431999598948028
200,0.9999942779541016,1,0.7432803909590715
200,0.9999936819076538,1,0.7432803909590715
200,0.9999905824661255,1,0.7432803909590715
200,0.9999964237213135,1,0.7432803909590715
200,0.9999957084655762,1,0.7432803909590715
200,0.9999985694885254,1,0.7432803909590715
200,0.9999815225601196,1,0.7429806367656363
200,0.9998937845230103,0,0.7399349419907961
200,0.9999986886978149,0,0.7432803909590715
200,0.9999966621398926,0,0.7432803909590715
200,0.9913946986198425,0,0.5791141512443733
200,0.9999977350234985,0,0.7432803909590715
200,0.9999986886978149,0,0.7432803909590715
200,0.999997615814209,0,0.7432803909590715
200,0.9999977350234985,0,0.7432803909590715
200,0.9999717473983765,0,0.7426413066412655
200,0.9998877048492432,0,0.7397238952061266
200,0.9999988079071045,0,0.7432803909590715
200,0.8864442110061646,0,0.46966279467812866
200,0.9972533583641052,0,0.6482764957743266
200,0.9986900687217712,0,0.6981497477123338
200,0.9999984502792358,0,0.7432803909590715
201,0.9999988079071045,1,0.7432803909590715
201,0.9999908208847046,1,0.7432803909590715
201,0.9999823570251465,1,0.7430096039713753
201,0.9999986886978149,1,0.7432803909590715
201,0.9999959468841553,1,0.7432803909590715
201,0.9999979734420776,1,0.7432803909590715
201,0.9999732971191406,1,0.742695102880495
201,0.9999983310699463,1,0.7432803909590715
201,0.999992847442627,1,0.7432803909590715
201,0.9999898672103882,1,0.743270308823026
201,0.9999970197677612,1,0.7432803909590715
201,0.8741710186004639,1,0.4489714508389767
201,0.9999948740005493,1,0.7432803909590715
201,0.999999,1,0.7432803909590715
201,0.9997499585151672,0,0.7349422371730725
201,0.9835571050643921,0,0.5700954692855636
201,0.9998745918273926,0,0.7392686962587999
201,0.9999923706054688,0,0.7432803909590715
201,0.999999,0,0.7432803909590715
201,0.9999988079071045,0,0.7432803909590715
201,0.9999818801879883,0,0.7429930512823816
201,0.9979719519615173,0,0.673221398087827
201,0.9999849796295166,0,0.7431006437608406
201,0.9999982118606567,0,0.7432803909590715
201,0.9991607666015625,0,0.7144893208352364
201,0.9999806880950928,0,0.7429516695598973
201,0.9999792575836182,0,0.7429020114929162
201,0.9999985694885254,0,0.7432803909590715
201,0.999990701675415,0,0.7432803909590715
201,0.9999969005584717,0,0.7432803909590715
201,0.8994879126548767,0,0.4916531380889805
201,0.9978450536727905,0,0.6688163137293796
201,0.9999778270721436,0,0.7428523534259351
201,0.9999985694885254,0,0.7432803909590715
201,0.9999347925186157,0,0.7413584732442541
201,0.9999980926513672,0,0.7432803909590715
201,0.9999915361404419,0,0.7432803909590715
201,0.9999945163726807,0,0.7432803909590715
201,0.9999972581863403,0,0.7432803909590715
201,0.999999,0,0.7432803909590715
201,0.9996780157089233,0,0.7324448502211486
201,0.9999984502792358,0,0.7432803909590715
201,0.9999815225601196,0,0.7429806367656363
201,0.999999,0,0.7432803909590715
201,0.9999842643737793,0,0.7430758147273501
201,0.9999986886978149,0,0.7432803909590715
201,0.9999305009841919,0,0.7412094990433108
201,0.9999481439590454,0,0.7418219485360775
201,0.9999607801437378,0,0.7422605947944105
201,0.8913369178771973,0,0.47791139673912925
201,0.9997454285621643,0,0.7347849866276324
201,0.9995967745780945,0,0.7296246858338475
201,0.999702513217926,0,0.7332952446181997
201,0.9922125935554504,0,0.5800552990913217
201,0.9999967813491821,0,0.7432803909590715
201,0.9999788999557495,0,0.742889596976171
201,0.9999932050704956,0,0.7432803909590715
201,0.999699592590332,0,0.7331938593981133
201,0.999998927116394,0,0.7432803909590715
201,0.8789275884628296,1,0.45699053986356025
201,0.9965962767601013,1,0.6254668903410129
202,0.9999779462814331,1,0.7428564915981836
202,0.9999750852584839,1,0.7427571754642214
202,0.9998953342437744,1,0.7399887382300256
203,0.9999822378158569,0,0.7430054657991269
203,0.9999988079071045,1,0.7432803909590715
203,0.999999,1,0.7432803909590715
203,0.999998927116394,1,0.7432803909590715
203,0.9999972581863403,1,0.7432803909590715
203,0.9999980926513672,1,0.7432803909590715
203,0.9999979734420776,1,0.7432803909590715
203,0.9999983310699463,1,0.7432803909590715
203,0.9999953508377075,1,0.7432803909590715
203,0.9999963045120239,1,0.7432803909590715
203,0.9999988079071045,1,0.7432803909590715
203,0.9999980926513672,1,0.7432803909590715
203,0.999997615814209,1,0.7432803909590715
203,0.999998927116394,1,0.7432803909590715
203,0.9999984502792358,1,0.7432803909590715
203,0.9999961853027344,1,0.7432803909590715
203,0.9984644651412964,1,0.6903182567321913
203,0.9999915361404419,1,0.7432803909590715
203,0.9999979734420776,1,0.7432803909590715
203,0.9999986886978149,1,0.7432803909590715
203,0.999999,1,0.7432803909590715
203,0.9999986886978149,1,0.7432803909590715
203,0.9999986886978149,1,0.7432803909590715
203,0.999729573726654,1,0.734234609718592
203,0.9966004490852356,1,0.6256117263697077
203,0.999990701675415,1,0.7432803909590715
203,0.9999985694885254,1,0.7432803909590715
203,0.9999979734420776,1,0.7432803909590715
203,0.9999963045120239,1,0.7432803909590715
203,0.9999929666519165,1,0.7432803909590715
203,0.9999958276748657,1,0.7432803909590715
203,0.9998779296875,1,0.7393845650817558
203,0.999999,1,0.7432803909590715
203,0.9999970197677612,1,0.7432803909590715
203,0.9999959468841553,1,0.7432803909590715
203,0.9999988079071045,1,0.7432803909590715
203,0.999999,1,0.7432803909590715
203,0.9999984502792358,1,0.7432803909590715
203,0.999997615814209,1,0.7432803909590715
203,0.999999,1,0.7432803909590715
203,0.9999964237213135,1,0.7432803909590715
203,0.9999958276748657,1,0.7432803909590715
203,0.999990701675415,1,0.7432803909590715
203,0.999999,1,0.7432803909590715
203,0.9997431635856628,0,0.7347063613549123
203,0.9999985694885254,1,0.7432803909590715
203,0.999999,1,0.7432803909590715
203,0.999999,1,0.7432803909590715
203,0.5754426121711731,0,0.22459893048128343
203,0.7579677104949951,0,0.23726663818280241
203,0.9999977350234985,1,0.7432803909590715
203,0.992767333984375,1,0.5806936362879074
203,0.9999951124191284,1,0.7432803909590715
203,0.999016284942627,1,0.7094738560701463
203,0.9999934434890747,1,0.7432803909590715
203,0.9999281167984009,1,0.7411267355983423
203,0.9999873638153076,1,0.7431834072058091
203,0.9999980926513672,1,0.7432803909590715
203,0.9999985694885254,1,0.7432803909590715
203,0.999999,1,0.7432803909590715
203,0.9999954700469971,1,0.7432803909590715
203,0.9999977350234985,1,0.7432803909590715
203,0.9999964237213135,1,0.7432803909590715
203,0.9999963045120239,1,0.7432803909590715
203,0.9999963045120239,1,0.7432803909590715
203,0.9999749660491943,1,0.742753037291973
203,0.9999985694885254,1,0.7432803909590715
203,0.999999,1,0.7432803909590715
203,0.9999970197677612,1,0.7432803909590715
203,0.9999979734420776,1,0.7432803909590715
203,0.9999946355819702,1,0.7432803909590715
203,0.9965490102767944,1,0.6238261050445127
204,0.9996877908706665,1,0.7327841803455193
204,0.9860894680023193,1,0.5730094473809907
204,0.9999986886978149,1,0.7432803909590715
204,0.9999988079071045,1,0.7432803909590715
204,0.9999983310699463,1,0.7432803909590715
204,0.9998061060905457,1,0.7368913163020803
204,0.999999,1,0.7432803909590715
204,0.9999772310256958,1,0.742831662564693
204,0.9999973773956299,1,0.7432803909590715
204,0.9996799230575562,1,0.7325110609771234
204,0.999984622001648,1,0.7430882292440953
204,0.9999818801879883,1,0.7429930512823816
204,0.9999971389770508,1,0.7432803909590715
204,0.999999,1,0.7432803909590715
204,0.9994756579399109,1,0.7254203028294487
204,0.9999881982803345,1,0.7432123744115481
204,0.9998862743377686,1,0.7396742371391455
204,0.9999954700469971,1,0.7432803909590715
204,0.999999,1,0.7432803909590715
204,0.999983549118042,1,0.7430509856938595
204,0.999999,1,0.7432803909590715
204,0.9999898672103882,1,0.743270308823026
204,0.9999988079071045,1,0.7432803909590715
204,0.9999924898147583,1,0.7432803909590715
204,0.9999970197677612,1,0.7432803909590715
204,0.9999951124191284,1,0.7432803909590715
204,0.9999984502792358,1,0.7432803909590715
204,0.9999880790710449,1,0.7432082362392997
204,0.999999,1,0.7432803909590715
204,0.9999969005584717,1,0.7432803909590715
204,0.9999988079071045,1,0.7432803909590715
204,0.999997615814209,1,0.7432803909590715
204,0.9999935626983643,1,0.7432803909590715
204,0.9999922513961792,1,0.7432803909590715
204,0.9999979734420776,1,0.7432803909590715
204,0.999999,1,0.7432803909590715
204,0.9999696016311646,1,0.742566819540794
204,0.9999927282333374,1,0.7432803909590715
204,0.9997233748435974,1,0.7340194247616739
204,0.9999978542327881,1,0.7432803909590715
204,0.9999781847000122,1,0.7428647679426804
204,0.9999970197677612,1,0.7432803909590715
204,0.9999945163726807,1,0.7432803909590715
204,0.9999974966049194,1,0.7432803909590715
204,0.9999985694885254,1,0.7432803909590715
204,0.9999983310699463,1,0.7432803909590715
204,0.999998927116394,1,0.7432803909590715
204,0.9999974966049194,1,0.7432803909590715
204,0.999999,1,0.7432803909590715
204,0.9999716281890869,1,0.7426371684690171
204,0.9999977350234985,1,0.7432803909590715
204,0.999992847442627,1,0.7432803909590715
204,0.999999,1,0.7432803909590715
204,0.999999,1,0.7432803909590715
204,0.9999940395355225,1,0.7432803909590715
204,0.9999927282333374,1,0.7432803909590715
204,0.999998927116394,1,0.7432803909590715
204,0.9999817609786987,1,0.7429889131101332
204,0.999999,1,0.7432803909590715
204,0.999999,1,0.7432803909590715
204,0.9999973773956299,1,0.7432803909590715
204,0.9999969005584717,1,0.7432803909590715
204,0.9999958276748657,1,0.7432803909590715
204,0.9999655485153198,1,0.7424261216843475
204,0.9999969005584717,1,0.7432803909590715
204,0.9999984502792358,1,0.7432803909590715
204,0.9999960660934448,1,0.7432803909590715
204,0.9999971389770508,1,0.7432803909590715
204,0.9999983310699463,1,0.7432803909590715
204,0.999999,1,0.7432803909590715
204,0.9595956802368164,1,0.542523170687667
204,0.9994383454322815,1,0.7241250549156919
204,0.999999,1,0.7432803909590715
204,0.999999,1,0.7432803909590715
205,0.9997355341911316,1,0.7344415183310132
205,0.9999927282333374,1,0.7432803909590715
205,0.999875545501709,1,0.7393018016367873
205,0.9999908208847046,1,0.7432803909590715
205,0.9999957084655762,1,0.7432803909590715
205,0.9848716855049133,0,0.5716081508017017
205,0.9999735355377197,1,0.7427033792249919
205,0.9999982118606567,1,0.7432803909590715
205,0.9999340772628784,1,0.7413336442107635
205,0.9998694658279419,1,0.7390907548521176
205,0.9979692101478577,1,0.6731262201261133
205,0.9795518517494202,0,0.5654866431762945
205,0.9999953508377075,0,0.7432803909590715
205,0.9812766313552856,0,0.567471338938366
205,0.999998927116394,0,0.7432803909590715
205,0.9997745156288147,0,0.7357947006562479
205,0.999999,0,0.7432803909590715
205,0.9999924898147583,0,0.7432803909590715
205,0.9999961853027344,0,0.7432803909590715
205,0.9999983310699463,0,0.7432803909590715
205,0.9999743700027466,0,0.7427323464307308
205,0.999972939491272,0,0.7426826883637497
205,0.9999525547027588,0,0.7419750609092692
205,0.9999959468841553,0,0.7432803909590715
205,0.9999971389770508,1,0.7432803909590715
205,0.999999,0,0.7432803909590715
205,0.9999946355819702,0,0.7432803909590715
205,0.9999887943267822,0,0.7432330652727902
205,0.999994158744812,0,0.7432803909590715
205,0.9998681545257568,0,0.7390452349573849
205,0.999997615814209,0,0.7432803909590715
205,0.9999942779541016,0,0.7432803909590715
205,0.999997615814209,0,0.7432803909590715
205,0.9999948740005493,0,0.7432803909590715
205,0.4842163324356079,0,0.22459893048128343
205,8.006400094018318e-06,0,0.22459893048128343
205,0.999996542930603,0,0.7432803909590715
205,0.9999959468841553,0,0.7432803909590715
205,0.999993085861206,0,0.7432803909590715
205,0.9999773502349854,0,0.7428358007369414
205,0.9989025592803955,0,0.7055260397451498
205,0.9996702671051025,0,0.732175869025001
206,0.9999980926513672,1,0.7432803909590715
206,0.9999977350234985,1,0.7432803909590715
206,0.9999940395355225,1,0.7432803909590715
206,0.9999748468399048,1,0.7427488991197245
206,0.9999973773956299,1,0.7432803909590715
206,0.9696799516677856,1,0.5541270942872742
206,0.9999982118606567,1,0.7432803909590715
206,0.9999730587005615,1,0.7426868265359982
206,0.9999854564666748,1,0.7431171964498343
206,0.9999961853027344,1,0.7432803909590715
206,0.9999634027481079,1,0.7423516345838759
206,0.9999970197677612,1,0.7432803909590715
206,0.999997615814209,1,0.7432803909590715
206,0.9999958276748657,1,0.7432803909590715
206,0.9999550580978394,1,0.7420619625264862
206,0.9999815225601196,1,0.7429806367656363
206,0.9999873638153076,1,0.7431834072058091
206,0.9999985694885254,1,0.7432803909590715
206,0.9999971389770508,1,0.7432803909590715
206,0.9999890327453613,1,0.743241341617287
206,0.9995644688606262,1,0.7285032411545246
206,0.9999988079071045,1,0.7432803909590715
206,0.9999902248382568,1,0.7432803909590715
206,0.9998249411582947,1,0.7375451475173312
206,0.9999978542327881,1,0.7432803909590715
206,0.9999985694885254,1,0.7432803909590715
206,0.999999,1,0.7432803909590715
206,0.9999953508377075,1,0.7432803909590715
206,0.9999986886978149,1,0.7432803909590715
206,0.999999,1,0.7432803909590715
206,0.9999831914901733,1,0.7430385711771142
206,0.8089668154716492,1,0.3318484649414942
206,0.999998927116394,1,0.7432803909590715
206,0.9996771812438965,1,0.7324158830154096
206,0.9999904632568359,1,0.7432803909590715
206,0.9999971389770508,1,0.7432803909590715
206,0.9999790191650391,1,0.7428937351484194
206,0.9999247789382935,1,0.7410108667753864
206,0.9999974966049194,1,0.7432803909590715
206,0.9999854564666748,1,0.7431171964498343
206,0.9999910593032837,1,0.7432803909590715
206,0.9999908208847046,1,0.7432803909590715
207,0.9999942779541016,1,0.7432803909590715
207,0.9999774694442749,1,0.7428399389091899
207,0.9999783039093018,1,0.7428689061149288
207,0.9999532699584961,1,0.7419998899427598
207,0.9999960660934448,1,0.7432803909590715
207,0.9999953508377075,1,0.7432803909590715
207,0.9999951124191284,1,0.7432803909590715
207,0.999997615814209,1,0.7432803909590715
207,0.9999949932098389,1,0.7432803909590715
207,0.9999823570251465,1,0.7430096039713753
207,0.9999958276748657,1,0.7432803909590715
207,0.999915599822998,1,0.7406922275122578
207,0.9865037202835083,1,0.5734861255282208
207,0.9999974966049194,1,0.7432803909590715
207,0.9998043179512024,1,0.7368292437183539
207,0.9999719858169556,1,0.7426495829857623
207,0.9999916553497314,1,0.7432803909590715
207,0.9999455213546753,1,0.7417309087466122
207,0.9999808073043823,1,0.7429558077321458
207,0.999996542930603,1,0.7432803909590715
207,0.9999212026596069,1,0.7408867216079337
207,0.9999963045120239,1,0.7432803909590715
207,0.9999910593032837,1,0.7432803909590715
207,0.9999985694885254,1,0.7432803909590715
207,0.9999940395355225,1,0.7432803909590715
207,0.9999986886978149,1,0.7432803909590715
207,0.9999672174453735,1,0.7424840560958255
207,0.9999821186065674,1,0.7430013276268784
207,0.9999701976776123,1,0.7425875104020361
207,0.999998927116394,1,0.7432803909590715
207,0.9999940395355225,1,0.7432803909590715
207,0.9999938011169434,1,0.7432803909590715
207,0.9999982118606567,1,0.7432803909590715
207,0.9999819993972778,1,0.74299718945463
207,0.9999034404754639,1,0.7402701339429185
207,0.9999897480010986,1,0.7432661706507776
207,0.999998927116394,1,0.7432803909590715
207,0.9999755620956421,1,0.7427737281532151
207,0.9999940395355225,1,0.7432803909590715
207,0.9893159866333008,1,0.576722187160251
207,0.9999959468841553,1,0.7432803909590715
207,0.9999573230743408,1,0.7421405877992062
207,0.9999972581863403,1,0.7432803909590715
207,0.9999959468841553,1,0.7432803909590715
207,0.999993085861206,1,0.7432803909590715
207,0.9999946355819702,1,0.7432803909590715
207,0.9997345805168152,1,0.7344084129530258
207,0.9999865293502808,1,0.7431544400000701
207,0.9999016523361206,1,0.7402080613591921
207,0.9997671246528625,1,0.7355381339768455
207,0.9999959468841553,1,0.7432803909590715
207,0.9999892711639404,1,0.7432496179617839
207,0.9999983310699463,1,0.7432803909590715
207,0.9999951124191284,1,0.7432803909590715
207,0.9999978542327881,1,0.7432803909590715
207,0.9999912977218628,1,0.7432803909590715
207,0.9999936819076538,1,0.7432803909590715
207,0.999994158744812,1,0.7432803909590715
207,0.999999,1,0.7432803909590715
207,0.9999850988388062,1,0.743104781933089
207,0.9999955892562866,1,0.7432803909590715
207,0.999999,1,0.7432803909590715
207,0.9999969005584717,1,0.7432803909590715
207,0.9999978542327881,1,0.7432803909590715
207,0.9999935626983643,1,0.7432803909590715
207,0.9999984502792358,1,0.7432803909590715
207,0.9999831914901733,1,0.7430385711771142
207,0.9999845027923584,1,0.7430840910718469
207,0.9999986886978149,1,0.7432803909590715
207,0.9999949932098389,1,0.7432803909590715
207,0.9999233484268188,1,0.7409612087084053
207,0.9993414282798767,1,0.7207607208777231
207,0.9999936819076538,1,0.7432803909590715
207,0.9999904632568359,1,0.7432803909590715
207,0.6489348411560059,0,0.22459893048128343
207,0.9750201106071472,0,0.5602719900059485
207,0.9999076128005981,0,0.7404149699716134
207,0.9999926090240479,0,0.7432803909590715
208,0.9999982118606567,1,0.7432803909590715
208,0.9999969005584717,1,0.7432803909590715
208,0.9999983310699463,1,0.7432803909590715
208,0.999998927116394,1,0.7432803909590715
208,0.9999645948410034,1,0.7423930163063601
208,0.9999985694885254,1,0.7432803909590715
208,0.9999977350234985,1,0.7432803909590715
208,0.9999796152114868,1,0.7429144260096615
208,0.9999959468841553,1,0.7432803909590715
208,0.9999974966049194,1,0.7432803909590715
208,0.9999969005584717,1,0.7432803909590715
208,0.9999938011169434,1,0.7432803909590715
208,0.999942421913147,1,0.7416233162681533
208,0.999993085861206,1,0.7432803909590715
208,0.9999967813491821,1,0.7432803909590715
208,0.9999951124191284,1,0.7432803909590715
208,0.9999879598617554,1,0.7432040980670512
209,0.9999915361404419,1,0.7432803909590715
209,0.9999978542327881,1,0.7432803909590715
209,0.9999982118606567,1,0.7432803909590715
209,0.999901533126831,1,0.7402039231869437
209,0.9983819723129272,1,0.6874546415362818
209,0.9999983310699463,1,0.7432803909590715
209,0.9999889135360718,1,0.7432372034450386
209,0.9999973773956299,1,0.7432803909590715
209,0.9999781847000122,1,0.7428647679426804
209,0.9999983310699463,1,0.7432803909590715
209,0.999999,1,0.7432803909590715
209,0.9999986886978149,1,0.7432803909590715
209,0.9999967813491821,1,0.7432803909590715
209,0.9999909400939941,1,0.7432803909590715
209,0.9999978542327881,1,0.7432803909590715
209,0.9999983310699463,1,0.7432803909590715
209,0.9999988079071045,1,0.7432803909590715
209,0.9999959468841553,1,0.7432803909590715
209,0.9999972581863403,1,0.7432803909590715
209,0.9999808073043823,1,0.7429558077321458
209,0.9999914169311523,1,0.7432803909590715
209,0.999997615814209,1,0.7432803909590715
209,0.9999988079071045,1,0.7432803909590715
209,0.999998927116394,1,0.7432803909590715
209,0.9999973773956299,1,0.7432803909590715
209,0.9999948740005493,1,0.7432803909590715
209,0.9999774694442749,1,0.7428399389091899
209,0.999999,1,0.7432803909590715
209,0.9999936819076538,1,0.7432803909590715
209,0.9999986886978149,1,0.7432803909590715
209,0.9999986886978149,1,0.7432803909590715
209,0.9999974966049194,1,0.7432803909590715
209,0.9999971389770508,1,0.7432803909590715
209,0.5584388971328735,1,0.22459893048128343
209,0.9999685287475586,1,0.7425295759905581
209,0.9999982118606567,1,0.7432803909590715
209,0.9999972581863403,1,0.7432803909590715
209,0.9999985694885254,1,0.7432803909590715
209,0.9999982118606567,1,0.7432803909590715
209,0.9999948740005493,1,0.7432803909590715
209,0.9999896287918091,1,0.7432620324785292
209,0.9998250603675842,0,0.7375492856895797
209,0.9990148544311523,1,0.7094241980031653
209,0.9999946355819702,0,0.7432803909590715
209,0.999998927116394,1,0.7432803909590715
209,0.6276710629463196,0,0.22459893048128343
209,0.9972322583198547,1,0.6475440392863555
209,0.9999628067016602,1,0.7423309437226338
209,0.9999988079071045,1,0.7432803909590715
209,0.999999,1,0.7432803909590715
209,0.9999969005584717,1,0.7432803909590715
209,0.9999985694885254,1,0.7432803909590715
209,0.9999966621398926,1,0.7432803909590715
210,0.9999881982803345,1,0.7432123744115481
210,0.9999790191650391,1,0.7428937351484194
210,0.999999,1,0.7432803909590715
210,0.9999969005584717,1,0.7432803909590715
210,0.999966025352478,1,0.7424426743733412
210,0.9999986886978149,1,0.7432803909590715
210,0.9999940395355225,1,0.7432803909590715
210,0.9999986886978149,1,0.7432803909590715
210,0.999998927116394,1,0.7432803909590715
210,0.9999984502792358,1,0.7432803909590715
210,0.9999985694885254,1,0.7432803909590715
210,0.9999854564666748,1,0.7431171964498343
210,0.9999985694885254,1,0.7432803909590715
210,0.999997615814209,1,0.7432803909590715
210,0.999998927116394,1,0.7432803909590715
210,0.9999983310699463,1,0.7432803909590715
210,0.9999986886978149,1,0.7432803909590715
210,0.999995231628418,1,0.7432803909590715
210,0.9999980926513672,1,0.7432803909590715
210,0.9995774626731873,1,0.7289543019296029
210,0.9999983310699463,1,0.7432803909590715
210,0.999999,1,0.7432803909590715
210,0.9999963045120239,1,0.7432803909590715
210,0.9999936819076538,1,0.7432803909590715
210,0.999999,1,0.7432803909590715
210,0.9999969005584717,1,0.7432803909590715
210,0.9999712705612183,1,0.7426247539522718
210,0.9999821186065674,1,0.7430013276268784
210,0.9999552965164185,1,0.742070238870983
210,0.9999980926513672,1,0.7432803909590715
210,0.9999876022338867,1,0.743191683550306
210,0.9999983310699463,1,0.7432803909590715
210,0.9999905824661255,1,0.7432803909590715
210,0.9999868869781494,1,0.7431668545168154
210,0.9999812841415405,1,0.7429723604211395
210,0.999894380569458,1,0.7399556328520382
210,0.999999,1,0.7432803909590715
210,0.9999209642410278,1,0.7408784452634368
210,0.9999853372573853,1,0.7431130582775859
210,0.9999336004257202,1,0.7413170915217698
210,0.9999959468841553,1,0.7432803909590715
210,0.9999988079071045,1,0.7432803909590715
210,0.9999791383743286,1,0.7428978733206678
210,0.9999923706054688,1,0.7432803909590715
210,0.999914288520813,1,0.7406467076175252
210,0.9999967813491821,1,0.7432803909590715
210,0.9999982118606567,1,0.7432803909590715
210,0.9999858140945435,1,0.7431296109665796
210,0.9999685287475586,1,0.7425295759905581
211,0.9999761581420898,1,0.7427944190144572
211,0.9999792575836182,1,0.7429020114929162
211,0.9999973773956299,1,0.7432803909590715
211,0.9999668598175049,1,0.7424716415790802
212,0.999886155128479,1,0.7396700989668971
212,0.9999891519546509,0,0.7432454797895355
212,0.9999974966049194,1,0.7432803909590715
212,0.9999970197677612,1,0.7432803909590715
212,0.9999985694885254,1,0.7432803909590715
212,0.9999972581863403,1,0.7432803909590715
212,0.9999958276748657,1,0.7432803909590715
212,0.9999207258224487,0,0.74087016891894
212,0.9787554740905762,0,0.5645702551582885
212,0.9999688863754272,1,0.7425419905073034
212,0.9999922513961792,1,0.7432803909590715
212,0.9999974966049194,1,0.7432803909590715
212,0.9999972581863403,1,0.7432803909590715
212,0.9999721050262451,1,0.7426537211580108
212,0.9999986886978149,1,0.7432803909590715
212,0.9991851449012756,1,0.7153355770600391
212,0.9999717473983765,1,0.7426413066412655
212,0.9999973773956299,1,0.7432803909590715
212,0.9999872446060181,1,0.7431792690335607
212,0.9999983310699463,1,0.7432803909590715
212,0.9999986886978149,1,0.7432803909590715
212,0.999998927116394,1,0.7432803909590715
212,0.9999880790710449,1,0.7432082362392997
212,0.9999940395355225,0,0.7432803909590715
212,0.6670058965682983,1,0.22459893048128343
212,0.9999985694885254,1,0.7432803909590715
212,0.999999,1,0.7432803909590715
212,0.9999988079071045,1,0.7432803909590715
212,0.9999895095825195,1,0.7432578943062808
212,0.9999977350234985,1,0.7432803909590715
212,0.9962750673294067,1,0.6143165852176342
212,0.999976634979248,0,0.7428109717034509
212,0.9995774626731873,0,0.7289543019296029
212,0.9992243051528931,0,0.7166949666436464
212,0.9999955892562866,0,0.7432803909590715
212,0.9999978542327881,0,0.7432803909590715
212,0.9999988079071045,0,0.7432803909590715
212,0.9999934434890747,0,0.7432803909590715
212,0.999999,0,0.7432803909590715
212,0.9999974966049194,0,0.7432803909590715
212,0.999999,0,0.7432803909590715
212,0.9999778270721436,0,0.7428523534259351
212,0.9810789823532104,0,0.5672439051633711
212,0.9997245669364929,0,0.7340608064841582
212,0.9999837875366211,0,0.7430592620383564
212,0.9998704195022583,0,0.739123860230105
212,0.9999985694885254,0,0.7432803909590715
212,0.9999932050704956,0,0.7432803909590715
212,0.9923959970474243,0,0.5802663406249946
212,0.9997063279151917,0,0.7334276661301493
212,0.9999557733535767,0,0.7420867915599767
212,0.9739542007446289,0,0.559045452551716
212,0.9996968507766724,0,0.7330986814363996
212,0.9999819993972778,0,0.74299718945463
212,0.9999978542327881,0,0.7432803909590715
212,0.9999960660934448,0,0.7432803909590715
212,0.9999923706054688,1,0.7432803909590715
213,0.9999943971633911,1,0.7432803909590715
213,0.9997521042823792,1,0.7350167242735441
213,0.999998927116394,1,0.7432803909590715
213,0.9999964237213135,1,0.7432803909590715
213,0.9999977350234985,1,0.7432803909590715
213,0.9999958276748657,1,0.7432803909590715
213,0.9999984502792358,1,0.7432803909590715
213,0.9999977350234985,1,0.7432803909590715
213,0.9999988079071045,1,0.7432803909590715
213,0.999998927116394,1,0.7432803909590715
213,0.9998551607131958,1,0.7385941741823068
213,0.9999908208847046,1,0.7432803909590715
213,0.9999356269836426,1,0.741387440449993
213,0.9998873472213745,1,0.7397114806893813
213,0.999999,1,0.7432803909590715
213,0.9999924898147583,1,0.7432803909590715
213,0.9999978542327881,1,0.7432803909590715
213,0.9999982118606567,1,0.7432803909590715
213,0.9999963045120239,1,0.7432803909590715
213,0.999999,1,0.7432803909590715
213,0.9999986886978149,1,0.7432803909590715
213,0.9999626874923706,1,0.7423268055503853
213,0.9999969005584717,1,0.7432803909590715
213,0.9999960660934448,1,0.7432803909590715
213,0.9995604157447815,1,0.7283625432980781
213,0.999916672706604,1,0.7407294710624936
213,0.9999377727508545,1,0.7414619275504647
213,0.999999,1,0.7432803909590715
213,0.687140166759491,1,0.22459893048128343
213,0.9999806880950928,1,0.7429516695598973
213,0.999987006187439,1,0.7431709926890638
213,0.9999827146530151,1,0.7430220184881206
213,0.6488162279129028,0,0.22459893048128343
213,0.9999986886978149,0,0.7432803909590715
213,0.9999977350234985,0,0.7432803909590715
213,0.9999951124191284,0,0.7432803909590715
213,0.9970263838768005,0,0.6403974158133271
213,0.9999817609786987,0,0.7429889131101332
213,0.9999983310699463,0,0.7432803909590715
213,0.9999361038208008,0,0.7414039931389867
213,0.9999886751174927,0,0.7432289271005418
213,0.9999940395355225,0,0.7432803909590715
213,0.9999983310699463,0,0.7432803909590715
213,0.999999,0,0.7432803909590715
213,0.9999914169311523,0,0.7432803909590715
213,0.999999,0,0.7432803909590715
213,0.9999874830245972,0,0.7431875453780575
213,0.9999885559082031,0,0.7432247889282934
213,0.999984622001648,0,0.7430882292440953
213,0.999999,0,0.7432803909590715
213,0.999998927116394,0,0.7432803909590715
213,0.9999986886978149,0,0.7432803909590715
213,0.999995231628418,0,0.7432803909590715
213,0.9999854564666748,0,0.7431171964498343
213,0.9999961853027344,0,0.7432803909590715
213,0.9999988079071045,0,0.7432803909590715
213,0.9999964237213135,0,0.7432803909590715
213,0.9999979734420776,0,0.7432803909590715
213,0.9999988079071045,0,0.7432803909590715
213,0.999999,0,0.7432803909590715
213,0.9999988079071045,0,0.7432803909590715
213,0.999998927116394,0,0.7432803909590715
213,0.9999887943267822,0,0.7432330652727902
213,0.9999986886978149,0,0.7432803909590715
213,0.9999932050704956,0,0.7432803909590715
213,0.999999,0,0.7432803909590715
213,0.9992153644561768,0,0.7163846037250147
213,0.999997615814209,0,0.7432803909590715
213,0.999999,0,0.7432803909590715
213,0.9999785423278809,0,0.7428771824594257
213,0.9999986886978149,0,0.7432803909590715
213,0.9999828338623047,0,0.743026156660369
213,0.9999973773956299,0,0.7432803909590715
213,0.6118302941322327,0,0.22459893048128343
213,0.9999761581420898,0,0.7427944190144572
213,0.9999967813491821,0,0.7432803909590715
213,0.999999,0,0.7432803909590715
213,0.9999963045120239,0,0.7432803909590715
213,0.9997614026069641,0,0.7353395017089213
213,0.999999,0,0.7432803909590715
214,0.9999932050704956,1,0.7432803909590715
214,0.9999988079071045,1,0.7432803909590715
214,0.999997615814209,1,0.7432803909590715
214,0.9999986886978149,1,0.7432803909590715
214,0.9999842643737793,1,0.7430758147273501
214,0.9999815225601196,1,0.7429806367656363
214,0.9999972581863403,1,0.7432803909590715
214,0.9999055862426758,1,0.7403446210433902
214,0.999998927116394,1,0.7432803909590715
214,0.999998927116394,1,0.7432803909590715
214,0.9999960660934448,1,0.7432803909590715
214,0.9999756813049316,1,0.7427778663254635
214,0.999997615814209,1,0.7432803909590715
214,0.9999948740005493,1,0.7432803909590715
214,0.9997419714927673,1,0.734664979632428
214,0.9999958276748657,1,0.7432803909590715
214,0.999998927116394,1,0.7432803909590715
214,0.9999969005584717,1,0.7432803909590715
214,0.9999768733978271,1,0.7428192480479477
214,0.9999988079071045,1,0.7432803909590715
214,0.999995231628418,1,0.7432803909590715
214,0.999962568283081,1,0.7423226673781369
214,0.999998927116394,1,0.7432803909590715
214,0.9999983310699463,1,0.7432803909590715
214,0.9999983310699463,1,0.7432803909590715
214,0.9999986886978149,1,0.7432803909590715
214,0.9999927282333374,1,0.7432803909590715
214,0.9999979734420776,1,0.7432803909590715
214,0.9999974966049194,1,0.7432803909590715
214,0.9999905824661255,1,0.7432803909590715
214,0.9998939037322998,1,0.7399390801630445
214,0.9999966621398926,1,0.7432803909590715
214,0.9999958276748657,1,0.7432803909590715
214,0.9999980926513672,1,0.7432803909590715
214,0.999996542930603,1,0.7432803909590715
214,0.9999908208847046,1,0.7432803909590715
214,0.9999979734420776,1,0.7432803909590715
214,0.9999924898147583,1,0.7432803909590715
214,0.9999414682388306,1,0.7415902108901659
214,0.9999969005584717,1,0.7432803909590715
214,0.999993085861206,1,0.7432803909590715
214,0.9999586343765259,1,0.7421861076939389
214,0.9999980926513672,1,0.7432803909590715
214,0.999985933303833,1,0.743133749138828
214,0.9999979734420776,1,0.7432803909590715
214,0.9999943971633911,1,0.7432803909590715
214,0.999991774559021,1,0.7432803909590715
214,0.9999982118606567,1,0.7432803909590715
214,0.999999,1,0.7432803909590715
214,0.9999053478240967,1,0.7403363446988933
214,0.9999924898147583,1,0.7432803909590715
214,0.9999911785125732,1,0.7432803909590715
214,0.999999,1,0.7432803909590715
214,0.999999,1,0.7432803909590715
214,0.9999434947967529,1,0.7416605598183891
214,0.9999985694885254,1,0.7432803909590715
214,0.9997139573097229,1,0.7336925091540484
214,0.9984996318817139,1,0.6915390175454763
214,0.9999982118606567,1,0.7432803909590715
214,0.9999983310699463,1,0.7432803909590715
214,0.9999808073043823,1,0.7429558077321458
214,0.9999973773956299,1,0.7432803909590715
214,0.9999983310699463,1,0.7432803909590715
215,0.9999843835830688,1,0.7430799528995985
215,0.9999984502792358,1,0.7432803909590715
215,0.9999959468841553,1,0.7432803909590715
215,0.9999972581863403,1,0.7432803909590715
215,0.9999969005584717,1,0.7432803909590715
215,0.9999955892562866,1,0.7432803909590715
215,0.9999892711639404,1,0.7432496179617839
215,0.999997615814209,1,0.7432803909590715
215,0.9999961853027344,1,0.7432803909590715
215,0.9999948740005493,1,0.7432803909590715
215,0.9999983310699463,1,0.7432803909590715
215,0.999995231628418,1,0.7432803909590715
215,0.9999468326568604,1,0.7417764286413449
215,0.9999983310699463,1,0.7432803909590715
215,0.9999872446060181,1,0.7431792690335607
215,0.9999978542327881,1,0.7432803909590715
215,0.9999788999557495,1,0.742889596976171
215,0.9999918937683105,1,0.7432803909590715
215,0.9999918937683105,1,0.7432803909590715
215,0.9999983310699463,1,0.7432803909590715
215,0.9996440410614014,1,0.7312654711303477
215,0.9998823404312134,1,0.7395376774549475
215,0.999999,1,0.7432803909590715
215,0.9999957084655762,1,0.7432803909590715
215,0.9999626874923706,1,0.7423268055503853
215,0.9988954067230225,1,0.7052777494102443
215,0.9999295473098755,1,0.7411763936653234
215,0.9999955892562866,1,0.7432803909590715
215,0.9999988079071045,1,0.7432803909590715
215,0.999998927116394,1,0.7432803909590715
215,0.9999963045120239,1,0.7432803909590715
215,0.9999951124191284,1,0.7432803909590715
215,0.9999983310699463,1,0.7432803909590715
215,0.9999982118606567,1,0.7432803909590715
215,0.9999966621398926,1,0.7432803909590715
215,0.9999974966049194,1,0.7432803909590715
215,0.999999,1,0.7432803909590715
215,0.9999806880950928,1,0.7429516695598973
215,0.9998175501823425,1,0.7372885808379289
215,0.9999755620956421,1,0.7427737281532151
215,0.9999951124191284,1,0.7432803909590715
215,0.9999902248382568,1,0.7432803909590715
215,0.999968409538269,1,0.7425254378183097
215,0.9999769926071167,1,0.7428233862201962
215,0.9999984502792358,1,0.7432803909590715
215,0.999999,1,0.7432803909590715
215,0.9999953508377075,1,0.7432803909590715
215,0.9999948740005493,1,0.7432803909590715
215,0.9998207688331604,1,0.7374003114886364
215,0.9999351501464844,1,0.7413708877609994
215,0.975236713886261,1,0.5605212343781837
215,0.967836320400238,1,0.5520056364783572
215,0.999998927116394,1,0.7432803909590715
215,0.9991939663887024,1,0.7156418018064225
215,0.9999924898147583,1,0.7432803909590715
215,0.999999,1,0.7432803909590715
215,0.9999943971633911,1,0.7432803909590715
215,0.9999970197677612,1,0.7432803909590715
215,0.9999904632568359,1,0.7432803909590715
215,0.999999,1,0.7432803909590715
215,0.9999839067459106,1,0.7430634002106048
215,0.9999935626983643,1,0.7432803909590715
215,0.999977707862854,1,0.7428482152536867
215,0.9998830556869507,1,0.739562506488438
215,0.9944590330123901,1,0.5826402663849842
215,0.9998643398284912,1,0.7389128134454355
215,0.9999961853027344,1,0.7432803909590715
215,0.9999983310699463,1,0.7432803909590715
215,0.999999,1,0.7432803909590715
215,0.9999496936798096,1,0.741875744775307
215,0.9999948740005493,1,0.7432803909590715
216,0.9998457431793213,1,0.7382672585746812
216,0.9982290863990784,1,0.6821474356276779
216,0.9999978542327881,1,0.7432803909590715
216,0.9999966621398926,1,0.7432803909590715
216,0.9999793767929077,1,0.7429061496651647
216,0.999811589717865,1,0.7370816722255078
216,0.9996962547302246,1,0.7330779905751574
216,0.9999500513076782,1,0.7418881592920523
216,0.9999982118606567,1,0.7432803909590715
216,0.9992144107818604,1,0.7163514983470273
216,0.9945765733718872,1,0.5827755195225868
216,0.999996542930603,1,0.7432803909590715
216,0.9999593496322632,1,0.7422109367274294
216,0.9999936819076538,1,0.7432803909590715
216,0.9998791217803955,1,0.73942594680424
216,0.9990412592887878,1,0.7103408031561912
216,0.9999985694885254,1,0.7432803909590715
216,0.9999974966049194,1,0.7432803909590715
216,0.99998939037323,1,0.7432537561340323
216,0.9999948740005493,1,0.7432803909590715
216,0.9999973773956299,1,0.7432803909590715
216,0.9999855756759644,1,0.7431213346220827
216,0.9999927282333374,1,0.7432803909590715
216,0.9999966621398926,0,0.7432803909590715
216,0.9999562501907349,0,0.7421033442489704
216,0.9999984502792358,0,0.7432803909590715
216,0.9999977350234985,0,0.7432803909590715
216,0.999985933303833,0,0.743133749138828
216,0.999999,0,0.7432803909590715
216,0.9999970197677612,0,0.7432803909590715
216,0.9999982118606567,0,0.7432803909590715
216,0.9999873638153076,0,0.7431834072058091
216,0.9519612193107605,0,0.5337382324879595
216,0.9999096393585205,0,0.7404853188998366
216,0.9999986886978149,0,0.7432803909590715
216,0.9999988079071045,0,0.7432803909590715
216,0.9999363422393799,0,0.7414122694834836
216,0.9999643564224243,0,0.7423847399618633
216,0.9999767541885376,0,0.7428151098756993
216,0.9999957084655762,0,0.7432803909590715
216,0.9999855756759644,0,0.7431213346220827
216,0.999999,0,0.7432803909590715
216,0.9999682903289795,0,0.7425212996460613
216,0.9999849796295166,0,0.7431006437608406
216,0.9999780654907227,0,0.742860629770432
216,0.9999758005142212,0,0.7427820044977119
216,0.9999979734420776,0,0.7432803909590715
216,0.9999983310699463,0,0.7432803909590715
216,0.9999806880950928,0,0.7429516695598973
216,0.9999982118606567,0,0.7432803909590715
216,0.9999911785125732,0,0.7432803909590715
216,0.9999769926071167,0,0.7428233862201962
216,0.999999,0,0.7432803909590715
216,0.9999618530273438,0,0.7422978383446464
216,0.999997615814209,0,0.7432803909590715
216,0.9951724410057068,0,0.5834611815999766
216,0.9999985694885254,0,0.7432803909590715
216,0.7872372269630432,0,0.2915492444591063
216,0.999999,0,0.7432803909590715
216,0.9999959468841553,0,0.7432803909590715
216,0.999997615814209,0,0.7432803909590715
216,0.9999282360076904,0,0.7411308737705907
216,0.9996236562728882,0,0.7305578436758672
216,0.9999964237213135,0,0.7432803909590715
216,0.999996542930603,0,0.7432803909590715
216,0.9999985694885254,0,0.7432803909590715
216,0.999999,0,0.7432803909590715
216,0.999999,0,0.7432803909590715
216,0.9999908208847046,0,0.7432803909590715
216,0.9996787309646606,0,0.7324696792546391
216,0.9999802112579346,0,0.7429351168709036
216,0.8659215569496155,0,0.4350637044382669
216,0.5662060976028442,0,0.22459893048128343
216,0.9999420642852783,1,0.741610901751408
216,0.9923819899559021,1,0.5802502227308077
216,0.9999980926513672,1,0.7432803909590715
216,0.9999957084655762,1,0.7432803909590715
216,0.999999,1,0.7432803909590715
216,0.9999982118606567,1,0.7432803909590715
216,0.9999908208847046,1,0.7432803909590715
216,0.9999920129776001,1,0.7432803909590715
216,0.999991774559021,1,0.7432803909590715
216,0.9999980926513672,1,0.7432803909590715
216,0.9999953508377075,1,0.7432803909590715
216,0.9999940395355225,1,0.7432803909590715
216,0.9998530149459839,1,0.7385196870818351
216,0.999999,1,0.7432803909590715
217,0.9999427795410156,1,0.7416357307848985
217,0.9999972581863403,1,0.7432803909590715
217,0.9999939203262329,1,0.7432803909590715
217,0.999968409538269,1,0.7425254378183097
217,0.9999954700469971,1,0.7432803909590715
217,0.9999984502792358,1,0.7432803909590715
217,0.9999958276748657,1,0.7432803909590715
217,0.9999986886978149,1,0.7432803909590715
217,0.9999985694885254,1,0.7432803909590715
217,0.999999,1,0.7432803909590715
217,0.999998927116394,1,0.7432803909590715
217,0.999998927116394,1,0.7432803909590715
217,0.9999973773956299,1,0.7432803909590715
217,0.999999,1,0.7432803909590715
217,0.9999841451644897,1,0.7430716765551016
217,0.999990701675415,1,0.7432803909590715
217,0.9999939203262329,1,0.7432803909590715
217,0.9999476671218872,1,0.7418053958470838
217,0.9999688863754272,1,0.7425419905073034
217,0.9999793767929077,1,0.7429061496651647
217,0.9999977350234985,1,0.7432803909590715
217,0.9999696016311646,1,0.742566819540794
217,0.9999972581863403,1,0.7432803909590715
217,0.9999963045120239,1,0.7432803909590715
217,0.9999986886978149,1,0.7432803909590715
217,0.999999,1,0.7432803909590715
217,0.9999983310699463,1,0.7432803909590715
217,0.999998927116394,1,0.7432803909590715
217,0.9999971389770508,1,0.7432803909590715
217,0.9999972581863403,1,0.7432803909590715
217,0.999999,1,0.7432803909590715
217,0.9999985694885254,1,0.7432803909590715
217,0.9999988079071045,1,0.7432803909590715
217,0.999999,1,0.7432803909590715
217,0.9999973773956299,1,0.7432803909590715
217,0.999988317489624,1,0.7432165125837965
217,0.9999978542327881,1,0.7432803909590715
217,0.9999939203262329,1,0.7432803909590715
217,0.9999984502792358,1,0.7432803909590715
217,0.999999,1,0.7432803909590715
217,0.999999,1,0.7432803909590715
217,0.999999,1,0.7432803909590715
217,0.9999765157699585,1,0.7428068335312025
217,0.9999985694885254,1,0.7432803909590715
218,0.9999947547912598,1,0.7432803909590715
218,0.9999954700469971,1,0.7432803909590715
218,0.9999964237213135,1,0.7432803909590715
218,0.9996929168701172,1,0.7329621217522015
218,0.9999973773956299,1,0.7432803909590715
218,0.9998088479042053,1,0.736986494263794
218,0.9999915361404419,1,0.7432803909590715
218,0.9999971389770508,1,0.7432803909590715
218,0.9999802112579346,1,0.7429351168709036
218,0.999998927116394,1,0.7432803909590715
218,0.9999910593032837,1,0.7432803909590715
218,0.9999988079071045,1,0.7432803909590715
218,0.9999966621398926,1,0.7432803909590715
218,0.9999973773956299,1,0.7432803909590715
218,0.9999732971191406,1,0.742695102880495
218,0.9999963045120239,1,0.7432803909590715
218,0.9999960660934448,1,0.7432803909590715
218,0.999995231628418,1,0.7432803909590715
218,0.999998927116394,1,0.7432803909590715
218,0.9999961853027344,1,0.7432803909590715
218,0.9999939203262329,1,0.7432803909590715
218,0.9999971389770508,1,0.7432803909590715
218,0.9999982118606567,1,0.7432803909590715
218,0.9999958276748657,1,0.7432803909590715
218,0.9999966621398926,1,0.7432803909590715
218,0.9999903440475464,1,0.7432803909590715
218,0.9999964237213135,1,0.7432803909590715
218,0.999950647354126,1,0.7419088501532944
218,0.9999958276748657,1,0.7432803909590715
218,0.9999972581863403,1,0.7432803909590715
218,0.8058370351791382,1,0.32604404273536824
218,0.999988317489624,1,0.7432165125837965
218,0.9999983310699463,1,0.7432803909590715
218,0.9999985694885254,1,0.7432803909590715
218,0.999995231628418,1,0.7432803909590715
218,0.9999759197235107,1,0.7427861426699603
218,0.9992316961288452,1,0.7169515333230487
218,0.9999915361404419,1,0.7432803909590715
218,0.9999980926513672,1,0.7432803909590715
218,0.9188154935836792,0,0.5057339841665576
218,0.9999932050704956,1,0.7432803909590715
218,0.9999872446060181,1,0.7431792690335607
218,0.9999948740005493,1,0.7432803909590715
218,0.9999895095825195,1,0.7432578943062808
218,0.9999891519546509,1,0.7432454797895355
218,0.9999971389770508,1,0.7432803909590715
218,0.999998927116394,1,0.7432803909590715
218,0.9999974966049194,1,0.7432803909590715
218,0.9999951124191284,1,0.7432803909590715
218,0.9999880790710449,1,0.7432082362392997
218,0.9981421232223511,1,0.6791286389724525
218,0.9999581575393677,1,0.7421695550049452
218,0.4551970064640045,0,0.22459893048128343
218,0.9999005794525146,0,0.7401708178089563
218,0.999958872795105,0,0.7421943840384357
218,0.9999916553497314,0,0.7432803909590715
218,0.9999980926513672,0,0.7432803909590715
218,0.9999926090240479,0,0.7432803909590715
218,0.9999988079071045,0,0.7432803909590715
218,0.9999639987945557,0,0.742372325445118
218,0.9999988079071045,0,0.7432803909590715
218,0.999910831451416,0,0.7405267006223208
218,0.9999675750732422,0,0.7424964706125707
218,0.9999983310699463,0,0.7432803909590715
218,0.9999983310699463,0,0.7432803909590715
218,0.9999877214431763,0,0.7431958217225544
218,0.9999958276748657,0,0.7432803909590715
218,0.999999,0,0.7432803909590715
218,0.9999843835830688,0,0.7430799528995985
218,0.9991863369941711,0,0.7153769587825234
218,0.999992847442627,0,0.7432803909590715
218,0.9999728202819824,0,0.7426785501915013
218,0.9960944056510925,0,0.6080451851751475
218,0.9999942779541016,0,0.7432803909590715
218,0.9999924898147583,0,0.7432803909590715
218,0.9999988079071045,0,0.7432803909590715
218,0.8488227725028992,0,0.4057644527800493
218,0.999904990196228,0,0.740323930182148
218,0.9999226331710815,0,0.7409363796749148
218,0.9999958276748657,0,0.7432803909590715
218,0.999998927116394,0,0.7432803909590715
218,0.9999967813491821,1,0.7432803909590715
218,0.9999957084655762,0,0.7432803909590715
218,0.999997615814209,0,0.7432803909590715
218,0.9999980926513672,0,0.7432803909590715
218,0.9999978542327881,0,0.7432803909590715
219,0.999997615814209,1,0.7432803909590715
219,0.9999980926513672,1,0.7432803909590715
219,0.9999935626983643,1,0.7432803909590715
219,0.9999973773956299,1,0.7432803909590715
219,0.9999972581863403,1,0.7432803909590715
219,0.999999,1,0.7432803909590715
219,0.9999985694885254,1,0.7432803909590715
219,0.9999972581863403,1,0.7432803909590715
219,0.9999984502792358,1,0.7432803909590715
219,0.999997615814209,1,0.7432803909590715
219,0.9999966621398926,1,0.7432803909590715
219,0.9999730587005615,1,0.7426868265359982
219,0.9999984502792358,1,0.7432803909590715
219,0.999999,1,0.7432803909590715
219,0.999999,1,0.7432803909590715
219,0.9999982118606567,1,0.7432803909590715
219,0.999999,1,0.7432803909590715
219,0.9999939203262329,1,0.7432803909590715
219,0.999997615814209,1,0.7432803909590715
219,0.9999783039093018,1,0.7428689061149288
219,0.9999979734420776,1,0.7432803909590715
219,0.9999974966049194,1,0.7432803909590715
219,0.9999970197677612,1,0.7432803909590715
219,0.9999926090240479,1,0.7432803909590715
219,0.999997615814209,1,0.7432803909590715
219,0.9999927282333374,1,0.7432803909590715
219,0.9999970197677612,1,0.7432803909590715
219,0.9996967315673828,1,0.7330945432641511
219,0.9999291896820068,1,0.7411639791485781
219,0.9995861649513245,1,0.7292563885037378
219,0.9999589920043945,1,0.7421985222106842
219,0.9999967813491821,1,0.7432803909590715
219,0.9999891519546509,1,0.7432454797895355
219,0.999999,1,0.7432803909590715
219,0.9999983310699463,1,0.7432803909590715
219,0.9999843835830688,1,0.7430799528995985
219,0.9999988079071045,1,0.7432803909590715
219,0.999998927116394,1,0.7432803909590715
219,0.9999738931655884,1,0.7427157937417371
219,0.999998927116394,1,0.7432803909590715
219,0.9999940395355225,1,0.7432803909590715
219,0.9999948740005493,1,0.7432803909590715
219,0.999987006187439,1,0.7431709926890638
219,0.9999947547912598,1,0.7432803909590715
219,0.999998927116394,1,0.7432803909590715
219,0.9999979734420776,1,0.7432803909590715
219,0.9999916553497314,1,0.7432803909590715
219,0.9999983310699463,1,0.7432803909590715
219,0.9999948740005493,1,0.7432803909590715
219,0.9999984502792358,1,0.7432803909590715
219,0.9999499320983887,1,0.7418840211198039
220,0.9999428987503052,1,0.741639868957147
220,0.9973989725112915,0,0.6533312731757767
220,0.9999463558197021,0,0.7417598759523512
220,0.999982476234436,0,0.7430137421436237
220,0.9999864101409912,0,0.7431503018278217
220,0.5837475657463074,0,0.22459893048128343
220,0.6436351537704468,0,0.22459893048128343
220,0.9999802112579346,0,0.7429351168709036
220,0.9995286464691162,0,0.7272597203938732
220,0.883001983165741,0,0.46385955152308583
220,0.9641337990760803,0,0.5477451626438767
220,0.9999982118606567,0,0.7432803909590715
220,0.37846753001213074,0,0.22459893048128343
220,0.9989262223243713,0,0.706347466936462
220,0.7135785818099976,0,0.22459893048128343
220,0.9999985694885254,0,0.7432803909590715
220,0.9998596906661987,0,0.7387514247277469
220,0.9999886751174927,0,0.7432289271005418
220,0.9999850988388062,0,0.743104781933089
220,0.9481619596481323,0,0.5293664423034137
220,0.9996098875999451,0,0.7300798847811741
220,0.9995160102844238,0,0.7268210741355402
220,0.9999915361404419,0,0.7432803909590715
220,0.9999837875366211,0,0.7430592620383564
220,0.9999964237213135,0,0.7432803909590715
220,0.9998307228088379,0,0.7377458488713798
220,0.9881375432014465,0,0.575366157858253
220,0.9999513626098633,0,0.741933679186785
220,0.9999973773956299,0,0.7432803909590715
220,0.9999849796295166,0,0.7431006437608406
220,0.9999979734420776,0,0.7432803909590715
220,0.9999735355377197,0,0.7427033792249919
220,0.999999,0,0.7432803909590715
220,0.9999983310699463,0,0.7432803909590715
220,0.5610817670822144,0,0.22459893048128343
220,0.8535633683204651,0,0.4142290656823327
220,0.9999948740005493,0,0.7432803909590715
220,0.9763662815093994,0,0.5618210225174869
220,0.9999667406082153,0,0.7424675034068318
220,0.8323817253112793,0,0.3752732455731559
220,0.9999932050704956,0,0.7432803909590715
220,0.9998698234558105,0,0.7391031693688629
220,0.9999949932098389,0,0.7432803909590715
220,0.9999986886978149,0,0.7432803909590715
220,0.99988853931427,0,0.7397528624118656
220,0.9999966621398926,0,0.7432803909590715
220,0.9999892711639404,0,0.7432496179617839
220,0.9999983310699463,0,0.7432803909590715
220,0.9999915361404419,0,0.7432803909590715
220,0.9951554536819458,0,0.583441634366601
220,0.9999746084213257,0,0.7427406227752277
220,0.999999,0,0.7432803909590715
220,0.999999,0,0.7432803909590715
220,0.999999,0,0.7432803909590715
220,0.9104859828948975,0,0.5024118277826296
220,0.9865065813064575,0,0.5734894176938419
220,0.9998816251754761,0,0.7395128484214569
220,0.9999932050704956,0,0.7432803909590715
220,0.9998414516448975,0,0.7381182843737379
220,0.9971985816955566,0,0.6463750056261757
220,0.9999974966049194,0,0.7432803909590715
220,0.9999706745147705,0,0.7426040630910297
220,0.9999648332595825,0,0.742401292650857
220,0.9999985694885254,0,0.7432803909590715
220,0.9999852180480957,0,0.7431089201053375
220,0.9999980926513672,0,0.7432803909590715
220,0.8161527514457703,0,0.34517534492722146
220,0.9998509883880615,1,0.7384493381536119
220,0.999782145023346,0,0.736059543680147
220,0.9999972581863403,0,0.7432803909590715
221,0.9477108120918274,1,0.5288473089370274
221,0.9997989535331726,1,0.7366430259671748
221,0.9999946355819702,1,0.7432803909590715
221,0.999999,1,0.7432803909590715
221,0.999999,1,0.7432803909590715
221,0.9999321699142456,0,0.7412674334547887
221,0.9999959468841553,1,0.7432803909590715
221,0.9999971389770508,1,0.7432803909590715
221,0.9999971389770508,1,0.7432803909590715
221,0.9999973773956299,1,0.7432803909590715
221,0.999998927116394,1,0.7432803909590715
221,0.9999973773956299,1,0.7432803909590715
221,0.9964839220046997,1,0.6215666629968732
221,0.999972939491272,1,0.7426826883637497
221,0.9999910593032837,1,0.7432803909590715
221,0.9999943971633911,1,0.7432803909590715
221,0.9999971389770508,1,0.7432803909590715
221,0.999999,1,0.7432803909590715
221,0.999997615814209,1,0.7432803909590715
221,0.9999805688858032,1,0.7429475313876489
221,0.9999909400939941,1,0.7432803909590715
221,0.9999951124191284,1,0.7432803909590715
221,0.999999,1,0.7432803909590715
221,0.9999879598617554,1,0.7432040980670512
221,0.9982477426528931,1,0.6827950595845562
221,0.999999,1,0.7432803909590715
221,0.9999885559082031,1,0.7432247889282934
221,0.8824536800384521,1,0.46293516867632584
221,0.9999659061431885,1,0.7424385362010928
221,0.9998359680175781,1,0.7379279284503105
221,0.999999,1,0.7432803909590715
221,0.997878909111023,1,0.669991554647932
221,0.9999969005584717,1,0.7432803909590715
221,0.999999,1,0.7432803909590715
221,0.9999399185180664,1,0.7415364146509363
221,0.9999631643295288,1,0.742343358239379
221,0.9999935626983643,1,0.7432803909590715
221,0.9999674558639526,1,0.7424923324403223
221,0.9999890327453613,1,0.743241341617287
221,0.9999983310699463,1,0.7432803909590715
221,0.9999946355819702,1,0.7432803909590715
221,0.9991500377655029,1,0.7141168853328782
221,0.999999,1,0.7432803909590715
221,0.9999983310699463,1,0.7432803909590715
221,0.9999967813491821,1,0.7432803909590715
221,0.9999945163726807,1,0.7432803909590715
221,0.9999852180480957,1,0.7431089201053375
221,0.999999,1,0.7432803909590715
221,0.9999905824661255,1,0.7432803909590715
221,0.9999951124191284,1,0.7432803909590715
221,0.999999,1,0.7432803909590715
221,0.9999977350234985,1,0.7432803909590715
221,0.2555994391441345,0,0.22459893048128343
221,6.578736702067545e-06,0,0.22459893048128343
221,1e-06,0,0.22459893048128343
221,1e-06,0,0.22459893048128343
221,1e-06,0,0.22459893048128343
221,1e-06,0,0.22459893048128343
221,1e-06,0,0.22459893048128343
221,1e-06,0,0.22459893048128343
221,4.090924903721316e-06,0,0.22459893048128343
221,1e-06,0,0.22459893048128343
221,1e-06,0,0.22459893048128343
221,0.03365430608391762,1,0.22459893048128343
221,0.9997403025627136,1,0.7346070452209501
221,1e-06,1,0.22459893048128343
221,1e-06,1,0.22459893048128343
221,1e-06,1,0.22459893048128343
221,1e-06,1,0.22459893048128343
221,1e-06,1,0.22459893048128343
221,1e-06,1,0.22459893048128343
221,1e-06,1,0.22459893048128343
221,1e-06,1,0.22459893048128343
221,1e-06,1,0.22459893048128343
221,1e-06,1,0.22459893048128343
221,1e-06,1,0.22459893048128343
221,1e-06,1,0.22459893048128343
222,0.9999881982803345,1,0.7432123744115481
222,0.9999942779541016,1,0.7432803909590715
222,0.9999860525131226,1,0.7431378873110764
222,0.9999984502792358,1,0.7432803909590715
222,0.9999959468841553,1,0.7432803909590715
222,0.9999984502792358,1,0.7432803909590715
222,0.9999983310699463,1,0.7432803909590715
222,0.999201238155365,1,0.7158942303135764
222,0.9999984502792358,1,0.7432803909590715
222,0.9999936819076538,1,0.7432803909590715
222,0.9999963045120239,1,0.7432803909590715
222,0.4835066795349121,1,0.22459893048128343
222,0.999999,1,0.7432803909590715
222,0.999999,1,0.7432803909590715
222,0.9999978542327881,1,0.7432803909590715
222,0.9999983310699463,1,0.7432803909590715
222,0.9999984502792358,1,0.7432803909590715
222,0.9999895095825195,1,0.7432578943062808
222,0.9993072748184204,1,0.7195751345285496
222,0.999999,1,0.7432803909590715
222,0.9999970197677612,1,0.7432803909590715
222,0.999988317489624,1,0.7432165125837965
222,0.9999911785125732,1,0.7432803909590715
222,0.999998927116394,1,0.7432803909590715
222,0.9618851542472839,1,0.5451576576392144
222,0.9999958276748657,1,0.7432803909590715
222,0.9999985694885254,1,0.7432803909590715
222,0.9999457597732544,1,0.741739185091109
222,0.4696243107318878,0,0.22459893048128343
222,0.9998699426651001,1,0.7391073075411113
222,0.991938054561615,0,0.5797393883652581
222,0.8176208734512329,0,0.34789809194885757
222,0.9999967813491821,0,0.7432803909590715
222,0.9999959468841553,0,0.7432803909590715
222,0.9990687966346741,0,0.7112967209455772
222,0.9999982118606567,0,0.7432803909590715
222,0.9999966621398926,0,0.7432803909590715
222,0.999996542930603,0,0.7432803909590715
222,0.9999629259109497,0,0.7423350818948822
222,0.9999973773956299,1,0.7432803909590715
222,0.9999903440475464,0,0.7432803909590715
222,0.9999988079071045,0,0.7432803909590715
222,0.9998302459716797,0,0.7377292961823861
222,0.9999845027923584,0,0.7430840910718469
222,0.9999936819076538,0,0.7432803909590715
222,0.999999,0,0.7432803909590715
223,0.9324685335159302,1,0.5113080908299595
223,0.999971866607666,1,0.7426454448135139
223,0.9999902248382568,1,0.7432803909590715
223,0.9999977350234985,1,0.7432803909590715
223,0.9999939203262329,1,0.7432803909590715
223,0.9999803304672241,1,0.7429392550431521
223,0.9999639987945557,1,0.742372325445118
223,0.9999808073043823,1,0.7429558077321458
223,0.9999979734420776,1,0.7432803909590715
223,0.9999984502792358,1,0.7432803909590715
223,0.9999986886978149,1,0.7432803909590715
223,0.9999715089797974,1,0.7426330302967686
223,0.9998193383216858,1,0.7373506534216553
223,0.999998927116394,1,0.7432803909590715
223,0.9999969005584717,1,0.7432803909590715
223,0.9999983310699463,1,0.7432803909590715
223,0.9999988079071045,1,0.7432803909590715
223,0.9999754428863525,1,0.7427695899809666
223,0.9999954700469971,1,0.7432803909590715
223,0.999999,1,0.7432803909590715
223,0.9999947547912598,1,0.7432803909590715
223,0.9999978542327881,1,0.7432803909590715
223,0.9999946355819702,1,0.7432803909590715
223,0.9999986886978149,1,0.7432803909590715
223,0.756750226020813,1,0.23500871805516085
223,0.9489824175834656,1,0.5303105393820644
223,0.9999853372573853,1,0.7431130582775859
223,0.999998927116394,1,0.7432803909590715
223,0.9999779462814331,1,0.7428564915981836
223,0.9999986886978149,1,0.7432803909590715
223,0.999998927116394,1,0.7432803909590715
223,0.9999983310699463,1,0.7432803909590715
223,0.99997878074646,1,0.7428854588039225
223,0.9999983310699463,1,0.7432803909590715
223,0.9999758005142212,1,0.7427820044977119
223,0.999995231628418,1,0.7432803909590715
223,0.999994158744812,0,0.7432803909590715
223,0.9999864101409912,1,0.7431503018278217
223,0.9999988079071045,1,0.7432803909590715
223,0.999999,1,0.7432803909590715
223,0.9999969005584717,1,0.7432803909590715
223,0.9484646916389465,1,0.5297147945782024
223,0.9999945163726807,1,0.7432803909590715
223,0.9999988079071045,1,0.7432803909590715
223,0.9999916553497314,1,0.7432803909590715
223,0.9999372959136963,1,0.741445374861471
223,0.7919551730155945,0,0.30029904421350456
223,0.999970555305481,0,0.7425999249187812
223,0.999999,0,0.7432803909590715
223,0.999999,0,0.7432803909590715
223,0.999997615814209,0,0.7432803909590715
223,0.9996805191040039,0,0.7325317518383655
223,0.999985933303833,0,0.743133749138828
223,0.999999,0,0.7432803909590715
223,0.9999971389770508,0,0.7432803909590715
223,0.9999988079071045,0,0.7432803909590715
223,0.9999638795852661,0,0.7423681872728696
223,0.9999750852584839,0,0.7427571754642214
223,0.9998866319656372,0,0.7396866516558908
223,0.999999,0,0.7432803909590715
223,0.7082534432411194,0,0.22459893048128343
223,0.9999946355819702,0,0.7432803909590715
223,0.9999908208847046,0,0.7432803909590715
223,0.999999,0,0.7432803909590715
223,0.8654899597167969,0,0.43433607576195543
223,0.9999862909317017,0,0.7431461636555733
223,0.9999980926513672,0,0.7432803909590715
223,0.999993085861206,0,0.7432803909590715
224,0.9998301267623901,1,0.7377251580101377
224,0.9999985694885254,1,0.7432803909590715
224,0.999999,1,0.7432803909590715
224,0.9995782971382141,1,0.7289832691353418
224,0.9999943971633911,1,0.7432803909590715
224,0.9999977350234985,1,0.7432803909590715
224,0.999999,1,0.7432803909590715
224,0.9999961853027344,1,0.7432803909590715
224,0.9999924898147583,1,0.7432803909590715
224,0.9999953508377075,1,0.7432803909590715
224,0.9999977350234985,1,0.7432803909590715
224,0.999999,1,0.7432803909590715
224,0.9999972581863403,1,0.7432803909590715
224,0.9999984502792358,1,0.7432803909590715
224,0.9962145686149597,1,0.612216462801559
224,0.99998939037323,1,0.7432537561340323
224,0.9997439980506897,1,0.7347353285606513
224,0.9998205304145813,1,0.7373920351441395
224,0.9999920129776001,1,0.7432803909590715
224,0.9999854564666748,1,0.7431171964498343
224,0.9962900876998901,0,0.6148379949209356
224,0.9999986886978149,1,0.7432803909590715
224,0.9999988079071045,1,0.7432803909590715
224,0.999998927116394,1,0.7432803909590715
224,0.9999271631240845,1,0.7410936302203549
224,0.9999938011169434,1,0.7432803909590715
224,0.9999988079071045,1,0.7432803909590715
224,0.9998664855957031,1,0.7389873005459071
224,0.999999,1,0.7432803909590715
224,0.9999983310699463,1,0.7432803909590715
224,0.999999,1,0.7432803909590715
224,0.9999986886978149,1,0.7432803909590715
224,0.999999,1,0.7432803909590715
224,0.9999986886978149,1,0.7432803909590715
224,0.9999967813491821,1,0.7432803909590715
224,0.9999974966049194,1,0.7432803909590715
224,0.9999973773956299,1,0.7432803909590715
224,0.9999963045120239,1,0.7432803909590715
224,0.9999984502792358,1,0.7432803909590715
224,0.9999969005584717,1,0.7432803909590715
224,0.9838387966156006,0,0.5704196104256801
224,0.885873556137085,0,0.468700729086773
225,0.999999,1,0.7432803909590715
225,0.999999,1,0.7432803909590715
225,0.9999986886978149,1,0.7432803909590715
225,0.9999903440475464,1,0.7432803909590715
225,0.9999985694885254,1,0.7432803909590715
225,0.9999974966049194,1,0.7432803909590715
225,0.9999399185180664,1,0.7415364146509363
225,0.999999,1,0.7432803909590715
225,0.9999967813491821,1,0.7432803909590715
225,0.9999938011169434,1,0.7432803909590715
225,0.9999902248382568,1,0.7432803909590715
225,0.9999973773956299,1,0.7432803909590715
225,0.999998927116394,1,0.7432803909590715
225,0.9999974966049194,1,0.7432803909590715
225,0.999997615814209,1,0.7432803909590715
225,0.9999948740005493,1,0.7432803909590715
225,0.9999984502792358,1,0.7432803909590715
225,0.999999,1,0.7432803909590715
225,0.9999972581863403,1,0.7432803909590715
225,0.9999977350234985,1,0.7432803909590715
225,0.8556565046310425,1,0.41775787886090343
225,0.9999943971633911,1,0.7432803909590715
225,0.9999922513961792,1,0.7432803909590715
225,0.9999958276748657,1,0.7432803909590715
225,0.9999301433563232,1,0.7411970845265655
225,0.9999971389770508,1,0.7432803909590715
225,0.9999979734420776,1,0.7432803909590715
225,0.9998430013656616,1,0.7381720806129675
225,0.9019937515258789,0,0.4958777254637646
225,0.9999587535858154,0,0.7421902458661873
225,0.9999935626983643,0,0.7432803909590715
225,0.9999970197677612,0,0.7432803909590715
225,0.9999982118606567,0,0.7432803909590715
225,0.9999982118606567,0,0.7432803909590715
225,0.9999792575836182,0,0.7429020114929162
225,0.9999969005584717,0,0.7432803909590715
225,0.9999934434890747,0,0.7432803909590715
225,0.999997615814209,0,0.7432803909590715
225,0.9999961853027344,0,0.7432803909590715
225,0.9999943971633911,0,0.7432803909590715
225,0.9999986886978149,0,0.7432803909590715
225,0.9999781847000122,0,0.7428647679426804
225,0.999999,0,0.7432803909590715
225,0.9999849796295166,0,0.7431006437608406
225,0.9999971389770508,0,0.7432803909590715
225,0.9999935626983643,0,0.7432803909590715
225,0.9999914169311523,0,0.7432803909590715
225,0.9999836683273315,0,0.743055123866108
225,0.9999791383743286,0,0.7428978733206678
225,0.999990701675415,0,0.7432803909590715
225,0.9999908208847046,0,0.7432803909590715
225,0.9999964237213135,0,0.7432803909590715
225,0.9999978542327881,0,0.7432803909590715
225,0.999999,0,0.7432803909590715
225,0.99998939037323,0,0.7432537561340323
225,0.9984318614006042,0,0.6891864666222473
225,0.9999966621398926,0,0.7432803909590715
225,0.9995773434638977,0,0.7289501637573544
225,0.9999972581863403,0,0.7432803909590715
225,0.999995231628418,0,0.7432803909590715
225,0.9998980760574341,0,0.7400839161917394
225,0.999999,0,0.7432803909590715
225,0.9999932050704956,0,0.7432803909590715
225,0.9999953508377075,0,0.7432803909590715
225,0.9999977350234985,0,0.7432803909590715
225,0.9994341731071472,0,0.723980218886997
225,0.9993547797203064,0,0.7212241961695466
225,0.9999722242355347,0,0.7426578593302592
225,0.9999949932098389,0,0.7432803909590715
225,0.9999909400939941,0,0.7432803909590715
225,0.9999767541885376,0,0.7428151098756993
225,0.9997802376747131,0,0.7359933329241722
225,0.9999912977218628,0,0.7432803909590715
225,0.9999986886978149,0,0.7432803909590715
225,0.9999485015869141,0,0.7418343630528228
225,0.9999948740005493,0,0.7432803909590715
225,0.9999722242355347,0,0.7426578593302592
225,0.9999278783798218,0,0.7411184592538455
225,0.9866930842399597,0,0.5737040257402711
225,0.9999063014984131,0,0.7403694500768807
225,0.999997615814209,0,0.7432803909590715
225,0.9999754428863525,0,0.7427695899809666
225,0.9999986886978149,0,0.7432803909590715
226,0.999999,1,0.7432803909590715
226,0.9999969005584717,1,0.7432803909590715
226,0.9999988079071045,1,0.7432803909590715
226,0.9999974966049194,1,0.7432803909590715
226,0.9999852180480957,1,0.7431089201053375
226,0.9999957084655762,1,0.7432803909590715
226,0.9999982118606567,1,0.7432803909590715
226,0.9999948740005493,1,0.7432803909590715
226,0.9999971389770508,1,0.7432803909590715
226,0.999999,1,0.7432803909590715
226,0.9999974966049194,1,0.7432803909590715
226,0.9898281097412109,1,0.5773114848064382
226,0.9999337196350098,1,0.7413212296940183
226,0.9978002905845642,1,0.6672624300500963
226,0.9999984502792358,1,0.7432803909590715
226,0.9999123811721802,1,0.7405804968615504
226,0.9999974966049194,1,0.7432803909590715
226,0.9999983310699463,1,0.7432803909590715
226,0.9999618530273438,1,0.7422978383446464
226,0.999999,1,0.7432803909590715
226,0.999997615814209,1,0.7432803909590715
226,0.9999958276748657,1,0.7432803909590715
226,0.9999581575393677,1,0.7421695550049452
226,0.9999986886978149,1,0.7432803909590715
226,0.9998655319213867,1,0.7389541951679197
226,0.9999953508377075,1,0.7432803909590715
226,0.9985750913619995,1,0.6941584805787288
226,0.9999978542327881,1,0.7432803909590715
226,0.9999880790710449,0,0.7432082362392997
226,0.9999957084655762,1,0.7432803909590715
226,0.9999977350234985,1,0.7432803909590715
226,0.999996542930603,1,0.7432803909590715
226,0.9999450445175171,1,0.7417143560576185
226,0.999998927116394,1,0.7432803909590715
226,0.9999845027923584,1,0.7430840910718469
226,0.9999984502792358,1,0.7432803909590715
226,0.9999977350234985,1,0.7432803909590715
226,0.9999986886978149,1,0.7432803909590715
226,0.9999961853027344,1,0.7432803909590715
226,0.9998264908790588,1,0.7375989437565608
226,0.999998927116394,1,0.7432803909590715
226,0.9999979734420776,1,0.7432803909590715
226,0.9999736547470093,1,0.7427075173972403
226,0.999996542930603,1,0.7432803909590715
226,0.9999977350234985,1,0.7432803909590715
226,0.9999960660934448,1,0.7432803909590715
226,0.9999697208404541,1,0.7425709577130424
226,0.9999979734420776,1,0.7432803909590715
226,0.9999971389770508,1,0.7432803909590715
226,0.9993295669555664,1,0.7203489727390049
226,0.978915274143219,0,0.5647541363255869
226,0.9999880790710449,1,0.7432082362392997
226,0.9999986886978149,1,0.7432803909590715
226,0.9999982118606567,1,0.7432803909590715
226,0.9999865293502808,1,0.7431544400000701
226,0.9999967813491821,1,0.7432803909590715
226,0.9999963045120239,1,0.7432803909590715
226,0.9999969005584717,1,0.7432803909590715
226,0.9999921321868896,1,0.7432803909590715
226,0.9999911785125732,1,0.7432803909590715
226,0.993590235710144,1,0.5816405454246928
226,0.999968409538269,1,0.7425254378183097
226,0.9999986886978149,1,0.7432803909590715
226,0.999999,1,0.7432803909590715
226,0.999998927116394,1,0.7432803909590715
226,0.999999,1,0.7432803909590715
226,0.9999966621398926,1,0.7432803909590715
226,0.9999986886978149,1,0.7432803909590715
226,0.9999899864196777,1,0.7432744469952745
226,0.9999977350234985,1,0.7432803909590715
226,0.999998927116394,1,0.7432803909590715
226,0.9999665021896362,1,0.7424592270623349
227,0.9999583959579468,1,0.742177831349442
227,0.9999731779098511,1,0.7426909647082466
227,0.9999979734420776,1,0.7432803909590715
227,0.9999545812606812,1,0.7420454098374925
227,0.9999569654464722,1,0.742128173282461
227,0.9999778270721436,1,0.7428523534259351
227,0.999999,1,0.7432803909590715
227,0.9999970197677612,1,0.7432803909590715
227,0.999999,1,0.7432803909590715
227,0.9999985694885254,1,0.7432803909590715
227,0.9999971389770508,1,0.7432803909590715
227,0.7977073192596436,1,0.3109668490660477
227,0.9868871569633484,1,0.5739273443082397
227,0.9999489784240723,1,0.7418509157418165
227,0.9999969005584717,1,0.7432803909590715
227,0.9999638795852661,1,0.7423681872728696
227,0.9999983310699463,1,0.7432803909590715
227,0.9999943971633911,1,0.7432803909590715
227,0.9999767541885376,1,0.7428151098756993
227,0.9999982118606567,1,0.7432803909590715
227,0.999999,1,0.7432803909590715
227,0.999993085861206,1,0.7432803909590715
227,0.999999,1,0.7432803909590715
227,0.9999923706054688,1,0.7432803909590715
227,0.9999978542327881,1,0.7432803909590715
227,0.9999966621398926,1,0.7432803909590715
227,0.7280429005622864,0,0.22459893048128343
227,0.9999960660934448,0,0.7432803909590715
227,0.9999977350234985,0,0.7432803909590715
227,0.9999979734420776,0,0.7432803909590715
227,0.9999988079071045,0,0.7432803909590715
227,0.999999,0,0.7432803909590715
227,0.9999980926513672,0,0.7432803909590715
227,0.9999983310699463,0,0.7432803909590715
227,0.9999978542327881,0,0.7432803909590715
227,0.999999,0,0.7432803909590715
227,0.999929666519165,0,0.7411805318375718
227,0.9999765157699585,0,0.7428068335312025
227,0.9999974966049194,0,0.7432803909590715
227,0.9999986886978149,0,0.7432803909590715
227,0.999999,0,0.7432803909590715
227,0.999999,0,0.7432803909590715
227,0.9999961853027344,0,0.7432803909590715
227,0.9999967813491821,0,0.7432803909590715
227,0.9999901056289673,0,0.7432785851675229
227,0.9999086856842041,0,0.7404522135218492
227,0.8356346487998962,0,0.38130604646251437
227,0.9946978092193604,0,0.5829150250407834
227,0.999999,0,0.7432803909590715
227,0.999999,0,0.7432803909590715
227,0.9999798536300659,0,0.7429227023541584
227,0.9999985694885254,0,0.7432803909590715
227,0.9999985694885254,0,0.7432803909590715
227,0.999999,1,0.7432803909590715
227,0.9999979734420776,0,0.7432803909590715
227,0.9999969005584717,0,0.7432803909590715
227,0.9999979734420776,0,0.7432803909590715
227,0.9999971389770508,0,0.7432803909590715
227,0.999974250793457,0,0.7427282082584824
227,0.9999988079071045,0,0.7432803909590715
227,0.9999966621398926,0,0.7432803909590715
227,0.9999979734420776,1,0.7432803909590715
227,0.9999756813049316,0,0.7427778663254635
227,0.999993085861206,0,0.7432803909590715
227,0.9999982118606567,0,0.7432803909590715
227,0.9999977350234985,0,0.7432803909590715
227,0.9999982118606567,0,0.7432803909590715
227,0.999999,0,0.7432803909590715
227,0.9999774694442749,0,0.7428399389091899
227,0.9999949932098389,0,0.7432803909590715
227,0.9999982118606567,0,0.7432803909590715
227,0.999993085861206,0,0.7432803909590715
227,0.9999977350234985,0,0.7432803909590715
227,0.9999949932098389,0,0.7432803909590715
227,0.9999983310699463,0,0.7432803909590715
227,0.9999912977218628,0,0.7432803909590715
227,0.9999988079071045,0,0.7432803909590715
228,0.9999986886978149,1,0.7432803909590715
228,0.9999964237213135,1,0.7432803909590715
228,0.9999979734420776,1,0.7432803909590715
228,0.9999788999557495,1,0.742889596976171
228,0.9999988079071045,1,0.7432803909590715
228,0.9999977350234985,1,0.7432803909590715
228,0.999999,1,0.7432803909590715
228,0.9999871253967285,1,0.7431751308613123
228,0.9999983310699463,1,0.7432803909590715
228,0.999999,1,0.7432803909590715
228,0.8023080229759216,1,0.31949921374304113
228,0.9999951124191284,1,0.7432803909590715
228,0.9999983310699463,1,0.7432803909590715
228,0.9999951124191284,1,0.7432803909590715
228,0.9999816417694092,1,0.7429847749378847
228,0.9999966621398926,1,0.7432803909590715
228,0.9998327493667603,0,0.7378161977996031
228,0.9999960660934448,0,0.7432803909590715
228,0.9999983310699463,0,0.7432803909590715
228,0.9999984502792358,0,0.7432803909590715
228,0.9999986886978149,0,0.7432803909590715
228,0.9999973773956299,0,0.7432803909590715
228,0.999999,0,0.7432803909590715
228,0.9998306035995483,0,0.7377417106991314
228,0.9999948740005493,0,0.7432803909590715
228,0.9999984502792358,0,0.7432803909590715
228,0.9999974966049194,0,0.7432803909590715
228,0.999995231628418,0,0.7432803909590715
228,0.9999971389770508,0,0.7432803909590715
229,0.9999980926513672,1,0.7432803909590715
229,0.999999,1,0.7432803909590715
229,0.9999971389770508,1,0.7432803909590715
229,0.9999971389770508,1,0.7432803909590715
229,0.999994158744812,1,0.7432803909590715
229,0.9999955892562866,1,0.7432803909590715
229,0.9999927282333374,1,0.7432803909590715
229,0.999992847442627,1,0.7432803909590715
229,0.9999814033508301,1,0.7429764985933879
229,0.9999970197677612,1,0.7432803909590715
229,0.9999970197677612,1,0.7432803909590715
229,0.9999257326126099,1,0.7410439721533738
229,0.9999984502792358,1,0.7432803909590715
229,0.999999,1,0.7432803909590715
229,0.9999974966049194,1,0.7432803909590715
229,0.999999,1,0.7432803909590715
229,0.9854151010513306,1,0.5722334565093703
229,0.999996542930603,1,0.7432803909590715
229,0.9999983310699463,1,0.7432803909590715
229,0.999998927116394,1,0.7432803909590715
229,0.999999,1,0.7432803909590715
229,0.9999980926513672,1,0.7432803909590715
229,0.9999983310699463,1,0.7432803909590715
229,0.9999979734420776,1,0.7432803909590715
229,0.9999980926513672,1,0.7432803909590715
229,0.9999963045120239,1,0.7432803909590715
229,0.999828577041626,1,0.7376713617709082
229,0.9999983310699463,1,0.7432803909590715
229,0.9999699592590332,1,0.7425792340575392
229,0.9999980926513672,1,0.7432803909590715
229,0.9999964237213135,1,0.7432803909590715
229,0.9999974966049194,1,0.7432803909590715
229,0.9999986886978149,1,0.7432803909590715
229,0.9999046325683594,1,0.7403115156654028
229,0.999999,1,0.7432803909590715
229,0.999999,1,0.7432803909590715
229,0.9999984502792358,1,0.7432803909590715
229,0.9999988079071045,1,0.7432803909590715
229,0.9999973773956299,1,0.7432803909590715
229,0.9999982118606567,1,0.7432803909590715
229,0.6162958741188049,1,0.22459893048128343
229,0.9999904632568359,1,0.7432803909590715
229,0.9999969005584717,1,0.7432803909590715
229,0.999999,1,0.7432803909590715
229,0.999999,1,0.7432803909590715
229,0.9999961853027344,1,0.7432803909590715
229,0.9999954700469971,1,0.7432803909590715
229,0.9999656677246094,1,0.7424302598565959
229,0.9999886751174927,1,0.7432289271005418
229,0.999999,1,0.7432803909590715
229,0.9999949932098389,1,0.7432803909590715
229,0.9999982118606567,1,0.7432803909590715
229,0.9999967813491821,1,0.7432803909590715
229,0.9999979734420776,1,0.7432803909590715
229,0.999999,1,0.7432803909590715
229,0.9999973773956299,1,0.7432803909590715
229,0.9999943971633911,1,0.7432803909590715
229,0.9999953508377075,1,0.7432803909590715
229,0.999997615814209,1,0.7432803909590715
229,0.9999985694885254,1,0.7432803909590715
229,0.9999986886978149,1,0.7432803909590715
229,0.9999983310699463,1,0.7432803909590715
229,0.999999,1,0.7432803909590715
229,0.998816728591919,0,0.7025465557262844
229,0.9999960660934448,1,0.7432803909590715
229,0.9999599456787109,1,0.7422316275886716
229,0.999999,1,0.7432803909590715
229,0.9999935626983643,1,0.7432803909590715
230,0.999991774559021,1,0.7432803909590715
230,0.999995231628418,1,0.7432803909590715
230,0.9999971389770508,1,0.7432803909590715
230,0.9941605925559998,1,0.5822968523586273
230,0.9999866485595703,1,0.7431585781723186
230,0.9990547299385071,1,0.7108084166202632
230,0.999992847442627,1,0.7432803909590715
230,0.999967098236084,1,0.742479917923577
230,0.9999984502792358,1,0.7432803909590715
230,0.9999450445175171,1,0.7417143560576185
230,0.6231851577758789,0,0.22459893048128343
230,0.9999080896377563,1,0.7404315226606071
230,0.9999823570251465,1,0.7430096039713753
230,0.9999911785125732,1,0.7432803909590715
230,0.9999760389328003,1,0.7427902808422088
230,0.9999960660934448,1,0.7432803909590715
230,0.999996542930603,1,0.7432803909590715
230,0.9999972581863403,1,0.7432803909590715
230,0.9999954700469971,1,0.7432803909590715
230,0.9999978542327881,1,0.7432803909590715
230,0.999999,1,0.7432803909590715
230,0.9999988079071045,1,0.7432803909590715
230,0.999998927116394,0,0.7432803909590715
230,0.9999985694885254,1,0.7432803909590715
230,0.9999889135360718,1,0.7432372034450386
230,0.9999984502792358,1,0.7432803909590715
230,0.999999,1,0.7432803909590715
230,0.9999849796295166,1,0.7431006437608406
230,0.9999982118606567,1,0.7432803909590715
230,0.9999922513961792,1,0.7432803909590715
230,0.9999978542327881,1,0.7432803909590715
230,0.9999969005584717,1,0.7432803909590715
230,0.9999986886978149,1,0.7432803909590715
230,0.9999970197677612,1,0.7432803909590715
230,0.999998927116394,1,0.7432803909590715
230,0.9999988079071045,1,0.7432803909590715
230,0.9999978542327881,1,0.7432803909590715
230,0.9999938011169434,1,0.7432803909590715
230,0.999992847442627,1,0.7432803909590715
230,0.999840497970581,1,0.7380851789957507
230,0.99904865026474,1,0.7105973698355935
230,0.9999973773956299,1,0.7432803909590715
230,0.9999914169311523,1,0.7432803909590715
230,0.9999984502792358,1,0.7432803909590715
230,0.999999,1,0.7432803909590715
230,0.999984860420227,1,0.7430965055885922
230,0.9999983310699463,1,0.7432803909590715
230,0.9999949932098389,1,0.7432803909590715
230,0.999997615814209,1,0.7432803909590715
230,0.9999985694885254,1,0.7432803909590715
230,0.9999829530715942,1,0.7430302948326174
230,0.9999983310699463,1,0.7432803909590715
230,0.9999954700469971,1,0.7432803909590715
230,0.9999943971633911,1,0.7432803909590715
230,0.999999,1,0.7432803909590715
230,0.9999940395355225,1,0.7432803909590715
230,0.9999973773956299,1,0.7432803909590715
230,0.9999630451202393,1,0.7423392200671306
230,0.9999887943267822,1,0.7432330652727902
230,0.9999886751174927,1,0.7432289271005418
230,0.21632272005081177,1,0.22459893048128343
230,3.436698989389697e-06,0,0.22459893048128343
230,4.536875621852232e-06,0,0.22459893048128343
230,0.9868696331977844,1,0.57390717979381
230,0.9529838562011719,0,0.534914975937172
230,0.999998927116394,0,0.7432803909590715
230,0.9831084609031677,0,0.5695792165640958
230,0.9999984502792358,0,0.7432803909590715
230,0.9999918937683105,0,0.7432803909590715
230,0.9999986886978149,0,0.7432803909590715
230,0.9999986886978149,0,0.7432803909590715
230,0.9999915361404419,0,0.7432803909590715
230,0.999994158744812,0,0.7432803909590715
230,0.9999591112136841,0,0.7422026603829326
230,0.9999583959579468,0,0.742177831349442
230,0.9999978542327881,0,0.7432803909590715
231,0.999999,1,0.7432803909590715
231,0.9999709129333496,1,0.7426123394355265
231,0.9995383024215698,1,0.7275949123459955
231,0.9999876022338867,1,0.743191683550306
231,0.9999948740005493,1,0.7432803909590715
231,0.999999,1,0.7432803909590715
231,0.9999945163726807,1,0.7432803909590715
231,0.9993701577186584,1,0.7217580203895934
231,0.999999,1,0.7432803909590715
231,0.9994248151779175,0,0.7236553723654958
231,0.9999974966049194,1,0.7432803909590715
231,0.999995231628418,1,0.7432803909590715
231,0.9999979734420776,1,0.7432803909590715
231,0.9999892711639404,1,0.7432496179617839
231,0.9999949932098389,1,0.7432803909590715
231,0.9999849796295166,1,0.7431006437608406
231,0.9999387264251709,1,0.7414950329284521
231,0.9999926090240479,1,0.7432803909590715
231,0.9999697208404541,1,0.7425709577130424
231,0.9999598264694214,1,0.7422274894164231
231,0.9999974966049194,1,0.7432803909590715
231,0.9999951124191284,1,0.7432803909590715
231,0.999999,1,0.7432803909590715
231,0.999999,1,0.7432803909590715
231,0.999999,1,0.7432803909590715
231,0.999991774559021,1,0.7432803909590715
231,0.999999,1,0.7432803909590715
231,0.9999912977218628,1,0.7432803909590715
231,0.9999984502792358,1,0.7432803909590715
231,0.9999946355819702,1,0.7432803909590715
231,0.999976396560669,1,0.742802695358954
231,0.999940037727356,1,0.7415405528231848
231,0.9999892711639404,1,0.7432496179617839
231,0.9999935626983643,1,0.7432803909590715
231,0.999999,1,0.7432803909590715
231,0.9998987913131714,1,0.74010874522523
231,0.9999885559082031,1,0.7432247889282934
231,0.9999969005584717,1,0.7432803909590715
231,0.9999977350234985,1,0.7432803909590715
231,0.999999,1,0.7432803909590715
231,0.999996542930603,1,0.7432803909590715
231,0.999995231628418,1,0.7432803909590715
232,0.9999973773956299,1,0.7432803909590715
232,0.9999954700469971,1,0.7432803909590715
232,0.9999984502792358,1,0.7432803909590715
232,0.9999881982803345,1,0.7432123744115481
232,0.9999679327011108,1,0.742508885129316
232,0.9999401569366455,1,0.7415446909954332
232,0.999999,1,0.7432803909590715
232,0.9999396800994873,1,0.7415281383064395
232,0.9999874830245972,1,0.7431875453780575
232,0.999862551689148,0,0.7388507408617091
232,0.9999984502792358,0,0.7432803909590715
232,0.9999978542327881,0,0.7432803909590715
232,0.9999287128448486,0,0.7411474264595844
232,0.9999918937683105,0,0.7432803909590715
232,0.999998927116394,0,0.7432803909590715
232,0.9999829530715942,0,0.7430302948326174
232,0.999999,0,0.7432803909590715
232,0.9999983310699463,0,0.7432803909590715
232,0.9999988079071045,0,0.7432803909590715
232,0.9999985694885254,0,0.7432803909590715
232,0.999999,0,0.7432803909590715
232,0.999999,0,0.7432803909590715
232,0.999996542930603,0,0.7432803909590715
232,0.999998927116394,0,0.7432803909590715
232,0.9999983310699463,0,0.7432803909590715
232,0.9999988079071045,0,0.7432803909590715
232,0.9999977350234985,0,0.7432803909590715
232,0.999957799911499,0,0.7421571404881999
232,0.9999967813491821,0,0.7432803909590715
232,0.9999980926513672,0,0.7432803909590715
232,0.9999947547912598,0,0.7432803909590715
232,0.9999984502792358,0,0.7432803909590715
232,0.999993085861206,1,0.7432803909590715
232,0.9999616146087646,0,0.7422895620001495
232,0.9999984502792358,0,0.7432803909590715
232,0.9999836683273315,0,0.743055123866108
232,0.9999929666519165,0,0.7432803909590715
232,0.999999,0,0.7432803909590715
232,0.999984622001648,0,0.7430882292440953
232,0.9999972581863403,0,0.7432803909590715
232,0.999998927116394,0,0.7432803909590715
232,0.999998927116394,0,0.7432803909590715
232,0.9999948740005493,0,0.7432803909590715
232,0.9999954700469971,0,0.7432803909590715
232,0.9999922513961792,0,0.7432803909590715
232,0.9999910593032837,0,0.7432803909590715
233,0.9999932050704956,1,0.7432803909590715
233,0.40791764855384827,0,0.22459893048128343
233,1e-06,0,0.22459893048128343
233,0.8490781188011169,0,0.40623801245041136
233,0.901120662689209,0,0.4944057872162006
233,0.9999977350234985,0,0.7432803909590715
233,0.9999969005584717,0,0.7432803909590715
233,0.9999947547912598,0,0.7432803909590715
233,0.9999352693557739,0,0.7413750259332478
233,0.999997615814209,0,0.7432803909590715
233,0.999997615814209,0,0.7432803909590715
233,0.999999,0,0.7432803909590715
233,0.9999945163726807,0,0.7432803909590715
233,0.999999,0,0.7432803909590715
233,0.999982476234436,0,0.7430137421436237
233,0.9999966621398926,0,0.7432803909590715
233,0.9999966621398926,0,0.7432803909590715
233,0.9999973773956299,0,0.7432803909590715
233,0.9968754053115845,0,0.635156420660698
233,0.9999933242797852,0,0.7432803909590715
233,0.999994158744812,0,0.7432803909590715
233,0.9998897314071655,0,0.7397942441343498
233,0.8720646500587463,0,0.44542032947560534
233,0.9999867677688599,0,0.743162716344567
233,0.999999,0,0.7432803909590715
233,0.9999582767486572,0,0.7421736931771936
233,0.9999191761016846,0,0.7408163726797105
233,0.9999953508377075,0,0.7432803909590715
233,0.9999947547912598,0,0.7432803909590715
233,0.9999876022338867,0,0.743191683550306
233,0.9998983144760132,0,0.7400921925362363
233,0.9995445609092712,0,0.7278121663890378
233,0.999998927116394,0,0.7432803909590715
233,0.9999972581863403,0,0.7432803909590715
233,0.999984860420227,0,0.7430965055885922
233,0.9999984502792358,0,0.7432803909590715
233,0.999999,0,0.7432803909590715
233,0.9999951124191284,0,0.7432803909590715
233,0.9980117082595825,0,0.6746014785326765
233,0.9999915361404419,0,0.7432803909590715
234,0.999009370803833,1,0.7092338420797378
234,0.9999984502792358,1,0.7432803909590715
234,0.9999985694885254,1,0.7432803909590715
234,0.9999966621398926,1,0.7432803909590715
234,0.9999979734420776,1,0.7432803909590715
234,0.9999963045120239,1,0.7432803909590715
234,0.9999908208847046,1,0.7432803909590715
234,0.9976934790611267,1,0.6635546277155083
234,0.9999960660934448,1,0.7432803909590715
234,0.9999959468841553,1,0.7432803909590715
234,0.999999,1,0.7432803909590715
234,0.9999929666519165,1,0.7432803909590715
234,0.99998939037323,1,0.7432537561340323
234,0.9999986886978149,1,0.7432803909590715
234,0.9999983310699463,1,0.7432803909590715
234,0.9999985694885254,1,0.7432803909590715
234,0.9999971389770508,1,0.7432803909590715
234,0.9999978542327881,1,0.7432803909590715
234,0.999999,1,0.7432803909590715
234,0.9995797276496887,1,0.7290329272023229
234,0.9949578642845154,1,0.5832142691783898
234,0.9999946355819702,1,0.7432803909590715
234,0.9483222365379333,1,0.5295508721649823
234,0.9999983310699463,1,0.7432803909590715
234,0.9999964237213135,1,0.7432803909590715
234,0.999999,1,0.7432803909590715
234,0.9999957084655762,1,0.7432803909590715
234,0.9999853372573853,1,0.7431130582775859
234,0.9999649524688721,1,0.7424054308231054
234,0.9997827410697937,1,0.7360802345413892
234,0.9999947547912598,1,0.7432803909590715
234,0.999999,1,0.7432803909590715
234,0.9999988079071045,1,0.7432803909590715
234,0.9999808073043823,1,0.7429558077321458
234,0.9999980926513672,1,0.7432803909590715
234,0.9999977350234985,1,0.7432803909590715
234,0.9999139308929443,1,0.7406342931007799
234,0.9999945163726807,1,0.7432803909590715
234,0.9999974966049194,1,0.7432803909590715
234,0.9999768733978271,1,0.7428192480479477
234,0.9999955892562866,1,0.7432803909590715
234,0.999075174331665,1,0.7115181131608679
235,0.9999977350234985,1,0.7432803909590715
235,0.9999927282333374,1,0.7432803909590715
235,0.9999852180480957,1,0.7431089201053375
235,0.9999277591705322,1,0.741114321081597
235,0.9999961853027344,1,0.7432803909590715
235,0.999999,1,0.7432803909590715
235,0.9999880790710449,1,0.7432082362392997
235,0.9999916553497314,1,0.7432803909590715
235,0.9999972581863403,1,0.7432803909590715
235,0.999999,1,0.7432803909590715
235,0.9999980926513672,1,0.7432803909590715
235,0.9999948740005493,1,0.7432803909590715
235,0.999999,1,0.7432803909590715
235,0.9999986886978149,1,0.7432803909590715
235,0.9977657794952393,1,0.6660644291841775
235,0.9999982118606567,1,0.7432803909590715
235,0.9999953508377075,1,0.7432803909590715
235,0.9999973773956299,1,0.7432803909590715
235,0.9999984502792358,1,0.7432803909590715
235,0.999999,1,0.7432803909590715
235,0.9999963045120239,1,0.7432803909590715
235,0.9999988079071045,1,0.7432803909590715
235,0.9999973773956299,1,0.7432803909590715
236,0.9966512322425842,1,0.6273745877475364
236,0.999930739402771,1,0.7412177753878076
236,0.9999902248382568,1,0.7432803909590715
236,0.9999809265136719,1,0.7429599459043942
236,0.9999901056289673,1,0.7432785851675229
236,0.9991965889930725,1,0.7157328415958878
236,0.9994762539863586,1,0.7254409936906908
236,0.9999988079071045,1,0.7432803909590715
236,0.9999638795852661,1,0.7423681872728696
236,0.9999927282333374,1,0.7432803909590715
236,0.9999974966049194,1,0.7432803909590715
236,0.9999970197677612,1,0.7432803909590715
236,0.9991959929466248,1,0.7157121507346457
236,0.999999,1,0.7432803909590715
236,0.999999,1,0.7432803909590715
236,0.9999977350234985,1,0.7432803909590715
236,0.9999972581863403,1,0.7432803909590715
236,0.9997650980949402,1,0.7354677850486223
236,0.9998683929443359,1,0.7390535113018818
236,0.9999977350234985,1,0.7432803909590715
236,0.9999986886978149,1,0.7432803909590715
236,0.9999986886978149,1,0.7432803909590715
236,0.9999985694885254,1,0.7432803909590715
236,0.9999949932098389,1,0.7432803909590715
236,0.9999861717224121,1,0.7431420254833249
236,0.999999,1,0.7432803909590715
236,0.9999957084655762,1,0.7432803909590715
236,0.9999988079071045,1,0.7432803909590715
236,0.999984622001648,1,0.7430882292440953
236,0.999788224697113,1,0.7362705904648167
236,0.9999932050704956,1,0.7432803909590715
236,0.9999973773956299,1,0.7432803909590715
236,0.999997615814209,1,0.7432803909590715
236,0.999999,1,0.7432803909590715
236,0.999999,1,0.7432803909590715
236,0.9398700594902039,1,0.5198249918786777
236,0.999997615814209,1,0.7432803909590715
236,0.9999970197677612,1,0.7432803909590715
236,0.999998927116394,1,0.7432803909590715
236,0.999997615814209,1,0.7432803909590715
236,0.9999879598617554,1,0.7432040980670512
236,0.999999,1,0.7432803909590715
236,0.9999923706054688,1,0.7432803909590715
236,0.9999961853027344,1,0.7432803909590715
236,0.9892527461051941,1,0.5766494165826667
237,0.9999980926513672,1,0.7432803909590715
237,0.9999958276748657,1,0.7432803909590715
237,0.9999977350234985,1,0.7432803909590715
237,0.9978442192077637,1,0.6687873465236406
237,0.9999984502792358,1,0.7432803909590715
237,0.9999960660934448,0,0.7432803909590715
237,0.999055802822113,0,0.710845660170499
237,0.9999759197235107,0,0.7427861426699603
237,0.9999920129776001,0,0.7432803909590715
237,0.999996542930603,0,0.7432803909590715
237,0.9999911785125732,0,0.7432803909590715
237,0.9999961853027344,0,0.7432803909590715
237,0.9999890327453613,0,0.743241341617287
237,0.9999977350234985,0,0.7432803909590715
237,0.9999942779541016,0,0.7432803909590715
237,0.9999979734420776,0,0.7432803909590715
237,0.999999,0,0.7432803909590715
237,0.9999927282333374,0,0.7432803909590715
237,0.999999,0,0.7432803909590715
237,0.9999969005584717,0,0.7432803909590715
237,0.9999967813491821,0,0.7432803909590715
237,0.9999772310256958,0,0.742831662564693
237,0.9999682903289795,0,0.7425212996460613
237,0.9999275207519531,0,0.7411060447371002
237,0.9999918937683105,0,0.7432803909590715
237,0.999999,0,0.7432803909590715
237,0.9999978542327881,0,0.7432803909590715
237,0.999996542930603,0,0.7432803909590715
237,0.9999984502792358,0,0.7432803909590715
237,0.9999986886978149,0,0.7432803909590715
237,0.9999988079071045,0,0.7432803909590715
237,0.999998927116394,0,0.7432803909590715
237,0.9999916553497314,0,0.7432803909590715
237,0.9999300241470337,0,0.7411929463543171
237,0.999999,0,0.7432803909590715
237,0.9999967813491821,0,0.7432803909590715
237,0.9999892711639404,0,0.7432496179617839
237,0.999999,0,0.7432803909590715
238,0.9999878406524658,1,0.7431999598948028
238,0.999998927116394,1,0.7432803909590715
238,0.9954038858413696,1,0.5840748224261508
238,0.999990701675415,1,0.7432803909590715
238,0.9999983310699463,1,0.7432803909590715
238,0.9999974966049194,1,0.7432803909590715
238,0.9999864101409912,1,0.7431503018278217
238,0.9988546371459961,1,0.7038624945012832
238,0.9999972581863403,1,0.7432803909590715
238,0.9999675750732422,1,0.7424964706125707
238,0.9999531507492065,1,0.7419957517705114
238,0.9999924898147583,1,0.7432803909590715
238,0.9999678134918213,1,0.7425047469570676
238,0.999976634979248,1,0.7428109717034509
238,0.9997240900993347,1,0.7340442537951645
238,0.9993062019348145,1,0.7195378909783138
238,0.9916388392448425,1,0.579395082710712
238,0.9999791383743286,1,0.7428978733206678
238,0.9999955892562866,1,0.7432803909590715
238,0.9999985694885254,1,0.7432803909590715
238,0.9999220371246338,1,0.7409156888136726
238,0.999975323677063,1,0.7427654518087182
238,0.9999889135360718,1,0.7432372034450386
238,0.6664448380470276,1,0.22459893048128343
238,0.9975863695144653,1,0.6598364799502993
238,0.9998584985733032,1,0.7387100430052627
238,0.9601721167564392,1,0.5431864734735464
238,0.9999023675918579,1,0.7402328903926827
238,0.9999943971633911,1,0.7432803909590715
238,0.9999974966049194,1,0.7432803909590715
238,0.9999973773956299,1,0.7432803909590715
238,0.9999985694885254,1,0.7432803909590715
238,0.9999780654907227,1,0.742860629770432
238,0.9988289475440979,0,0.7029707183817478
238,0.9999955892562866,1,0.7432803909590715
238,0.9999978542327881,1,0.7432803909590715
238,0.9999828338623047,1,0.743026156660369
238,0.9999806880950928,1,0.7429516695598973
238,0.9998637437820435,1,0.7388921225841933
238,0.9999908208847046,1,0.7432803909590715
238,0.9999988079071045,1,0.7432803909590715
238,0.9999960660934448,1,0.7432803909590715
238,0.999999,1,0.7432803909590715
238,0.9757153391838074,1,0.5610719862518898
238,0.9999980926513672,1,0.7432803909590715
238,0.9998977184295654,1,0.7400715016749941
238,0.999999,1,0.7432803909590715
238,0.999999,1,0.7432803909590715
238,0.9999957084655762,1,0.7432803909590715
238,0.9999781847000122,1,0.7428647679426804
238,0.9999393224716187,1,0.7415157237896942
238,0.9999957084655762,1,0.7432803909590715
238,0.9991641044616699,1,0.7146051896581923
238,0.9999864101409912,1,0.7431503018278217
238,0.9122591614723206,1,0.5031190453793084
238,0.9999921321868896,1,0.7432803909590715
239,0.9997227787971497,1,0.7339987339004318
239,0.9991067051887512,0,0.7126126597205761
239,0.9999885559082031,1,0.7432247889282934
239,0.9999921321868896,1,0.7432803909590715
239,0.999999,1,0.7432803909590715
239,0.999998927116394,1,0.7432803909590715
239,0.999999,1,0.7432803909590715
239,0.993439257144928,1,0.581466815101393
239,0.9999744892120361,0,0.7427364846029793
239,0.9998774528503418,1,0.7393680123927621
239,0.9999978542327881,1,0.7432803909590715
239,0.9999966621398926,1,0.7432803909590715
239,0.9999978542327881,1,0.7432803909590715
239,0.9999735355377197,1,0.7427033792249919
239,0.9999878406524658,1,0.7431999598948028
239,0.9999984502792358,1,0.7432803909590715
239,0.9999936819076538,1,0.7432803909590715
239,0.9999984502792358,1,0.7432803909590715
239,0.9996747970581055,1,0.7323331195704411
239,0.9999947547912598,1,0.7432803909590715
239,0.9999979734420776,1,0.7432803909590715
239,0.9999986886978149,1,0.7432803909590715
239,0.8397761583328247,0,0.38898679963146165
239,0.9993070363998413,0,0.7195668581840527
239,0.999999,0,0.7432803909590715
239,0.9999986886978149,0,0.7432803909590715
239,0.9999984502792358,0,0.7432803909590715
239,0.9999971389770508,0,0.7432803909590715
239,0.9999949932098389,0,0.7432803909590715
239,0.9999871253967285,1,0.7431751308613123
239,0.9499191641807556,0,0.5313884492758584
239,0.9999983310699463,0,0.7432803909590715
239,0.9999957084655762,0,0.7432803909590715
239,0.9999988079071045,0,0.7432803909590715
239,0.9999837875366211,0,0.7430592620383564
239,0.9999245405197144,0,0.7410025904308896
239,0.9999973773956299,0,0.7432803909590715
239,0.9999961853027344,0,0.7432803909590715
239,0.9999985694885254,0,0.7432803909590715
239,0.9999953508377075,0,0.7432803909590715
239,0.9999760389328003,0,0.7427902808422088
239,0.9997197985649109,0,0.7338952795942212
239,0.9990360736846924,0,0.7101607926633847
239,0.999999,0,0.7432803909590715
239,0.9999948740005493,0,0.7432803909590715
239,0.999999,0,0.7432803909590715
239,0.9999972581863403,0,0.7432803909590715
239,0.999994158744812,0,0.7432803909590715
239,0.9999228715896606,0,0.7409446560194116
239,0.9999856948852539,0,0.7431254727943312
239,0.9999940395355225,0,0.7432803909590715
239,0.9999985694885254,0,0.7432803909590715
239,0.9999977350234985,0,0.7432803909590715
239,0.999999,0,0.7432803909590715
239,0.9999982118606567,0,0.7432803909590715
239,0.999999,0,0.7432803909590715
239,0.9999980926513672,0,0.7432803909590715
239,0.9995205402374268,0,0.7269783246809803
239,0.999999,1,0.7432803909590715
239,0.999998927116394,0,0.7432803909590715
239,0.9999797344207764,0,0.7429185641819099
239,0.9999927282333374,0,0.7432803909590715
240,0.9999936819076538,1,0.7432803909590715
240,0.9999221563339233,1,0.7409198269859211
240,0.999985933303833,1,0.743133749138828
240,0.9999961853027344,1,0.7432803909590715
240,0.9999964237213135,1,0.7432803909590715
240,0.9999963045120239,1,0.7432803909590715
240,0.9999984502792358,1,0.7432803909590715
240,0.999999,1,0.7432803909590715
240,0.999999,1,0.7432803909590715
240,0.9999964237213135,1,0.7432803909590715
240,0.9999947547912598,1,0.7432803909590715
240,0.9999988079071045,1,0.7432803909590715
240,0.9999964237213135,1,0.7432803909590715
240,0.9999983310699463,1,0.7432803909590715
240,0.9999974966049194,1,0.7432803909590715
240,0.9999948740005493,1,0.7432803909590715
240,0.9999943971633911,1,0.7432803909590715
240,0.9999983310699463,1,0.7432803909590715
240,0.9999986886978149,1,0.7432803909590715
240,0.999999,1,0.7432803909590715
240,0.9999982118606567,1,0.7432803909590715
240,0.9999943971633911,1,0.7432803909590715
240,0.7241758704185486,1,0.22459893048128343
240,0.9999949932098389,0,0.7432803909590715
240,0.999999,0,0.7432803909590715
240,0.9996659755706787,0,0.7320268948240577
240,0.6846712231636047,0,0.22459893048128343
240,0.9999979734420776,0,0.7432803909590715
240,0.9999973773956299,0,0.7432803909590715
240,0.9999979734420776,0,0.7432803909590715
240,0.9999982118606567,0,0.7432803909590715
240,0.9999973773956299,0,0.7432803909590715
240,0.5074403882026672,0,0.22459893048128343
240,0.9999430179595947,0,0.7416440071293954
240,0.999999,0,0.7432803909590715
240,0.9999748468399048,0,0.7427488991197245
240,0.9999926090240479,0,0.7432803909590715
240,0.999968409538269,0,0.7425254378183097
240,0.999940037727356,0,0.7415405528231848
240,0.9999988079071045,0,0.7432803909590715
240,0.9999914169311523,0,0.7432803909590715
240,0.9998950958251953,0,0.7399804618855288
240,0.9988939166069031,0,0.705226022257139
240,0.9983853101730347,0,0.6875705103592377
241,0.9998934268951416,1,0.7399225274740509
241,0.9999949932098389,1,0.7432803909590715
241,0.999800980091095,1,0.736713374895398
241,0.999980092048645,1,0.7429309786986552
241,0.9979745745658875,1,0.6733124378772923
241,0.9406232833862305,1,0.5206917230652313
241,0.9998500347137451,1,0.7384162327756245
241,0.999968409538269,1,0.7425254378183097
241,0.9999935626983643,1,0.7432803909590715
241,0.9999977350234985,1,0.7432803909590715
241,0.999997615814209,1,0.7432803909590715
241,0.9999985694885254,1,0.7432803909590715
241,0.9999988079071045,1,0.7432803909590715
241,0.999996542930603,1,0.7432803909590715
241,0.9999949932098389,1,0.7432803909590715
241,0.9999985694885254,1,0.7432803909590715
241,0.9999960660934448,1,0.7432803909590715
241,0.999970555305481,1,0.7425999249187812
241,0.9996771812438965,1,0.7324158830154096
241,0.999999,1,0.7432803909590715
241,0.999997615814209,1,0.7432803909590715
241,0.9999984502792358,1,0.7432803909590715
241,0.9999591112136841,1,0.7422026603829326
241,0.9999797344207764,1,0.7429185641819099
241,0.45595425367355347,1,0.22459893048128343
241,0.9999947547912598,1,0.7432803909590715
241,0.9999954700469971,1,0.7432803909590715
241,0.9999911785125732,1,0.7432803909590715
241,0.9989326596260071,1,0.7065709282378768
241,0.9999550580978394,1,0.7420619625264862
241,0.9998563528060913,1,0.738635555904791
241,0.999999,1,0.7432803909590715
241,0.9999932050704956,1,0.7432803909590715
241,0.9999953508377075,1,0.7432803909590715
241,0.9999979734420776,1,0.7432803909590715
241,0.9999978542327881,1,0.7432803909590715
241,0.9999189376831055,1,0.7408080963352136
241,0.9999978542327881,1,0.7432803909590715
241,0.9997044205665588,1,0.7333614553741745
241,0.9998884201049805,1,0.7397487242396171
241,0.9999728202819824,1,0.7426785501915013
241,0.999988317489624,1,0.7432165125837965
241,0.9999988079071045,1,0.7432803909590715
241,0.9999985694885254,1,0.7432803909590715
241,0.9999972581863403,1,0.7432803909590715
241,0.9996997117996216,1,0.7331979975703617
241,0.9999978542327881,1,0.7432803909590715
241,0.9999969005584717,1,0.7432803909590715
241,0.9999979734420776,1,0.7432803909590715
241,0.9999985694885254,1,0.7432803909590715
241,0.9999980926513672,1,0.7432803909590715
241,0.9999483823776245,1,0.7418302248805744
241,0.9999849796295166,1,0.7431006437608406
241,0.9999985694885254,1,0.7432803909590715
241,0.999996542930603,1,0.7432803909590715
241,0.999998927116394,1,0.7432803909590715
241,0.9999880790710449,1,0.7432082362392997
241,0.9999802112579346,1,0.7429351168709036
241,0.834335446357727,1,0.37889657397538024
241,0.999993085861206,1,0.7432803909590715
241,0.9999972581863403,1,0.7432803909590715
241,0.9999986886978149,1,0.7432803909590715
241,0.9999932050704956,1,0.7432803909590715
241,0.9999459981918335,1,0.7417474614356059
241,0.999980092048645,1,0.7429309786986552
241,0.999999,1,0.7432803909590715
241,0.999998927116394,1,0.7432803909590715
241,0.9999762773513794,1,0.7427985571867056
241,0.9999985694885254,1,0.7432803909590715
241,0.9999985694885254,1,0.7432803909590715
241,0.9999936819076538,1,0.7432803909590715
241,0.9997177720069885,1,0.733824930665998
241,0.999999,1,0.7432803909590715
241,0.9999964237213135,1,0.7432803909590715
241,0.9999785423278809,1,0.7428771824594257
241,0.9999988079071045,1,0.7432803909590715
241,0.9996509552001953,1,0.7315054851207563
241,0.9999971389770508,1,0.7432803909590715
241,0.999995231628418,1,0.7432803909590715
241,0.999999,1,0.7432803909590715
241,0.9174377918243408,1,0.5051844992248912
241,0.9999977350234985,1,0.7432803909590715
241,0.9999969005584717,1,0.7432803909590715
241,0.9977593421936035,1,0.6658409678827627
241,0.9999972581863403,1,0.7432803909590715
241,0.9999984502792358,1,0.7432803909590715
241,0.9999982118606567,1,0.7432803909590715
241,0.9999970197677612,1,0.7432803909590715
241,0.9999974966049194,1,0.7432803909590715
241,0.999999,1,0.7432803909590715
242,0.9999895095825195,1,0.7432578943062808
242,0.9999947547912598,1,0.7432803909590715
242,0.9999829530715942,1,0.7430302948326174
242,0.9999914169311523,1,0.7432803909590715
242,0.9996153116226196,1,0.7302681716184775
242,0.9999916553497314,1,0.7432803909590715
242,0.9999979734420776,1,0.7432803909590715
242,0.9999945163726807,1,0.7432803909590715
242,0.9999500513076782,1,0.7418881592920523
242,0.9999886751174927,1,0.7432289271005418
242,0.9999985694885254,1,0.7432803909590715
242,0.9999979734420776,1,0.7432803909590715
242,0.9999980926513672,1,0.7432803909590715
242,0.9999964237213135,1,0.7432803909590715
242,0.999951958656311,1,0.7419543700480271
242,0.9999969005584717,1,0.7432803909590715
242,0.9998708963394165,1,0.7391404129190987
242,0.9998431205749512,1,0.7381762187852159
242,0.999998927116394,1,0.7432803909590715
242,0.999999,1,0.7432803909590715
242,0.9999970197677612,1,0.7432803909590715
242,0.6530202627182007,1,0.22459893048128343
242,0.9999985694885254,1,0.7432803909590715
242,0.9999978542327881,1,0.7432803909590715
242,0.8379619121551514,1,0.3856221382760738
242,0.9999970197677612,1,0.7432803909590715
242,0.9999926090240479,1,0.7432803909590715
242,0.9987371563911438,1,0.6997843257504613
242,0.9999858140945435,1,0.7431296109665796
242,0.9999741315841675,1,0.742724070086234
242,0.9973464012145996,1,0.6515063392142216
242,0.9965169429779053,1,0.6227129367096867
242,0.9959228038787842,1,0.6020882862235409
242,0.9999871253967285,1,0.7431751308613123
242,0.999992847442627,1,0.7432803909590715
242,0.999998927116394,1,0.7432803909590715
242,0.999999,1,0.7432803909590715
242,0.5765393376350403,1,0.22459893048128343
242,0.9999985694885254,1,0.7432803909590715
242,0.9743622541427612,1,0.5595149976734336
242,0.999999,1,0.7432803909590715
242,0.9996634721755981,1,0.7319399932068408
242,0.9999828338623047,1,0.743026156660369
242,0.9999954700469971,1,0.7432803909590715
242,0.999993085861206,1,0.7432803909590715
242,0.9999974966049194,1,0.7432803909590715
242,0.9995192289352417,0,0.7269328047862477
242,0.9999978542327881,0,0.7432803909590715
242,0.9999972581863403,0,0.7432803909590715
242,0.999999,0,0.7432803909590715
242,0.9999905824661255,0,0.7432803909590715
242,0.9999895095825195,0,0.7432578943062808
242,0.9999796152114868,0,0.7429144260096615
242,0.9681942462921143,0,0.5524175001149207
242,0.9999970197677612,0,0.7432803909590715
242,0.7090893983840942,0,0.22459893048128343
242,0.9999979734420776,0,0.7432803909590715
242,0.9999972581863403,0,0.7432803909590715
242,0.9999915361404419,0,0.7432803909590715
242,0.9999959468841553,0,0.7432803909590715
242,0.999999,0,0.7432803909590715
242,0.9999945163726807,0,0.7432803909590715
242,0.9903291463851929,0,0.5778880253108434
242,0.9999974966049194,0,0.7432803909590715
242,0.9999983310699463,0,0.7432803909590715
242,0.9999984502792358,0,0.7432803909590715
242,0.9999982118606567,0,0.7432803909590715
242,0.9999933242797852,0,0.7432803909590715
242,0.9999970197677612,0,0.7432803909590715
243,0.9999853372573853,1,0.7431130582775859
243,0.9999957084655762,1,0.7432803909590715
243,0.9999221563339233,1,0.7409198269859211
243,0.999999,1,0.7432803909590715
243,0.9998824596405029,1,0.7395418156271959
243,0.9999808073043823,1,0.7429558077321458
243,0.9999954700469971,1,0.7432803909590715
243,0.9999985694885254,1,0.7432803909590715
243,0.9999982118606567,1,0.7432803909590715
243,0.9999961853027344,1,0.7432803909590715
243,0.9998452663421631,1,0.7382507058856875
243,0.9999977350234985,1,0.7432803909590715
243,0.9999786615371704,1,0.7428813206316741
243,0.9999945163726807,1,0.7432803909590715
243,0.999999,1,0.7432803909590715
243,0.999999,1,0.7432803909590715
243,0.9999986886978149,1,0.7432803909590715
243,0.9999964237213135,1,0.7432803909590715
244,0.9999719858169556,1,0.7426495829857623
244,0.999997615814209,1,0.7432803909590715
244,0.9998693466186523,1,0.7390866166798692
244,0.9999986886978149,1,0.7432803909590715
244,0.9999935626983643,1,0.7432803909590715
244,0.9999971389770508,1,0.7432803909590715
244,0.9999706745147705,1,0.7426040630910297
244,0.9999983310699463,1,0.7432803909590715
244,0.44866520166397095,0,0.22459893048128343
244,0.9870660901069641,0,0.5741332418331295
244,0.9999480247497559,1,0.7418178103638291
244,0.999999,1,0.7432803909590715
244,0.9999614953994751,1,0.7422854238279011
244,0.999998927116394,1,0.7432803909590715
244,0.9999974966049194,1,0.7432803909590715
244,0.9999240636825562,1,0.7409860377418959
244,0.9999915361404419,1,0.7432803909590715
244,0.9994774460792542,1,0.725482375413175
244,0.9999669790267944,1,0.7424757797513286
244,0.9999821186065674,1,0.7430013276268784
244,0.999990701675415,1,0.7432803909590715
244,0.9999947547912598,1,0.7432803909590715
244,0.999958872795105,1,0.7421943840384357
244,0.9999982118606567,1,0.7432803909590715
244,0.999980092048645,1,0.7429309786986552
244,0.9999971389770508,1,0.7432803909590715
244,0.9999949932098389,1,0.7432803909590715
244,0.999999,1,0.7432803909590715
244,0.9999817609786987,1,0.7429889131101332
244,0.9999971389770508,1,0.7432803909590715
244,0.9999730587005615,1,0.7426868265359982
244,0.9999982118606567,1,0.7432803909590715
244,0.999999,1,0.7432803909590715
244,0.9999947547912598,1,0.7432803909590715
244,0.9999969005584717,1,0.7432803909590715
244,0.9999921321868896,1,0.7432803909590715
244,0.9999804496765137,1,0.7429433932154005
244,0.9999977350234985,1,0.7432803909590715
244,0.9999903440475464,1,0.7432803909590715
244,0.9999805688858032,1,0.7429475313876489
244,0.9999896287918091,1,0.7432620324785292
244,0.9989414811134338,1,0.7068771529842602
244,0.9999822378158569,1,0.7430054657991269
244,0.8471359610557556,1,0.4026361290939504
244,0.9981635212898254,1,0.6798714408910446
244,0.9999966621398926,1,0.7432803909590715
244,0.999999,1,0.7432803909590715
244,0.9999929666519165,0,0.7432803909590715
244,0.9999957084655762,1,0.7432803909590715
244,0.9999988079071045,1,0.7432803909590715
244,0.9999980926513672,1,0.7432803909590715
244,0.9999988079071045,1,0.7432803909590715
244,0.9999974966049194,1,0.7432803909590715
244,0.999999,1,0.7432803909590715
244,0.9999918937683105,1,0.7432803909590715
244,0.9999984502792358,1,0.7432803909590715
244,0.9999719858169556,1,0.7426495829857623
245,0.9999969005584717,1,0.7432803909590715
245,0.9999969005584717,1,0.7432803909590715
245,0.999999,1,0.7432803909590715
245,0.999999,1,0.7432803909590715
245,0.9999945163726807,1,0.7432803909590715
245,0.9999977350234985,1,0.7432803909590715
245,0.999999,1,0.7432803909590715
245,0.9999964237213135,1,0.7432803909590715
245,0.9999827146530151,1,0.7430220184881206
245,0.999999,1,0.7432803909590715
245,0.9999945163726807,1,0.7432803909590715
245,0.999997615814209,1,0.7432803909590715
245,0.9999958276748657,1,0.7432803909590715
245,0.999999,1,0.7432803909590715
245,0.999998927116394,1,0.7432803909590715
245,0.9999969005584717,1,0.7432803909590715
245,0.9999985694885254,1,0.7432803909590715
245,0.9999983310699463,1,0.7432803909590715
245,0.9999877214431763,1,0.7431958217225544
245,0.9999974966049194,1,0.7432803909590715
245,0.9998668432235718,1,0.7389997150626523
245,0.9999967813491821,1,0.7432803909590715
245,0.9999969005584717,1,0.7432803909590715
245,0.999998927116394,1,0.7432803909590715
245,0.9999979734420776,1,0.7432803909590715
245,0.9999963045120239,1,0.7432803909590715
245,0.9999978542327881,1,0.7432803909590715
245,0.9999825954437256,1,0.7430178803158721
245,0.99998939037323,1,0.7432537561340323
245,0.9996163845062256,1,0.7303054151687133
245,0.9999954700469971,1,0.7432803909590715
245,0.9999828338623047,1,0.743026156660369
245,0.9999877214431763,1,0.7431958217225544
245,0.999999,1,0.7432803909590715
245,0.9999988079071045,1,0.7432803909590715
245,0.9999953508377075,1,0.7432803909590715
245,0.9999974966049194,1,0.7432803909590715
245,0.9999985694885254,1,0.7432803909590715
245,0.999995231628418,1,0.7432803909590715
245,0.9108806848526001,0,0.5025692513909932
245,0.9999984502792358,1,0.7432803909590715
245,0.9999974966049194,1,0.7432803909590715
245,0.9999951124191284,1,0.7432803909590715
245,0.9999772310256958,1,0.742831662564693
245,0.999999,1,0.7432803909590715
245,0.9999983310699463,1,0.7432803909590715
245,0.9999897480010986,1,0.7432661706507776
245,0.9999791383743286,1,0.7428978733206678
245,0.9993574023246765,1,0.7213152359590119
245,0.9999973773956299,1,0.7432803909590715
245,0.9991384744644165,1,0.7137154826247811
245,0.9999974966049194,1,0.7432803909590715
245,0.9998424053192139,1,0.7381513897517253
245,0.9999312162399292,1,0.7412343280768013
245,0.999998927116394,1,0.7432803909590715
245,0.9999983310699463,1,0.7432803909590715
245,0.9997983574867249,1,0.7366223351059327
245,0.9999349117279053,1,0.7413626114165025
245,0.9999961853027344,1,0.7432803909590715
245,0.9999985694885254,1,0.7432803909590715
245,0.9999985694885254,1,0.7432803909590715
245,0.9999366998672485,1,0.7414246840002289
245,0.8903312683105469,1,0.47621597469428356
245,0.686106264591217,1,0.22459893048128343
245,0.9999301433563232,1,0.7411970845265655
245,0.9999973773956299,1,0.7432803909590715
245,0.9999966621398926,1,0.7432803909590715
245,0.9999983310699463,1,0.7432803909590715
245,0.9999947547912598,1,0.7432803909590715
245,0.9999955892562866,1,0.7432803909590715
245,0.9999715089797974,1,0.7426330302967686
245,0.9996132254600525,1,0.73019575360413
245,0.9999915361404419,1,0.7432803909590715
245,0.9999984502792358,1,0.7432803909590715
245,0.9999758005142212,1,0.7427820044977119
246,0.9999982118606567,1,0.7432803909590715
246,0.999999,1,0.7432803909590715
246,0.999998927116394,1,0.7432803909590715
246,0.9999954700469971,1,0.7432803909590715
246,0.999964714050293,1,0.7423971544786085
246,0.9999954700469971,1,0.7432803909590715
246,0.9999904632568359,1,0.7432803909590715
246,0.9999988079071045,1,0.7432803909590715
246,0.9999915361404419,1,0.7432803909590715
246,0.9999959468841553,1,0.7432803909590715
246,0.9999828338623047,1,0.743026156660369
246,0.9999960660934448,1,0.7432803909590715
246,0.9999896287918091,1,0.7432620324785292
246,0.9999897480010986,1,0.7432661706507776
246,0.999999,1,0.7432803909590715
246,0.9797641038894653,1,0.5657308807133141
247,0.9999966621398926,1,0.7432803909590715
247,0.9999979734420776,1,0.7432803909590715
247,0.9999955892562866,1,0.7432803909590715
247,0.9999922513961792,1,0.7432803909590715
247,0.9999504089355469,1,0.7419005738087976
247,0.9999980926513672,1,0.7432803909590715
247,0.9998997449874878,0,0.7401418506032174
247,0.99458909034729,0,0.5827899227471793
247,0.5348062515258789,0,0.22459893048128343
247,0.9999339580535889,0,0.7413295060385151
247,0.9997872710227966,0,0.7362374850868293
247,0.9999988079071045,0,0.7432803909590715
247,0.9999960660934448,0,0.7432803909590715
247,0.6243582963943481,0,0.22459893048128343
247,0.9988228678703308,0,0.7027596715970783
247,0.9995393753051758,0,0.7276321558962313
247,0.6287276744842529,0,0.22459893048128343
247,0.999999,0,0.7432803909590715
247,0.994678258895874,0,0.5828925285757054
247,0.9999972581863403,0,0.7432803909590715
247,0.9999957084655762,0,0.7432803909590715
247,0.9999961853027344,0,0.7432803909590715
247,0.9998559951782227,0,0.7386231413880457
247,0.8977243900299072,0,0.48868001978404635
247,0.9995408058166504,0,0.7276818139632124
247,0.9999974966049194,0,0.7432803909590715
247,0.9999964237213135,1,0.7432803909590715
247,0.9999988079071045,0,0.7432803909590715
247,0.9999979734420776,1,0.7432803909590715
247,0.4574058949947357,0,0.22459893048128343
247,0.9999963045120239,0,0.7432803909590715
247,0.9999053478240967,0,0.7403363446988933
247,0.9999988079071045,0,0.7432803909590715
247,0.999893069267273,0,0.7399101129573056
247,0.9991575479507446,0,0.714377590184529
247,0.9999866485595703,0,0.7431585781723186
247,0.9999978542327881,0,0.7432803909590715
247,0.9999881982803345,0,0.7432123744115481
248,0.9999943971633911,1,0.7432803909590715
248,0.9999978542327881,1,0.7432803909590715
248,0.999999,1,0.7432803909590715
248,0.9999972581863403,1,0.7432803909590715
248,0.9999698400497437,1,0.7425750958852908
248,0.9998528957366943,1,0.7385155489095867
249,0.9999922513961792,1,0.7432803909590715
249,0.9999923706054688,1,0.7432803909590715
249,0.9999889135360718,1,0.7432372034450386
249,0.9999613761901855,1,0.7422812856556527
249,0.9999486207962036,1,0.7418385012250712
249,0.9999918937683105,1,0.7432803909590715
249,0.999980092048645,1,0.7429309786986552
249,0.9997745156288147,1,0.7357947006562479
249,0.9999614953994751,1,0.7422854238279011
249,0.9999973773956299,1,0.7432803909590715
249,0.9999972581863403,1,0.7432803909590715
249,0.9998574256896973,1,0.7386727994550268
249,0.9999691247940063,1,0.7425502668518003
249,0.9999953508377075,1,0.7432803909590715
249,0.9982170462608337,1,0.681729480230587
249,0.9999912977218628,1,0.7432803909590715
249,0.9999954700469971,1,0.7432803909590715
249,0.9999947547912598,1,0.7432803909590715
249,0.9997456669807434,1,0.7347932629721292
249,0.9999921321868896,1,0.7432803909590715
249,0.9999957084655762,1,0.7432803909590715
249,0.9999988079071045,1,0.7432803909590715
249,0.999999,1,0.7432803909590715
249,0.999999,1,0.7432803909590715
249,0.9999988079071045,1,0.7432803909590715
249,0.9999984502792358,1,0.7432803909590715
249,0.9999966621398926,1,0.7432803909590715
249,0.9999903440475464,1,0.7432803909590715
249,0.9999958276748657,1,0.7432803909590715
249,0.9999985694885254,1,0.7432803909590715
249,0.9999929666519165,1,0.7432803909590715
249,0.9999722242355347,1,0.7426578593302592
249,0.9999440908432007,1,0.7416812506796312
249,0.9999935626983643,1,0.7432803909590715
249,0.9999790191650391,1,0.7428937351484194
249,0.999999,1,0.7432803909590715
249,0.9999828338623047,1,0.743026156660369
249,0.9999908208847046,1,0.7432803909590715
249,0.9999943971633911,1,0.7432803909590715
249,0.9999513626098633,1,0.741933679186785
249,0.999993085861206,1,0.7432803909590715
249,0.9999772310256958,1,0.742831662564693
249,0.999487042427063,1,0.7258154982791731
249,0.999999,1,0.7432803909590715
249,0.9999974966049194,1,0.7432803909590715
249,0.9999971389770508,1,0.7432803909590715
249,0.9999932050704956,1,0.7432803909590715
249,0.9999321699142456,1,0.7412674334547887
249,0.9987123012542725,1,0.6989215168366649
249,0.9999926090240479,1,0.7432803909590715
249,0.9999988079071045,1,0.7432803909590715
249,0.9999901056289673,1,0.7432785851675229
249,0.999999,1,0.7432803909590715
249,0.9999734163284302,1,0.7426992410527434
249,0.999999,1,0.7432803909590715
249,0.9999847412109375,1,0.7430923674163438
249,0.9999933242797852,1,0.7432803909590715
249,0.9999878406524658,1,0.7431999598948028
249,0.9999397993087769,1,0.7415322764786879
249,0.999999,1,0.7432803909590715
249,0.9999977350234985,1,0.7432803909590715
249,0.9999978542327881,1,0.7432803909590715
249,0.999999,1,0.7432803909590715
249,0.999999,1,0.7432803909590715
249,0.9999792575836182,1,0.7429020114929162
249,0.9995707869529724,1,0.7287225642836911
249,0.9999963045120239,1,0.7432803909590715
249,0.9998956918716431,1,0.7400011527467709
249,0.9999984502792358,1,0.7432803909590715
249,0.999863862991333,1,0.7388962607564418
249,0.9999933242797852,1,0.7432803909590715
249,0.999999,1,0.7432803909590715
249,0.999998927116394,1,0.7432803909590715
249,0.999999,1,0.7432803909590715
249,0.9999909400939941,1,0.7432803909590715
249,0.9999891519546509,1,0.7432454797895355
249,0.999998927116394,1,0.7432803909590715
249,0.9999988079071045,1,0.7432803909590715
249,0.999977707862854,1,0.7428482152536867
250,0.9999955892562866,1,0.7432803909590715
250,0.9999979734420776,1,0.7432803909590715
250,0.9999974966049194,1,0.7432803909590715
250,0.9999984502792358,1,0.7432803909590715
250,0.9999954700469971,1,0.7432803909590715
250,0.9999984502792358,1,0.7432803909590715
250,0.9999986886978149,1,0.7432803909590715
250,0.999921441078186,1,0.7408949979524305
250,0.999997615814209,1,0.7432803909590715
250,0.9983828067779541,1,0.6874836087420207
250,0.999998927116394,1,0.7432803909590715
250,0.9996160268783569,1,0.730293000651968
250,0.999995231628418,1,0.7432803909590715
250,0.9999892711639404,1,0.7432496179617839
250,0.9999922513961792,1,0.7432803909590715
250,0.9999973773956299,1,0.7432803909590715
250,0.49570196866989136,1,0.22459893048128343
250,0.9999983310699463,1,0.7432803909590715
250,0.9995055198669434,1,0.7264569149776788
250,0.9991409778594971,1,0.7138023842419979
250,0.9999821186065674,1,0.7430013276268784
250,0.9999841451644897,1,0.7430716765551016
250,0.999993085861206,1,0.7432803909590715
250,0.9999456405639648,1,0.7417350469188606
250,0.9999946355819702,1,0.7432803909590715
250,0.9999943971633911,1,0.7432803909590715
250,0.999600350856781,1,0.7297488310013003
250,0.9999951124191284,1,0.7432803909590715
250,0.9999983310699463,1,0.7432803909590715
250,0.9998747110366821,1,0.7392728344310483
250,0.9992856383323669,1,0.7188240562654606
250,0.9998148083686829,1,0.7371934028762152
250,0.9999947547912598,1,0.7432803909590715
250,0.9996776580810547,1,0.7324324357044033
250,0.9999517202377319,1,0.7419460937035303
250,0.9999725818634033,1,0.7426702738470045
250,0.9999812841415405,1,0.7429723604211395
250,0.9997058510780334,1,0.7334111134411556
250,0.9999653100967407,1,0.7424178453398507
250,0.9849234819412231,1,0.5716677527168014
250,0.9999808073043823,1,0.7429558077321458
250,0.9997993111610413,1,0.7366554404839201
250,0.9996745586395264,1,0.7323248432259443
250,0.9999904632568359,1,0.7432803909590715
250,0.9999954700469971,1,0.7432803909590715
250,0.9999970197677612,1,0.7432803909590715
250,0.9999921321868896,1,0.7432803909590715
250,0.999995231628418,1,0.7432803909590715
250,0.9999399185180664,1,0.7415364146509363
250,0.9998983144760132,1,0.7400921925362363
250,0.9998458623886108,1,0.7382713967469297
250,0.9999945163726807,1,0.7432803909590715
250,0.7141969799995422,0,0.22459893048128343
250,0.999962329864502,1,0.74231439103364
250,0.5993970036506653,1,0.22459893048128343
250,0.9999984502792358,1,0.7432803909590715
250,0.9999921321868896,1,0.7432803909590715
250,0.9982654452323914,1,0.6834095781634472
250,0.999987006187439,1,0.7431709926890638
250,0.9999980926513672,1,0.7432803909590715
250,0.9999958276748657,1,0.7432803909590715
250,0.9937700629234314,1,0.5818474717513392
250,0.9999351501464844,1,0.7413708877609994
250,0.555463433265686,1,0.22459893048128343
250,0.1661287397146225,1,0.22459893048128343
250,0.9999667406082153,1,0.7424675034068318
250,0.9999985694885254,1,0.7432803909590715
250,0.9999793767929077,1,0.7429061496651647
250,0.9999978542327881,1,0.7432803909590715
250,0.9998968839645386,1,0.7400425344692552
250,0.999983549118042,1,0.7430509856938595
250,0.9998534917831421,1,0.7385362397708288
250,0.8151340484619141,0,0.34328608061205834
250,0.9999634027481079,0,0.7423516345838759
250,0.5871960520744324,0,0.22459893048128343
250,6.423459581128554e-06,0,0.22459893048128343
250,0.9999920129776001,0,0.7432803909590715
250,0.9999922513961792,1,0.7432803909590715
250,0.8682956099510193,0,0.43906611435091525
250,0.9999985694885254,0,0.7432803909590715
250,0.9999932050704956,0,0.7432803909590715
250,0.9999971389770508,0,0.7432803909590715
250,0.9999915361404419,0,0.7432803909590715
250,0.995069146156311,0,0.5833423207036961
250,0.9999942779541016,0,0.7432803909590715
250,0.9999980926513672,0,0.7432803909590715
250,0.9999754428863525,0,0.7427695899809666
250,0.9999972581863403,0,0.7432803909590715
250,0.9999814033508301,0,0.7429764985933879
250,0.9236888885498047,1,0.5076776974053101
250,0.8722518086433411,1,0.4457358596570193
250,0.999981164932251,0,0.742968222248891
250,0.9999806880950928,0,0.7429516695598973
250,0.9999816417694092,0,0.7429847749378847
250,0.9921039342880249,0,0.5799302653845014
250,0.9998753070831299,0,0.7392935252922904
250,0.7275902628898621,0,0.22459893048128343
250,0.0003262579266447574,0,0.22459893048128343
250,0.9996209144592285,0,0.7304626657141534
250,0.9974986910820007,0,0.6567928542615834
250,0.9999972581863403,0,0.7432803909590715
250,0.7647152543067932,0,0.24978048563456295
251,0.9999979734420776,1,0.7432803909590715
251,0.9999403953552246,1,0.74155296733993
251,0.9999982118606567,1,0.7432803909590715
251,0.9999841451644897,1,0.7430716765551016
251,0.9999781847000122,1,0.7428647679426804
251,0.9999983310699463,1,0.7432803909590715
251,0.9999891519546509,1,0.7432454797895355
251,0.999999,1,0.7432803909590715
251,0.9997497200965881,1,0.7349339608285756
251,0.9999982118606567,1,0.7432803909590715
251,0.9999692440032959,1,0.7425544050240487
251,0.9999951124191284,1,0.7432803909590715
251,0.9996317625045776,1,0.73083923938876
251,0.9999985694885254,1,0.7432803909590715
251,0.9999973773956299,1,0.7432803909590715
251,0.9999842643737793,1,0.7430758147273501
251,0.9999986886978149,1,0.7432803909590715
251,0.9999985694885254,1,0.7432803909590715
251,0.9999982118606567,1,0.7432803909590715
251,0.999999,1,0.7432803909590715
251,0.9999986886978149,1,0.7432803909590715
251,0.9997149109840393,1,0.7337256145320358
251,0.9999983310699463,1,0.7432803909590715
251,0.9999978542327881,1,0.7432803909590715
251,0.9999983310699463,1,0.7432803909590715
251,0.999999,1,0.7432803909590715
251,0.9999971389770508,1,0.7432803909590715
251,0.9999988079071045,1,0.7432803909590715
251,0.999999,1,0.7432803909590715
251,0.9999972581863403,1,0.7432803909590715
251,0.9999986886978149,1,0.7432803909590715
251,0.9996246099472046,1,0.7305909490538546
251,0.9999966621398926,1,0.7432803909590715
251,0.9999966621398926,1,0.7432803909590715
251,0.9999709129333496,1,0.7426123394355265
251,0.999969482421875,1,0.7425626813685455
251,0.9994633793830872,1,0.724994071087861
251,0.9999802112579346,1,0.7429351168709036
251,0.9999973773956299,1,0.7432803909590715
251,0.9999972581863403,1,0.7432803909590715
251,0.999998927116394,1,0.7432803909590715
251,0.999999,1,0.7432803909590715
251,0.9999985694885254,1,0.7432803909590715
251,0.9999977350234985,1,0.7432803909590715
251,0.9999407529830933,1,0.7415653818566753
251,0.9999693632125854,0,0.7425585431962971
251,0.9999973773956299,0,0.7432803909590715
251,0.9996296167373657,0,0.7307647522882884
251,0.999999,0,0.7432803909590715
251,0.999999,0,0.7432803909590715
251,0.999999,0,0.7432803909590715
251,0.999999,0,0.7432803909590715
251,0.9999979734420776,0,0.7432803909590715
251,0.999999,0,0.7432803909590715
251,0.999999,0,0.7432803909590715
251,0.9999960660934448,0,0.7432803909590715
251,0.9979938268661499,0,0.6739807526954129
251,0.9999983310699463,0,0.7432803909590715
251,0.999999,0,0.7432803909590715
251,0.9999973773956299,0,0.7432803909590715
251,0.9971725940704346,0,0.6454728840760192
251,0.9999769926071167,0,0.7428233862201962
251,0.9999942779541016,0,0.7432803909590715
251,0.9999970197677612,0,0.7432803909590715
251,0.9999905824661255,0,0.7432803909590715
251,0.9999963045120239,0,0.7432803909590715
252,0.9999856948852539,1,0.7431254727943312
252,0.999994158744812,1,0.7432803909590715
252,0.9999985694885254,1,0.7432803909590715
252,0.999962568283081,1,0.7423226673781369
252,0.9998151659965515,1,0.7372058173929604
252,0.9999984502792358,1,0.7432803909590715
252,0.9999985694885254,1,0.7432803909590715
252,0.9999969005584717,1,0.7432803909590715
252,0.9999982118606567,1,0.7432803909590715
252,0.9999973773956299,1,0.7432803909590715
252,0.9999969005584717,1,0.7432803909590715
252,0.999999,1,0.7432803909590715
252,0.6033979058265686,0,0.22459893048128343
252,0.6095851063728333,0,0.22459893048128343
252,0.9994224309921265,1,0.7235726089205273
252,0.999999,1,0.7432803909590715
252,0.9999977350234985,1,0.7432803909590715
252,0.9999988079071045,1,0.7432803909590715
252,0.9999942779541016,1,0.7432803909590715
252,0.999999,1,0.7432803909590715
252,0.9999978542327881,1,0.7432803909590715
252,0.9999934434890747,1,0.7432803909590715
252,0.9999977350234985,1,0.7432803909590715
252,0.9999915361404419,1,0.7432803909590715
252,0.9998351335525513,0,0.7378989612445715
252,0.9999988079071045,0,0.7432803909590715
252,0.999098539352417,0,0.712329194921559
252,0.999999,0,0.7432803909590715
252,0.9999651908874512,0,0.7424137071676022
252,0.999999,0,0.7432803909590715
253,0.9999959468841553,1,0.7432803909590715
253,0.9999986886978149,1,0.7432803909590715
253,0.9999915361404419,1,0.7432803909590715
253,0.9878265261650085,1,0.5750082720205196
253,0.9999949932098389,1,0.7432803909590715
253,0.999999,1,0.7432803909590715
253,0.6223754286766052,1,0.22459893048128343
253,0.9999935626983643,1,0.7432803909590715
253,0.9998490810394287,0,0.7383831273976371
253,0.999999,1,0.7432803909590715
253,0.999999,1,0.7432803909590715
253,0.999999,1,0.7432803909590715
253,0.9999983310699463,1,0.7432803909590715
253,0.9999977350234985,1,0.7432803909590715
253,0.9979749321937561,1,0.6733248523940376
253,0.999999,1,0.7432803909590715
253,0.999999,1,0.7432803909590715
253,0.999999,1,0.7432803909590715
253,0.9999969005584717,1,0.7432803909590715
253,0.9999977350234985,1,0.7432803909590715
253,0.9863229990005493,1,0.5732781703998177
253,0.9999896287918091,1,0.7432620324785292
253,0.9971662163734436,1,0.6452514918607286
253,0.999999,1,0.7432803909590715
253,0.9999966621398926,1,0.7432803909590715
253,0.9997616410255432,1,0.7353477780534181
253,0.9999966621398926,0,0.7432803909590715
253,0.9996498823165894,0,0.7314682415705205
253,0.9999972581863403,0,0.7432803909590715
253,0.999999,1,0.7432803909590715
253,0.9622502326965332,0,0.5455777516898309
253,0.9999971389770508,1,0.7432803909590715
253,0.9999918937683105,0,0.7432803909590715
253,0.9999922513961792,0,0.7432803909590715
253,0.9996410608291626,0,0.7311620168241371
253,0.999811589717865,0,0.7370816722255078
253,0.9999815225601196,0,0.7429806367656363
253,0.9984543323516846,0,0.6899665120910752
253,0.9999749660491943,0,0.742753037291973
253,0.9999524354934692,0,0.7419709227370208
253,0.9997052550315857,0,0.7333904225799135
253,0.999999,0,0.7432803909590715
253,0.9996123909950256,0,0.730166786398391
254,0.999992847442627,1,0.7432803909590715
254,0.999999,1,0.7432803909590715
254,0.9999544620513916,1,0.742041271665244
254,0.9999876022338867,1,0.743191683550306
254,0.9999978542327881,1,0.7432803909590715
254,0.9999985694885254,1,0.7432803909590715
254,0.999997615814209,1,0.7432803909590715
254,0.9999985694885254,0,0.7432803909590715
254,0.999999,1,0.7432803909590715
254,0.8710172772407532,1,0.44365456630751454
254,0.9999904632568359,1,0.7432803909590715
254,0.9999988079071045,1,0.7432803909590715
254,0.9999009370803833,1,0.7401832323257016
254,0.5819557309150696,0,0.22459893048128343
254,0.9993587136268616,0,0.7213607558537446
254,0.999999,0,0.7432803909590715
254,0.9999810457229614,0,0.7429640840766426
254,0.9999984502792358,0,0.7432803909590715
254,0.9999579191207886,0,0.7421612786604483
254,0.9999988079071045,0,0.7432803909590715
254,0.9889485836029053,0,0.5762994182250674
254,0.9999947547912598,0,0.7432803909590715
254,0.9999985694885254,0,0.7432803909590715
254,0.9999629259109497,0,0.7423350818948822
254,0.999999,0,0.7432803909590715
254,0.999982476234436,0,0.7430137421436237
254,0.9999979734420776,0,0.7432803909590715
254,0.9999986886978149,0,0.7432803909590715
254,0.999999,1,0.7432803909590715
254,0.9999963045120239,0,0.7432803909590715
254,0.999999,1,0.7432803909590715
254,0.999970555305481,0,0.7425999249187812
254,0.9999954700469971,0,0.7432803909590715
254,0.999997615814209,0,0.7432803909590715
254,0.9999978542327881,0,0.7432803909590715
254,0.9999963045120239,0,0.7432803909590715
254,0.9999953508377075,0,0.7432803909590715
254,0.9999278783798218,0,0.7411184592538455
254,0.9999439716339111,0,0.7416771125073828
254,0.9999969005584717,0,0.7432803909590715
254,0.9999980926513672,0,0.7432803909590715
254,0.9999774694442749,0,0.7428399389091899
254,0.9999887943267822,0,0.7432330652727902
254,0.999999,0,0.7432803909590715
254,0.9999939203262329,0,0.7432803909590715
254,0.9999980926513672,1,0.7432803909590715
254,0.999995231628418,0,0.7432803909590715
254,0.9999938011169434,0,0.7432803909590715
254,0.9999957084655762,0,0.7432803909590715
254,0.9999440908432007,0,0.7416812506796312
254,0.9999860525131226,0,0.7431378873110764
254,0.9999946355819702,0,0.7432803909590715
254,0.8195230960845947,0,0.3514259125184038
254,0.999999,0,0.7432803909590715
254,0.9999983310699463,0,0.7432803909590715
254,0.9999988079071045,0,0.7432803909590715
254,0.9999946355819702,0,0.7432803909590715
254,0.9999969005584717,0,0.7432803909590715
254,0.9999980926513672,0,0.7432803909590715
254,0.9999549388885498,0,0.7420578243542377
254,0.9999974966049194,0,0.7432803909590715
254,0.999994158744812,0,0.7432803909590715
254,0.9999966621398926,0,0.7432803909590715
254,0.9999697208404541,0,0.7425709577130424
254,0.999999,1,0.7432803909590715
254,0.999997615814209,0,0.7432803909590715
254,0.9999872446060181,0,0.7431792690335607
254,0.9999926090240479,0,0.7432803909590715
254,0.9999948740005493,0,0.7432803909590715
255,0.9999973773956299,1,0.7432803909590715
255,0.9999791383743286,1,0.7428978733206678
255,0.9999138116836548,1,0.7406301549285315
255,0.9999790191650391,1,0.7428937351484194
255,0.9998631477355957,1,0.7388714317229512
255,0.9999083280563354,1,0.7404397990051039
255,0.9999587535858154,1,0.7421902458661873
255,0.9998444318771362,1,0.7382217386799486
255,0.999999,1,0.7432803909590715
255,0.9999759197235107,1,0.7427861426699603
255,0.9999966621398926,1,0.7432803909590715
255,0.9999964237213135,1,0.7432803909590715
255,0.999995231628418,1,0.7432803909590715
255,0.9999895095825195,1,0.7432578943062808
255,0.999996542930603,1,0.7432803909590715
255,0.999999,1,0.7432803909590715
255,0.9999985694885254,1,0.7432803909590715
255,0.9999977350234985,1,0.7432803909590715
255,0.9999959468841553,1,0.7432803909590715
255,0.9999914169311523,1,0.7432803909590715
255,0.9999974966049194,1,0.7432803909590715
255,0.9999575614929199,1,0.7421488641437031
255,0.9999967813491821,1,0.7432803909590715
255,0.9999551773071289,1,0.7420661006987346
255,0.999955415725708,1,0.7420743770432314
255,0.9999961853027344,1,0.7432803909590715
255,0.9999973773956299,1,0.7432803909590715
255,0.9999979734420776,1,0.7432803909590715
255,0.9998537302017212,1,0.7385445161153257
255,0.9999357461929321,1,0.7413915786222415
255,0.9999858140945435,1,0.7431296109665796
255,0.9999972581863403,1,0.7432803909590715
255,0.999998927116394,1,0.7432803909590715
255,0.9999978542327881,1,0.7432803909590715
255,0.999998927116394,1,0.7432803909590715
255,0.9999921321868896,1,0.7432803909590715
255,0.9999690055847168,1,0.7425461286795518
255,0.9999246597290039,1,0.741006728603138
255,0.9999963045120239,1,0.7432803909590715
255,0.999997615814209,1,0.7432803909590715
255,0.9999978542327881,1,0.7432803909590715
255,0.999997615814209,1,0.7432803909590715
256,0.999999,1,0.7432803909590715
256,0.9884379506111145,0,0.5757118352484746
256,0.9999985694885254,1,0.7432803909590715
256,0.9999880790710449,1,0.7432082362392997
257,0.999999,1,0.7432803909590715
257,0.9999781847000122,1,0.7428647679426804
257,0.9999948740005493,1,0.7432803909590715
257,0.9999872446060181,1,0.7431792690335607
257,0.9996687173843384,1,0.7321220727857715
257,0.9999924898147583,1,0.7432803909590715
257,0.7907499074935913,0,0.29806378508782944
257,0.999968409538269,0,0.7425254378183097
257,0.9999988079071045,0,0.7432803909590715
257,0.9999972581863403,0,0.7432803909590715
257,0.9999972581863403,0,0.7432803909590715
257,0.9999983310699463,0,0.7432803909590715
257,0.7970414757728577,0,0.3097319902710862
257,0.9999885559082031,0,0.7432247889282934
257,0.9999959468841553,0,0.7432803909590715
257,0.9999986886978149,0,0.7432803909590715
257,0.9999721050262451,0,0.7426537211580108
257,0.870376706123352,0,0.4425746290910638
257,0.999998927116394,0,0.7432803909590715
257,0.9998375177383423,0,0.73798172468954
257,0.999999,0,0.7432803909590715
257,0.999997615814209,0,0.7432803909590715
257,0.9999984502792358,0,0.7432803909590715
257,0.9994105100631714,0,0.7231587916956849
257,0.9998382329940796,0,0.7380065537230306
257,0.9740684032440186,0,0.5591768648294273
257,0.9985230565071106,0,0.6923521683922916
257,0.9851866364479065,0,0.5719705633671641
257,0.9999865293502808,0,0.7431544400000701
257,0.9993014335632324,0,0.7193723640883768
257,0.999998927116394,0,0.7432803909590715
257,0.9999986886978149,0,0.7432803909590715
257,0.999997615814209,0,0.7432803909590715
257,0.9999986886978149,0,0.7432803909590715
257,0.9999984502792358,0,0.7432803909590715
257,0.9999974966049194,0,0.7432803909590715
257,0.999992847442627,0,0.7432803909590715
257,0.9999945163726807,0,0.7432803909590715
257,0.999999,0,0.7432803909590715
257,0.9999984502792358,0,0.7432803909590715
257,0.9999940395355225,0,0.7432803909590715
257,0.999997615814209,0,0.7432803909590715
257,0.999996542930603,0,0.7432803909590715
257,0.9999897480010986,0,0.7432661706507776
258,0.9999971389770508,1,0.7432803909590715
258,0.9999918937683105,1,0.7432803909590715
258,0.9999953508377075,1,0.7432803909590715
258,0.9999966621398926,1,0.7432803909590715
258,0.9999971389770508,1,0.7432803909590715
258,0.9999983310699463,1,0.7432803909590715
258,0.9999955892562866,1,0.7432803909590715
258,0.9999954700469971,1,0.7432803909590715
258,0.999998927116394,1,0.7432803909590715
258,0.9999959468841553,1,0.7432803909590715
258,0.9967626333236694,1,0.6312417097136888
258,0.9994745850563049,0,0.7253830592792129
258,0.9999964237213135,0,0.7432803909590715
258,0.9999984502792358,0,0.7432803909590715
258,0.9999955892562866,0,0.7432803909590715
258,0.9999223947525024,0,0.7409281033304179
258,0.9999958276748657,0,0.7432803909590715
258,0.999999,0,0.7432803909590715
258,0.9999980926513672,0,0.7432803909590715
258,0.999999,0,0.7432803909590715
258,0.9999750852584839,0,0.7427571754642214
258,0.9999830722808838,0,0.7430344330048658
258,0.9999986886978149,0,0.7432803909590715
258,0.999999,0,0.7432803909590715
258,0.999997615814209,0,0.7432803909590715
258,0.999998927116394,0,0.7432803909590715
258,0.9999945163726807,0,0.7432803909590715
258,0.9999973773956299,0,0.7432803909590715
258,0.9999970197677612,0,0.7432803909590715
258,0.9999961853027344,0,0.7432803909590715
258,0.9999948740005493,0,0.7432803909590715
258,0.9999964237213135,0,0.7432803909590715
258,0.9999959468841553,0,0.7432803909590715
258,0.999999,0,0.7432803909590715
258,0.9999850988388062,0,0.743104781933089
258,0.9999823570251465,0,0.7430096039713753
258,0.9999841451644897,0,0.7430716765551016
258,0.999999,0,0.7432803909590715
259,0.9999855756759644,1,0.7431213346220827
259,0.999999,1,0.7432803909590715
259,0.9991477727890015,1,0.7140382600601581
259,0.9999892711639404,1,0.7432496179617839
259,0.9999985694885254,1,0.7432803909590715
259,0.9999933242797852,1,0.7432803909590715
259,0.9999687671661377,1,0.742537852335055
259,0.9999971389770508,1,0.7432803909590715
259,0.9999949932098389,1,0.7432803909590715
259,0.98817378282547,1,0.5754078586227876
259,0.9999679327011108,1,0.742508885129316
259,0.9999945163726807,1,0.7432803909590715
259,0.999996542930603,1,0.7432803909590715
259,0.999999,1,0.7432803909590715
259,0.9999814033508301,1,0.7429764985933879
259,0.9999946355819702,1,0.7432803909590715
259,0.9999825954437256,1,0.7430178803158721
259,0.9995023012161255,1,0.7263451843269715
259,0.999999,1,0.7432803909590715
259,0.9999934434890747,1,0.7432803909590715
259,0.9999972581863403,1,0.7432803909590715
259,0.9999985694885254,1,0.7432803909590715
259,0.999991774559021,1,0.7432803909590715
259,0.9999852180480957,1,0.7431089201053375
259,0.9996975660324097,1,0.7331235104698901
259,0.9999979734420776,1,0.7432803909590715
259,0.9999972581863403,1,0.7432803909590715
259,0.9999831914901733,1,0.7430385711771142
259,0.9999185800552368,1,0.7407956818184683
259,0.9999958276748657,1,0.7432803909590715
259,0.9999988079071045,1,0.7432803909590715
259,0.9999986886978149,1,0.7432803909590715
259,0.999991774559021,1,0.7432803909590715
259,0.9999984502792358,1,0.7432803909590715
259,0.9999901056289673,1,0.7432785851675229
259,0.9999985694885254,1,0.7432803909590715
259,0.9999983310699463,1,0.7432803909590715
259,0.9999985694885254,1,0.7432803909590715
259,0.9999905824661255,1,0.7432803909590715
259,0.9999866485595703,1,0.7431585781723186
259,0.9999967813491821,1,0.7432803909590715
259,0.999994158744812,1,0.7432803909590715
259,0.9999979734420776,1,0.7432803909590715
259,0.9999961853027344,1,0.7432803909590715
259,0.9999978542327881,1,0.7432803909590715
259,0.9999842643737793,1,0.7430758147273501
259,0.9947993755340576,1,0.5830318969203344
259,0.999983549118042,1,0.7430509856938595
259,0.4113365709781647,0,0.22459893048128343
260,0.9999915361404419,1,0.7432803909590715
260,0.9567704200744629,1,0.5392721571367739
260,0.9999983310699463,1,0.7432803909590715
260,0.9999608993530273,1,0.742264732966659
260,0.9999125003814697,1,0.7405846350337988
260,0.9999953508377075,1,0.7432803909590715
260,0.9999849796295166,1,0.7431006437608406
260,0.9999911785125732,1,0.7432803909590715
260,0.5856209993362427,0,0.22459893048128343
260,0.990227222442627,0,0.5777707419105896
260,0.9996064305305481,0,0.7299598777859699
260,0.9996359348297119,0,0.7309840754174548
260,0.9999220371246338,0,0.7409156888136726
260,0.9999966621398926,0,0.7432803909590715
260,0.9999476671218872,0,0.7418053958470838
260,0.8433685302734375,0,0.39564913420959524
260,0.31947362422943115,0,0.22459893048128343
260,0.7640175223350525,0,0.24848648715154267
260,1e-06,0,0.22459893048128343
260,0.9999912977218628,0,0.7432803909590715
260,0.5715827345848083,0,0.22459893048128343
260,1e-06,0,0.22459893048128343
260,1e-06,0,0.22459893048128343
260,1e-06,0,0.22459893048128343
260,1e-06,0,0.22459893048128343
260,1e-06,0,0.22459893048128343
260,1e-06,0,0.22459893048128343
260,1e-06,0,0.22459893048128343
260,0.9999985694885254,0,0.7432803909590715
260,0.7749931216239929,0,0.2688415939910567
260,0.9976456761360168,0,0.6618952206438903
260,0.9999977350234985,0,0.7432803909590715
260,0.9999967813491821,0,0.7432803909590715
260,0.6411869525909424,0,0.22459893048128343
260,0.9999970197677612,0,0.7432803909590715
260,0.9812901616096497,0,0.5674869081382827
260,0.999970555305481,0,0.7425999249187812
260,0.9947863817214966,0,0.5830169450014717
260,0.5397800803184509,0,0.22459893048128343
260,0.9999905824661255,0,0.7432803909590715
260,0.9999947547912598,1,0.7432803909590715
260,0.999999,1,0.7432803909590715
260,0.9999935626983643,1,0.7432803909590715
260,0.999991774559021,1,0.7432803909590715
260,0.9999974966049194,1,0.7432803909590715
260,0.9999985694885254,1,0.7432803909590715
260,0.999982476234436,1,0.7430137421436237
260,0.9999974966049194,1,0.7432803909590715
260,0.9998688697814941,0,0.7390700639908755
260,0.9999755620956421,1,0.7427737281532151
260,0.8438267111778259,0,0.39649886651260025
260,0.8719314336776733,0,0.4451957403178155
260,0.9969999194145203,0,0.639478741574177
260,0.9998137354850769,0,0.7371561593259794
260,0.999999,0,0.7432803909590715
260,0.9999805688858032,0,0.7429475313876489
260,0.9996094107627869,0,0.7300633320921804
260,0.7570106387138367,0,0.23549167375072858
260,1e-06,0,0.22459893048128343
260,1e-06,0,0.22459893048128343
260,1e-06,0,0.22459893048128343
260,0.9840058088302612,0,0.5706117905938152
260,1e-06,0,0.22459893048128343
260,1e-06,0,0.22459893048128343
260,1e-06,0,0.22459893048128343
260,1e-06,0,0.22459893048128343
260,1e-06,0,0.22459893048128343
260,1e-06,0,0.22459893048128343
260,2.674636743904557e-05,0,0.22459893048128343
260,0.959555983543396,1,0.5424774918896734
260,0.9999979734420776,1,0.7432803909590715
260,0.999999,1,0.7432803909590715
260,0.999992847442627,1,0.7432803909590715
260,0.9999958276748657,1,0.7432803909590715
260,0.9999984502792358,1,0.7432803909590715
260,0.8546708226203918,1,0.4160961200678965
260,0.999996542930603,1,0.7432803909590715
260,0.9998798370361328,1,0.7394507758377306
260,0.9999853372573853,1,0.7431130582775859
260,0.9999793767929077,1,0.7429061496651647
260,0.999999,1,0.7432803909590715
260,0.999976396560669,1,0.742802695358954
260,0.999998927116394,1,0.7432803909590715
260,0.9999915361404419,1,0.7432803909590715
260,0.9999980926513672,1,0.7432803909590715
260,0.9998039603233337,1,0.7368168292016086
261,0.9999961853027344,1,0.7432803909590715
261,0.9999923706054688,1,0.7432803909590715
261,0.9999921321868896,1,0.7432803909590715
261,0.9999970197677612,1,0.7432803909590715
261,0.9999979734420776,1,0.7432803909590715
261,0.9999963045120239,1,0.7432803909590715
261,0.9999942779541016,1,0.7432803909590715
261,0.999999,1,0.7432803909590715
261,0.9999946355819702,1,0.7432803909590715
261,0.9990768432617188,1,0.7115760475723458
261,0.9999932050704956,1,0.7432803909590715
261,0.9999969005584717,1,0.7432803909590715
261,0.9999967813491821,1,0.7432803909590715
261,0.9962162375450134,1,0.6122743972130369
261,0.999993085861206,1,0.7432803909590715
261,0.999996542930603,1,0.7432803909590715
261,0.9999960660934448,1,0.7432803909590715
261,0.9999982118606567,1,0.7432803909590715
261,0.999999,1,0.7432803909590715
261,0.9999974966049194,1,0.7432803909590715
261,0.9999985694885254,1,0.7432803909590715
261,0.9999951124191284,1,0.7432803909590715
261,0.9725024700164795,1,0.5573749528461137
261,0.9997459053993225,1,0.7348015393166261
261,0.9999904632568359,1,0.7432803909590715
261,0.999999,1,0.7432803909590715
261,0.9999979734420776,1,0.7432803909590715
261,0.9999963045120239,1,0.7432803909590715
261,0.9999960660934448,1,0.7432803909590715
261,0.9999517202377319,1,0.7419460937035303
261,0.9999978542327881,1,0.7432803909590715
261,0.9999988079071045,1,0.7432803909590715
261,0.9999984502792358,1,0.7432803909590715
261,0.9999629259109497,1,0.7423350818948822
261,0.9999948740005493,1,0.7432803909590715
261,0.999999,1,0.7432803909590715
261,0.9999901056289673,1,0.7432785851675229
261,0.999995231628418,1,0.7432803909590715
261,0.9999955892562866,1,0.7432803909590715
261,0.999993085861206,1,0.7432803909590715
261,0.9999988079071045,1,0.7432803909590715
261,0.9999910593032837,1,0.7432803909590715
261,0.9999957084655762,1,0.7432803909590715
261,0.9999953508377075,1,0.7432803909590715
261,0.9999988079071045,1,0.7432803909590715
261,0.9999960660934448,1,0.7432803909590715
261,0.9999954700469971,1,0.7432803909590715
261,0.9999487400054932,1,0.7418426393973196
261,0.9999964237213135,1,0.7432803909590715
261,0.9807339906692505,1,0.5668469248588864
261,0.9999978542327881,1,0.7432803909590715
261,0.9999971389770508,1,0.7432803909590715
261,0.999999,1,0.7432803909590715
261,0.9999979734420776,1,0.7432803909590715
261,0.9999970197677612,1,0.7432803909590715
261,0.9999986886978149,1,0.7432803909590715
261,0.999976396560669,1,0.742802695358954
261,0.9999973773956299,1,0.7432803909590715
261,0.9999970197677612,1,0.7432803909590715
261,0.9999982118606567,1,0.7432803909590715
261,0.9999786615371704,1,0.7428813206316741
261,0.9999914169311523,1,0.7432803909590715
261,0.9970691800117493,1,0.6418830196505113
261,0.999999,1,0.7432803909590715
261,0.9999916553497314,1,0.7432803909590715
261,0.9999958276748657,1,0.7432803909590715
261,0.9999973773956299,1,0.7432803909590715
261,0.9999901056289673,1,0.7432785851675229
261,0.999996542930603,1,0.7432803909590715
261,0.9999560117721558,1,0.7420950679044735
261,0.9999988079071045,1,0.7432803909590715
261,0.999997615814209,1,0.7432803909590715
261,0.9995632767677307,1,0.7284618594320403
261,0.9998458623886108,1,0.7382713967469297
261,0.999998927116394,1,0.7432803909590715
261,0.9942428469657898,1,0.5823915021202355
261,0.9998867511749268,1,0.7396907898281392
262,0.9999701976776123,0,0.7425875104020361
262,0.9999932050704956,0,0.7432803909590715
262,0.9999085664749146,1,0.7404480753496008
262,0.9999974966049194,0,0.7432803909590715
262,0.9999904632568359,0,0.7432803909590715
262,0.9999948740005493,0,0.7432803909590715
262,0.9976796507835388,0,0.6630745997346912
262,0.999971866607666,0,0.7426454448135139
262,0.9999947547912598,0,0.7432803909590715
262,0.9999929666519165,1,0.7432803909590715
262,0.9999972581863403,0,0.7432803909590715
262,0.9999934434890747,0,0.7432803909590715
262,0.9998767375946045,0,0.7393431833592715
262,0.9999961853027344,0,0.7432803909590715
262,0.9999979734420776,0,0.7432803909590715
262,0.9922703504562378,0,0.5801217596847987
262,0.9999719858169556,0,0.7426495829857623
262,0.9999947547912598,0,0.7432803909590715
262,0.9999929666519165,0,0.7432803909590715
262,0.9999954700469971,0,0.7432803909590715
262,0.999997615814209,0,0.7432803909590715
262,0.999999,0,0.7432803909590715
262,0.9986506104469299,0,0.6967800126981054
262,0.9974943399429321,0,0.6566418109745159
262,0.9999980926513672,0,0.7432803909590715
262,0.9999972581863403,0,0.7432803909590715
262,0.9999966621398926,0,0.7432803909590715
262,0.9996621608734131,0,0.7318944733121081
262,0.9999977350234985,0,0.7432803909590715
262,0.9999725818634033,0,0.7426702738470045
262,0.9999765157699585,0,0.7428068335312025
262,0.9999943971633911,0,0.7432803909590715
262,0.9967427849769592,0,0.6305527040343262
263,0.997217059135437,1,0.6470164223246815
263,0.9999967813491821,1,0.7432803909590715
263,0.999985933303833,1,0.743133749138828
263,0.999998927116394,1,0.7432803909590715
263,0.9999964237213135,1,0.7432803909590715
263,0.9999971389770508,1,0.7432803909590715
263,0.9574251770973206,1,0.5400255829565326
263,0.999970555305481,1,0.7425999249187812
263,0.9998575448989868,0,0.7386769376272753
263,0.9999953508377075,0,0.7432803909590715
263,0.9999978542327881,0,0.7432803909590715
263,0.9930504560470581,0,0.5810194235108344
263,0.9997534155845642,0,0.7350622441682768
263,0.9999984502792358,0,0.7432803909590715
263,0.999999,0,0.7432803909590715
263,0.9999985694885254,0,0.7432803909590715
263,0.9999964237213135,0,0.7432803909590715
263,0.9999971389770508,0,0.7432803909590715
263,0.9999920129776001,0,0.7432803909590715
263,0.9999969005584717,0,0.7432803909590715
263,0.9999982118606567,0,0.7432803909590715
263,0.9999942779541016,0,0.7432803909590715
263,0.9999887943267822,0,0.7432330652727902
263,0.9999566078186035,0,0.7421157587657157
263,0.9999978542327881,0,0.7432803909590715
263,0.9999933242797852,0,0.7432803909590715
263,0.9999953508377075,0,0.7432803909590715
263,0.999994158744812,0,0.7432803909590715
263,0.9999980926513672,0,0.7432803909590715
263,0.9999969005584717,0,0.7432803909590715
263,0.9999988079071045,0,0.7432803909590715
263,0.9999841451644897,0,0.7430716765551016
263,0.9999978542327881,0,0.7432803909590715
263,0.9999933242797852,0,0.7432803909590715
263,0.999996542930603,0,0.7432803909590715
263,0.9999920129776001,0,0.7432803909590715
263,0.9999974966049194,0,0.7432803909590715
263,0.9999982118606567,0,0.7432803909590715
263,0.9999988079071045,0,0.7432803909590715
263,0.9999974966049194,0,0.7432803909590715
263,0.9999933242797852,0,0.7432803909590715
263,0.999999,0,0.7432803909590715
263,0.9999771118164062,0,0.7428275243924446
263,0.9999850988388062,0,0.743104781933089
263,0.9999980926513672,0,0.7432803909590715
263,0.9999988079071045,0,0.7432803909590715
263,0.999994158744812,1,0.7432803909590715
263,0.9999920129776001,0,0.7432803909590715
263,0.999999,0,0.7432803909590715
263,0.9999978542327881,0,0.7432803909590715
263,0.9999985694885254,1,0.7432803909590715
263,0.9999945163726807,0,0.7432803909590715
263,0.9999954700469971,0,0.7432803909590715
263,0.999999,0,0.7432803909590715
263,0.999997615814209,0,0.7432803909590715
263,0.9999982118606567,0,0.7432803909590715
263,0.9998425245285034,0,0.7381555279239738
263,0.9999911785125732,0,0.7432803909590715
263,0.9999181032180786,0,0.7407791291294747
263,0.999999,0,0.7432803909590715
263,0.9999700784683228,0,0.7425833722297877
263,0.9999964237213135,0,0.7432803909590715
263,0.8654900193214417,0,0.43433617624927434
263,0.9971902966499329,0,0.6460874026549103
263,0.999999,0,0.7432803909590715
263,0.9999982118606567,0,0.7432803909590715
263,0.9999878406524658,1,0.7431999598948028
263,0.9999980926513672,0,0.7432803909590715
263,0.9999971389770508,0,0.7432803909590715
263,0.9999473094940186,0,0.7417929813303386
263,0.9999984502792358,0,0.7432803909590715
263,0.9999978542327881,0,0.7432803909590715
263,0.999999,0,0.7432803909590715
263,0.9999972581863403,0,0.7432803909590715
263,0.999999,0,0.7432803909590715
263,0.9999891519546509,0,0.7432454797895355
263,0.9999978542327881,0,0.7432803909590715
263,0.999999,0,0.7432803909590715
263,0.9999984502792358,0,0.7432803909590715
263,0.9999971389770508,0,0.7432803909590715
263,0.9999964237213135,0,0.7432803909590715
263,0.9999895095825195,1,0.7432578943062808
263,0.9999958276748657,0,0.7432803909590715
264,0.999996542930603,1,0.7432803909590715
264,0.9995526671409607,1,0.7280935621019307
264,0.9999982118606567,1,0.7432803909590715
264,0.9999961853027344,1,0.7432803909590715
264,0.9999955892562866,1,0.7432803909590715
264,0.9969032406806946,1,0.636122683880705
264,0.9999979734420776,1,0.7432803909590715
264,0.9999988079071045,1,0.7432803909590715
264,0.9999957084655762,1,0.7432803909590715
264,0.9987515211105347,1,0.7002829755063964
264,0.9998975992202759,1,0.7400673635027457
264,0.999999,1,0.7432803909590715
264,0.9999047517776489,1,0.7403156538376512
264,0.9999980926513672,1,0.7432803909590715
264,0.9999979734420776,1,0.7432803909590715
264,0.9999923706054688,1,0.7432803909590715
264,0.9999438524246216,1,0.7416729743351343
264,0.9999927282333374,1,0.7432803909590715
264,0.9999971389770508,1,0.7432803909590715
264,0.9999986886978149,1,0.7432803909590715
264,0.999999,1,0.7432803909590715
264,0.9999982118606567,1,0.7432803909590715
264,0.9999964237213135,1,0.7432803909590715
264,0.9999959468841553,1,0.7432803909590715
264,0.9999969005584717,1,0.7432803909590715
264,0.9999650716781616,1,0.7424095689953538
264,0.984636664390564,0,0.5713377131132804
264,0.999539852142334,1,0.727648708585225
264,0.999999,1,0.7432803909590715
264,0.9999939203262329,1,0.7432803909590715
264,0.9999934434890747,1,0.7432803909590715
264,0.9999827146530151,1,0.7430220184881206
264,0.9999985694885254,1,0.7432803909590715
264,0.999999,1,0.7432803909590715
264,0.9999985694885254,1,0.7432803909590715
264,0.9564021229743958,1,0.5388483593998337
264,0.9999959468841553,1,0.7432803909590715
264,0.9455194473266602,0,0.5263257158315721
264,0.9999922513961792,0,0.7432803909590715
264,0.9999966621398926,0,0.7432803909590715
264,0.999999,0,0.7432803909590715
264,0.9999970197677612,0,0.7432803909590715
264,0.9999973773956299,0,0.7432803909590715
264,0.9999357461929321,0,0.7413915786222415
264,0.9999988079071045,0,0.7432803909590715
264,0.9998795986175537,0,0.7394424994932337
264,0.9999916553497314,0,0.7432803909590715
264,0.9999953508377075,0,0.7432803909590715
264,0.9999910593032837,1,0.7432803909590715
264,0.9999984502792358,0,0.7432803909590715
264,0.9998558759689331,0,0.7386190032157973
264,0.9999899864196777,0,0.7432744469952745
264,0.9999953508377075,0,0.7432803909590715
264,0.9999971389770508,0,0.7432803909590715
264,0.9999964237213135,0,0.7432803909590715
264,0.9999978542327881,0,0.7432803909590715
264,0.9998975992202759,0,0.7400673635027457
264,0.5815341472625732,0,0.22459893048128343
265,0.9999985694885254,1,0.7432803909590715
265,0.999999,1,0.7432803909590715
265,0.9999964237213135,1,0.7432803909590715
265,0.999999,1,0.7432803909590715
265,0.999999,1,0.7432803909590715
265,0.999999,1,0.7432803909590715
265,0.9999972581863403,1,0.7432803909590715
265,0.9999977350234985,1,0.7432803909590715
265,0.9390689134597778,1,0.5189031169179699
265,0.9999886751174927,1,0.7432289271005418
265,0.9999978542327881,1,0.7432803909590715
265,0.999998927116394,1,0.7432803909590715
265,0.9999852180480957,1,0.7431089201053375
265,0.9999805688858032,0,0.7429475313876489
265,0.9999176263809204,0,0.740762576440481
265,0.9999946355819702,0,0.7432803909590715
265,0.9999983310699463,0,0.7432803909590715
265,0.999999,0,0.7432803909590715
265,0.9999970197677612,0,0.7432803909590715
265,0.9999986886978149,1,0.7432803909590715
265,0.9999959468841553,0,0.7432803909590715
265,0.9999972581863403,0,0.7432803909590715
265,0.9999963045120239,0,0.7432803909590715
265,0.9999978542327881,0,0.7432803909590715
265,0.9999947547912598,0,0.7432803909590715
265,0.9999970197677612,0,0.7432803909590715
265,0.999999,0,0.7432803909590715
265,0.7182604670524597,0,0.22459893048128343
265,0.999999,0,0.7432803909590715
265,0.9999977350234985,0,0.7432803909590715
265,0.9999982118606567,0,0.7432803909590715
265,0.9999971389770508,0,0.7432803909590715
265,0.999998927116394,1,0.7432803909590715
265,0.999999,0,0.7432803909590715
265,0.999991774559021,0,0.7432803909590715
265,0.9999948740005493,0,0.7432803909590715
265,0.9999957084655762,0,0.7432803909590715
265,0.9999977350234985,0,0.7432803909590715
265,0.9999954700469971,0,0.7432803909590715
265,0.9999945163726807,1,0.7432803909590715
265,0.9999970197677612,0,0.7432803909590715
265,0.9999986886978149,0,0.7432803909590715
265,0.9999959468841553,0,0.7432803909590715
265,0.999999,1,0.7432803909590715
265,0.9999927282333374,0,0.7432803909590715
265,0.7495988011360168,0,0.22459893048128343
265,0.999999,0,0.7432803909590715
265,0.9999984502792358,0,0.7432803909590715
265,0.9999958276748657,0,0.7432803909590715
265,0.9999797344207764,0,0.7429185641819099
265,0.9999536275863647,0,0.7420123044595051
265,0.8902811408042908,0,0.4761314648590705
265,0.999996542930603,0,0.7432803909590715
265,0.9779956340789795,0,0.563695910838736
265,0.9998419284820557,0,0.7381348370627316
266,0.9999948740005493,1,0.7432803909590715
266,0.9997583031654358,0,0.7352319092304622
266,0.9999983310699463,0,0.7432803909590715
266,0.9999960660934448,0,0.7432803909590715
266,0.999995231628418,0,0.7432803909590715
266,0.9999903440475464,0,0.7432803909590715
266,0.9999891519546509,0,0.7432454797895355
266,0.9999977350234985,0,0.7432803909590715
266,0.9999964237213135,0,0.7432803909590715
266,0.9999988079071045,0,0.7432803909590715
266,0.9999973773956299,0,0.7432803909590715
266,0.9999734163284302,0,0.7426992410527434
266,0.9999970197677612,0,0.7432803909590715
266,0.9999465942382812,0,0.741768152296848
266,0.999997615814209,0,0.7432803909590715
266,0.9999912977218628,0,0.7432803909590715
266,0.999996542930603,0,0.7432803909590715
266,0.9999986886978149,0,0.7432803909590715
266,0.9999982118606567,0,0.7432803909590715
266,0.9999969005584717,0,0.7432803909590715
266,0.9999977350234985,0,0.7432803909590715
266,0.999999,0,0.7432803909590715
266,0.9999979734420776,0,0.7432803909590715
266,0.9999924898147583,0,0.7432803909590715
266,0.9999971389770508,0,0.7432803909590715
266,0.9999951124191284,0,0.7432803909590715
266,0.9999963045120239,0,0.7432803909590715
266,0.9999970197677612,0,0.7432803909590715
266,0.9999972581863403,0,0.7432803909590715
266,0.9999964237213135,0,0.7432803909590715
266,0.9999778270721436,0,0.7428523534259351
266,0.999920129776001,0,0.7408494780576979
266,0.999999,0,0.7432803909590715
266,0.9999973773956299,0,0.7432803909590715
266,0.9999986886978149,0,0.7432803909590715
266,0.999999,0,0.7432803909590715
266,0.9999988079071045,0,0.7432803909590715
266,0.9999972581863403,0,0.7432803909590715
266,0.999998927116394,0,0.7432803909590715
266,0.9999963045120239,0,0.7432803909590715
267,0.9999969005584717,1,0.7432803909590715
267,0.999999,1,0.7432803909590715
267,0.8826925754547119,0,0.4633379218505637
267,0.9996059536933899,1,0.7299433250969762
267,0.9999948740005493,1,0.7432803909590715
267,0.9999818801879883,1,0.7429930512823816
267,0.9988375306129456,1,0.7032686667836344
267,0.999997615814209,1,0.7432803909590715
267,0.999987006187439,1,0.7431709926890638
267,0.9999630451202393,1,0.7423392200671306
267,0.9997721314430237,1,0.7357119372112794
267,0.9999983310699463,1,0.7432803909590715
267,0.9999790191650391,1,0.7428937351484194
267,0.9998725652694702,1,0.7391983473305767
267,0.9999920129776001,1,0.7432803909590715
267,0.999999,1,0.7432803909590715
267,0.9999986886978149,1,0.7432803909590715
267,0.9999985694885254,1,0.7432803909590715
267,0.9999982118606567,1,0.7432803909590715
267,0.999998927116394,1,0.7432803909590715
267,0.9999855756759644,1,0.7431213346220827
267,0.999998927116394,1,0.7432803909590715
267,0.999997615814209,1,0.7432803909590715
267,0.999999,1,0.7432803909590715
267,0.9999946355819702,1,0.7432803909590715
267,0.9999947547912598,1,0.7432803909590715
267,0.9999828338623047,1,0.743026156660369
267,0.9999821186065674,1,0.7430013276268784
267,0.9999984502792358,1,0.7432803909590715
267,0.9999979734420776,1,0.7432803909590715
267,0.9999834299087524,0,0.7430468475216111
267,0.9998966455459595,0,0.7400342581247583
267,0.9999954700469971,0,0.7432803909590715
267,0.9999954700469971,0,0.7432803909590715
267,0.999999,0,0.7432803909590715
267,0.999999,0,0.7432803909590715
267,0.9843115210533142,0,0.5709635722077926
267,0.9966481328010559,0,0.6272669952690774
267,0.9999958276748657,0,0.7432803909590715
267,0.9999897480010986,0,0.7432661706507776
267,0.999999,0,0.7432803909590715
267,0.9999979734420776,0,0.7432803909590715
268,0.9999946355819702,1,0.7432803909590715
268,0.6291704177856445,0,0.22459893048128343
269,0.9999791383743286,1,0.7428978733206678
269,0.9999020099639893,1,0.7402204758759374
269,0.9999974966049194,1,0.7432803909590715
269,0.9999953508377075,1,0.7432803909590715
269,0.9999806880950928,1,0.7429516695598973
269,0.999999,1,0.7432803909590715
269,0.9999880790710449,1,0.7432082362392997
269,0.999999,1,0.7432803909590715
269,0.9999865293502808,1,0.7431544400000701
269,0.9999980926513672,1,0.7432803909590715
269,0.9999052286148071,1,0.7403322065266449
269,0.9999531507492065,1,0.7419957517705114
269,0.9999921321868896,1,0.7432803909590715
269,0.9982000589370728,1,0.6811397906851866
269,0.9545654058456421,1,0.5367348576578344
269,0.999992847442627,1,0.7432803909590715
269,0.9999949932098389,1,0.7432803909590715
269,0.9999748468399048,1,0.7427488991197245
269,0.999999,1,0.7432803909590715
269,0.9999985694885254,1,0.7432803909590715
269,0.9999972581863403,1,0.7432803909590715
269,0.999998927116394,1,0.7432803909590715
269,0.9999828338623047,1,0.743026156660369
269,0.999999,1,0.7432803909590715
269,0.9999921321868896,1,0.7432803909590715
269,0.9999257326126099,1,0.7410439721533738
269,0.9999920129776001,1,0.7432803909590715
269,0.9999542236328125,1,0.7420329953207472
269,0.9950743317604065,1,0.5833482877538845
269,0.9999971389770508,1,0.7432803909590715
269,0.9999709129333496,1,0.7426123394355265
269,0.9999982118606567,1,0.7432803909590715
269,0.9999945163726807,1,0.7432803909590715
269,0.9999960660934448,1,0.7432803909590715
269,0.9999924898147583,1,0.7432803909590715
269,0.9999983310699463,1,0.7432803909590715
269,0.999998927116394,1,0.7432803909590715
269,0.9999866485595703,1,0.7431585781723186
269,0.9997738003730774,1,0.7357698716227573
269,0.9999984502792358,1,0.7432803909590715
269,0.9611197710037231,1,0.544276934748771
269,0.9999667406082153,1,0.7424675034068318
269,0.9999746084213257,1,0.7427406227752277
269,0.9999961853027344,1,0.7432803909590715
269,0.9999972581863403,1,0.7432803909590715
269,0.999999,1,0.7432803909590715
269,0.9999969005584717,1,0.7432803909590715
269,0.9999988079071045,1,0.7432803909590715
269,0.999999,1,0.7432803909590715
269,0.9999969005584717,1,0.7432803909590715
269,0.9999700784683228,1,0.7425833722297877
269,0.9999983310699463,1,0.7432803909590715
269,0.66124427318573,0,0.22459893048128343
269,0.9991100430488586,0,0.712728528543532
269,0.9999973773956299,0,0.7432803909590715
269,0.9999021291732788,0,0.7402246140481858
269,0.7624453902244568,0,0.2455708452595093
269,0.9999934434890747,0,0.7432803909590715
269,0.9999958276748657,0,0.7432803909590715
269,0.9999715089797974,0,0.7426330302967686
269,0.999998927116394,0,0.7432803909590715
269,0.9999303817749023,0,0.7412053608710624
269,0.6342145204544067,0,0.22459893048128343
269,0.9589096903800964,0,0.5417338053932107
269,0.9999939203262329,0,0.7432803909590715
269,0.999993085861206,0,0.7432803909590715
269,0.9999767541885376,0,0.7428151098756993
269,0.9999972581863403,0,0.7432803909590715
269,0.9999872446060181,0,0.7431792690335607
269,0.999999,0,0.7432803909590715
269,0.9999779462814331,0,0.7428564915981836
269,0.9999977350234985,0,0.7432803909590715
269,0.999999,0,0.7432803909590715
269,0.9999970197677612,0,0.7432803909590715
269,0.9999278783798218,0,0.7411184592538455
270,0.9999973773956299,1,0.7432803909590715
270,0.9998205304145813,0,0.7373920351441395
270,0.7897952198982239,0,0.2962932423146759
270,0.9999961853027344,1,0.7432803909590715
270,0.9999732971191406,1,0.742695102880495
270,0.999990701675415,1,0.7432803909590715
270,0.9999988079071045,1,0.7432803909590715
270,0.999969482421875,1,0.7425626813685455
270,0.9999974966049194,1,0.7432803909590715
270,0.999999,1,0.7432803909590715
270,0.999994158744812,1,0.7432803909590715
270,0.9999979734420776,1,0.7432803909590715
270,0.9999912977218628,1,0.7432803909590715
270,0.9999971389770508,1,0.7432803909590715
270,0.9999977350234985,1,0.7432803909590715
270,0.9999517202377319,1,0.7419460937035303
270,0.9999945163726807,1,0.7432803909590715
270,0.9908872842788696,1,0.5785302719541042
270,0.9988715052604675,0,0.7044480458744353
270,0.9999984502792358,1,0.7432803909590715
270,0.9999978542327881,1,0.7432803909590715
270,0.999997615814209,1,0.7432803909590715
270,0.999999,1,0.7432803909590715
270,0.964144229888916,0,0.5477571653310372
270,0.9956415891647339,0,0.5923263378895085
270,0.9999346733093262,0,0.7413543350720057
270,0.999995231628418,0,0.7432803909590715
270,0.9892719984054565,0,0.5766715701138257
270,0.9999899864196777,1,0.7432744469952745
270,0.999999,0,0.7432803909590715
270,0.9999898672103882,0,0.743270308823026
270,0.9999979734420776,0,0.7432803909590715
270,0.9999984502792358,0,0.7432803909590715
270,0.999999,0,0.7432803909590715
270,0.9999880790710449,0,0.7432082362392997
270,0.9999967813491821,1,0.7432803909590715
270,0.999999,0,0.7432803909590715
270,0.9999959468841553,0,0.7432803909590715
270,0.9985713958740234,0,0.6940301972390276
270,0.999998927116394,0,0.7432803909590715
270,0.9999984502792358,0,0.7432803909590715
270,0.9999756813049316,0,0.7427778663254635
270,0.9999957084655762,0,0.7432803909590715
270,0.999984860420227,0,0.7430965055885922
270,0.9999983310699463,0,0.7432803909590715
270,0.9999359846115112,0,0.7413998549667383
270,0.9998960494995117,0,0.7400135672635162
270,0.9560552835464478,0,0.5384492529050521
270,0.9999610185623169,0,0.7422688711389074
270,0.9999985694885254,0,0.7432803909590715
271,0.9999911785125732,1,0.7432803909590715
271,0.9999983310699463,1,0.7432803909590715
271,0.9999911785125732,1,0.7432803909590715
271,0.999064028263092,1,0.7111311940556402
271,0.9999366998672485,1,0.7414246840002289
271,0.9999978542327881,1,0.7432803909590715
271,0.9999954700469971,1,0.7432803909590715
271,0.9999988079071045,1,0.7432803909590715
271,0.9999887943267822,1,0.7432330652727902
271,0.9999961853027344,1,0.7432803909590715
271,0.6862661838531494,1,0.22459893048128343
271,0.9999982118606567,1,0.7432803909590715
271,0.9999983310699463,1,0.7432803909590715
271,0.9999918937683105,1,0.7432803909590715
271,0.999999,1,0.7432803909590715
271,0.9999985694885254,1,0.7432803909590715
271,0.9999986886978149,1,0.7432803909590715
271,0.9999988079071045,1,0.7432803909590715
271,0.9999880790710449,1,0.7432082362392997
271,0.999997615814209,1,0.7432803909590715
271,0.9994749426841736,1,0.7253954737959581
271,0.9999904632568359,1,0.7432803909590715
271,0.9999831914901733,1,0.7430385711771142
271,0.9999983310699463,1,0.7432803909590715
271,0.9982946515083313,1,0.6844234303643111
271,0.9999986886978149,1,0.7432803909590715
271,0.9974815249443054,1,0.6561969574578103
271,0.9985355138778687,1,0.692784607392252
271,0.9999966621398926,1,0.7432803909590715
271,0.9999979734420776,1,0.7432803909590715
271,0.999999,1,0.7432803909590715
271,0.9999829530715942,1,0.7430302948326174
271,0.9999986886978149,1,0.7432803909590715
271,0.9998680353164673,1,0.7390410967851365
271,0.9998043179512024,1,0.7368292437183539
271,0.9999890327453613,1,0.743241341617287
271,0.9999914169311523,1,0.7432803909590715
271,0.9977502226829529,1,0.6655243977057582
271,0.9999958276748657,1,0.7432803909590715
271,0.9999803304672241,1,0.7429392550431521
271,0.9999967813491821,1,0.7432803909590715
271,0.9999988079071045,1,0.7432803909590715
271,0.9998974800109863,1,0.7400632253304973
271,0.999999,1,0.7432803909590715
271,0.9999982118606567,1,0.7432803909590715
271,0.999999,1,0.7432803909590715
271,0.9999955892562866,1,0.7432803909590715
271,0.9999971389770508,1,0.7432803909590715
271,0.9999480247497559,1,0.7418178103638291
271,0.999999,1,0.7432803909590715
271,0.9999709129333496,1,0.7426123394355265
271,0.9999911785125732,1,0.7432803909590715
271,0.9999960660934448,1,0.7432803909590715
271,0.9999932050704956,1,0.7432803909590715
271,0.9999967813491821,1,0.7432803909590715
271,0.8011729121208191,1,0.3173940619310953
271,0.9880749583244324,1,0.5752941417352901
271,0.9999980926513672,1,0.7432803909590715
271,0.999997615814209,1,0.7432803909590715
271,0.9999932050704956,1,0.7432803909590715
271,0.999998927116394,1,0.7432803909590715
271,0.9999949932098389,1,0.7432803909590715
271,0.9999929666519165,1,0.7432803909590715
271,0.999999,1,0.7432803909590715
271,0.9999586343765259,1,0.7421861076939389
271,0.999998927116394,1,0.7432803909590715
271,0.9990407824516296,1,0.7103242504671975
271,0.9999945163726807,1,0.7432803909590715
271,0.9999693632125854,1,0.7425585431962971
271,0.9999974966049194,1,0.7432803909590715
272,0.9999915361404419,1,0.7432803909590715
272,0.9999984502792358,1,0.7432803909590715
272,0.9999954700469971,1,0.7432803909590715
272,0.9999737739562988,1,0.7427116555694887
273,0.9999972581863403,1,0.7432803909590715
273,0.999999,1,0.7432803909590715
273,0.9999399185180664,1,0.7415364146509363
273,0.9999758005142212,1,0.7427820044977119
273,0.9999985694885254,1,0.7432803909590715
273,0.9999610185623169,1,0.7422688711389074
273,0.9996669292449951,0,0.7320600002020451
273,0.9999874830245972,0,0.7431875453780575
273,0.9990020394325256,0,0.7089793444864597
273,0.882495641708374,0,0.46300591174884664
273,0.9216197729110718,0,0.5068524477615873
273,0.9552680253982544,1,0.5375433586649636
273,0.9999967813491821,1,0.7432803909590715
273,0.9999984502792358,1,0.7432803909590715
273,0.999998927116394,1,0.7432803909590715
273,0.9999622106552124,1,0.7423102528613916
273,0.999999,1,0.7432803909590715
273,0.9999966621398926,1,0.7432803909590715
273,0.9999927282333374,1,0.7432803909590715
273,0.999999,1,0.7432803909590715
273,0.999993085861206,1,0.7432803909590715
273,0.99998939037323,1,0.7432537561340323
273,0.999999,1,0.7432803909590715
273,0.999999,1,0.7432803909590715
273,0.9999982118606567,1,0.7432803909590715
273,0.9999985694885254,1,0.7432803909590715
273,0.999995231628418,1,0.7432803909590715
273,0.9994957447052002,1,0.7261175848533081
273,0.9999983310699463,1,0.7432803909590715
273,0.999997615814209,1,0.7432803909590715
273,0.9999833106994629,1,0.7430427093493627
273,0.9999773502349854,1,0.7428358007369414
273,0.9999918937683105,1,0.7432803909590715
273,0.9999752044677734,1,0.7427613136364698
273,0.9999908208847046,1,0.7432803909590715
273,0.9774060845375061,1,0.5630175189604263
273,0.9999550580978394,1,0.7420619625264862
273,0.9993259906768799,1,0.7202248275715522
273,0.9998797178268433,1,0.7394466376654821
273,0.9999940395355225,1,0.7432803909590715
273,0.999788224697113,1,0.7362705904648167
273,0.9999967813491821,1,0.7432803909590715
274,0.9999963045120239,1,0.7432803909590715
274,0.9999967813491821,1,0.7432803909590715
274,0.9999974966049194,1,0.7432803909590715
274,0.999998927116394,1,0.7432803909590715
274,0.999995231628418,1,0.7432803909590715
274,0.9999833106994629,1,0.7430427093493627
274,0.9999963045120239,1,0.7432803909590715
274,0.9999982118606567,1,0.7432803909590715
274,0.999999,1,0.7432803909590715
274,0.9999914169311523,1,0.7432803909590715
274,0.999999,1,0.7432803909590715
274,0.999998927116394,1,0.7432803909590715
274,0.9999960660934448,1,0.7432803909590715
274,0.999999,1,0.7432803909590715
274,0.9999955892562866,1,0.7432803909590715
274,0.99998939037323,1,0.7432537561340323
274,0.9999959468841553,1,0.7432803909590715
274,0.999999,1,0.7432803909590715
274,0.9999974966049194,1,0.7432803909590715
274,0.9178473353385925,0,0.5053478422652212
274,0.9998360872268677,1,0.737932066622559
274,0.9999431371688843,0,0.7416481453016438
274,0.9999266862869263,1,0.7410770775313612
274,0.999999,1,0.7432803909590715
274,0.9999957084655762,1,0.7432803909590715
274,0.999996542930603,1,0.7432803909590715
274,0.9999912977218628,1,0.7432803909590715
274,0.9999970197677612,1,0.7432803909590715
274,0.9999599456787109,1,0.7422316275886716
274,0.9999934434890747,1,0.7432803909590715
274,0.9999983310699463,1,0.7432803909590715
274,0.999999,1,0.7432803909590715
274,0.9999983310699463,1,0.7432803909590715
274,0.9999961853027344,1,0.7432803909590715
274,0.999999,1,0.7432803909590715
274,0.9999637603759766,1,0.7423640491006211
274,0.999931812286377,1,0.7412550189380435
274,0.758725643157959,1,0.23867228355355977
274,0.9999942779541016,1,0.7432803909590715
274,0.9999988079071045,1,0.7432803909590715
274,0.9999969005584717,1,0.7432803909590715
274,0.9999967813491821,1,0.7432803909590715
274,0.9997182488441467,1,0.7338414833549917
274,0.9999973773956299,1,0.7432803909590715
274,0.9999985694885254,1,0.7432803909590715
274,0.9999980926513672,1,0.7432803909590715
274,0.9999974966049194,1,0.7432803909590715
274,0.9999973773956299,1,0.7432803909590715
274,0.9999980926513672,1,0.7432803909590715
274,0.9999985694885254,1,0.7432803909590715
274,0.999999,1,0.7432803909590715
274,0.9999451637268066,1,0.7417184942298669
274,0.9999972581863403,1,0.7432803909590715
274,0.9926464557647705,1,0.5805545422904135
274,0.999990701675415,1,0.7432803909590715
274,0.9999723434448242,1,0.7426619975025076
274,0.9999771118164062,1,0.7428275243924446
274,0.5107210874557495,1,0.22459893048128343
275,0.9999953508377075,1,0.7432803909590715
275,0.999999,1,0.7432803909590715
275,0.999999,1,0.7432803909590715
275,0.9999984502792358,1,0.7432803909590715
275,0.9999985694885254,1,0.7432803909590715
275,0.999999,1,0.7432803909590715
275,0.9999982118606567,1,0.7432803909590715
275,0.9999901056289673,1,0.7432785851675229
275,0.9999922513961792,1,0.7432803909590715
275,0.9999936819076538,1,0.7432803909590715
275,0.999999,1,0.7432803909590715
275,0.9999909400939941,1,0.7432803909590715
275,0.9999957084655762,1,0.7432803909590715
275,0.9999986886978149,1,0.7432803909590715
275,0.9999983310699463,1,0.7432803909590715
275,0.9999973773956299,1,0.7432803909590715
275,0.9999982118606567,1,0.7432803909590715
275,0.9999953508377075,1,0.7432803909590715
275,0.9999661445617676,1,0.7424468125455896
275,0.9999978542327881,1,0.7432803909590715
275,0.9999278783798218,1,0.7411184592538455
275,0.9999879598617554,1,0.7432040980670512
275,0.9999986886978149,1,0.7432803909590715
275,0.999962329864502,1,0.74231439103364
275,0.9999974966049194,1,0.7432803909590715
275,0.9999984502792358,1,0.7432803909590715
275,0.9999979734420776,1,0.7432803909590715
275,0.9999961853027344,1,0.7432803909590715
275,0.9999980926513672,1,0.7432803909590715
275,0.9999901056289673,1,0.7432785851675229
275,0.9999986886978149,1,0.7432803909590715
275,0.9999891519546509,1,0.7432454797895355
275,0.9999974966049194,1,0.7432803909590715
275,0.9999891519546509,1,0.7432454797895355
275,0.9999953508377075,1,0.7432803909590715
275,0.9999988079071045,1,0.7432803909590715
275,0.9999960660934448,1,0.7432803909590715
275,0.999998927116394,1,0.7432803909590715
275,0.9999973773956299,1,0.7432803909590715
275,0.9999960660934448,1,0.7432803909590715
275,0.9999972581863403,1,0.7432803909590715
275,0.9999979734420776,1,0.7432803909590715
275,0.999999,1,0.7432803909590715
275,0.9999985694885254,1,0.7432803909590715
275,0.9999982118606567,1,0.7432803909590715
275,0.999999,1,0.7432803909590715
275,0.9999972581863403,1,0.7432803909590715
275,0.999997615814209,1,0.7432803909590715
276,0.9999986886978149,1,0.7432803909590715
276,0.999999,1,0.7432803909590715
276,0.9998277425765991,1,0.7376423945651692
276,0.9983335137367249,0,0.6857724745172974
276,0.999987006187439,1,0.7431709926890638
276,0.9999817609786987,1,0.7429889131101332
276,0.9999978542327881,1,0.7432803909590715
276,0.9999970197677612,1,0.7432803909590715
276,0.9999816417694092,1,0.7429847749378847
276,0.9999954700469971,1,0.7432803909590715
276,0.9999959468841553,1,0.7432803909590715
276,0.9998332262039185,1,0.7378327504885968
276,0.9999954700469971,1,0.7432803909590715
276,0.9997625946998596,1,0.7353808834314055
276,0.9996024966239929,1,0.7298233181017719
276,0.998880922794342,1,0.7047749614820608
276,0.9999984502792358,1,0.7432803909590715
276,0.9999943971633911,1,0.7432803909590715
276,0.999994158744812,1,0.7432803909590715
276,0.9999980926513672,1,0.7432803909590715
276,0.99998939037323,1,0.7432537561340323
276,0.9998987913131714,1,0.74010874522523
276,0.4348122179508209,0,0.22459893048128343
276,0.08814945816993713,1,0.22459893048128343
276,0.003842164296656847,1,0.22459893048128343
276,1.2867983969044872e-05,1,0.22459893048128343
276,1e-06,1,0.22459893048128343
276,1e-06,1,0.22459893048128343
276,1e-06,1,0.22459893048128343
276,1e-06,1,0.22459893048128343
276,1e-06,1,0.22459893048128343
276,1e-06,1,0.22459893048128343
276,0.0015182755887508392,1,0.22459893048128343
276,1e-06,1,0.22459893048128343
276,1e-06,1,0.22459893048128343
276,1e-06,1,0.22459893048128343
276,1e-06,1,0.22459893048128343
276,1e-06,1,0.22459893048128343
276,1e-06,1,0.22459893048128343
276,1e-06,1,0.22459893048128343
276,1e-06,1,0.22459893048128343
276,1e-06,1,0.22459893048128343
276,1e-06,1,0.22459893048128343
276,1e-06,1,0.22459893048128343
276,1e-06,1,0.22459893048128343
277,0.9999924898147583,1,0.7432803909590715
277,0.9999971389770508,1,0.7432803909590715
277,0.9999985694885254,1,0.7432803909590715
277,0.9999983310699463,1,0.7432803909590715
277,0.9999980926513672,1,0.7432803909590715
277,0.9999973773956299,1,0.7432803909590715
277,0.9999969005584717,1,0.7432803909590715
277,0.9999971389770508,1,0.7432803909590715
277,0.9999924898147583,1,0.7432803909590715
277,0.9999988079071045,1,0.7432803909590715
277,0.9999958276748657,1,0.7432803909590715
277,0.9999915361404419,1,0.7432803909590715
277,0.9999985694885254,1,0.7432803909590715
277,0.999995231628418,1,0.7432803909590715
277,0.9999914169311523,1,0.7432803909590715
277,0.999991774559021,1,0.7432803909590715
277,0.9999963045120239,1,0.7432803909590715
277,0.9999978542327881,1,0.7432803909590715
277,0.9999985694885254,1,0.7432803909590715
277,0.9999538660049438,1,0.7420205808040019
277,0.9999986886978149,1,0.7432803909590715
277,0.9999959468841553,1,0.7432803909590715
277,0.9999958276748657,1,0.7432803909590715
277,0.999999,1,0.7432803909590715
277,0.999999,1,0.7432803909590715
277,0.999999,1,0.7432803909590715
277,0.9999983310699463,1,0.7432803909590715
277,0.9998297691345215,1,0.7377127434933924
277,0.9999445676803589,1,0.7416978033686248
277,0.9999969005584717,1,0.7432803909590715
277,0.9999988079071045,1,0.7432803909590715
277,0.9999983310699463,1,0.7432803909590715
277,0.9999986886978149,1,0.7432803909590715
277,0.999992847442627,1,0.7432803909590715
277,0.999996542930603,1,0.7432803909590715
277,0.9999983310699463,1,0.7432803909590715
277,0.9999978542327881,1,0.7432803909590715
277,0.9999979734420776,1,0.7432803909590715
277,0.9999957084655762,1,0.7432803909590715
277,0.9999706745147705,1,0.7426040630910297
277,0.9999909400939941,1,0.7432803909590715
277,0.9999630451202393,1,0.7423392200671306
277,0.9999804496765137,1,0.7429433932154005
277,0.9999868869781494,1,0.7431668545168154
277,0.9999485015869141,1,0.7418343630528228
277,0.9999983310699463,1,0.7432803909590715
277,0.9999966621398926,1,0.7432803909590715
277,0.999999,1,0.7432803909590715
277,0.9999855756759644,1,0.7431213346220827
277,0.999999,1,0.7432803909590715
277,0.9999914169311523,1,0.7432803909590715
277,0.999999,1,0.7432803909590715
277,0.9999964237213135,1,0.7432803909590715
277,0.999996542930603,1,0.7432803909590715
277,0.9999967813491821,1,0.7432803909590715
277,0.9999833106994629,1,0.7430427093493627
277,0.9999845027923584,1,0.7430840910718469
277,0.9999425411224365,1,0.7416274544404017
278,0.9999958276748657,1,0.7432803909590715
278,0.999964714050293,1,0.7423971544786085
278,0.9997542500495911,1,0.7350912113740158
278,0.9996641874313354,1,0.7319648222403313
278,0.9979865550994873,0,0.673728324188259
278,0.9532268643379211,0,0.5351946042546191
278,0.9532746076583862,0,0.5352495422684221
278,0.9999876022338867,0,0.743191683550306
278,0.9987196922302246,0,0.6991780835160673
278,0.9999929666519165,0,0.7432803909590715
278,0.9961244463920593,0,0.6090880045817504
278,0.8567110896110535,0,0.41953580099458376
278,0.45871633291244507,0,0.22459893048128343
278,0.9876910448074341,0,0.5748523742610011
278,0.9999978542327881,0,0.7432803909590715
278,0.45657268166542053,0,0.22459893048128343
278,0.9998121857643127,0,0.7371023630867499
278,0.3130033314228058,1,0.22459893048128343
278,8.320379492943175e-06,0,0.22459893048128343
278,0.9999836683273315,0,0.743055123866108
278,0.9999587535858154,0,0.7421902458661873
278,0.999993085861206,0,0.7432803909590715
278,0.9997538924217224,0,0.7350787968572705
278,0.9999618530273438,0,0.7422978383446464
278,0.9934526681900024,0,0.5814822471277421
278,0.9994246959686279,1,0.7236512341932474
278,0.9999701976776123,0,0.7425875104020361
278,0.9999970197677612,0,0.7432803909590715
278,0.999992847442627,0,0.7432803909590715
278,0.8565609455108643,0,0.4192826734382202
278,1.4911470316292252e-06,0,0.22459893048128343
278,0.9999920129776001,0,0.7432803909590715
278,0.9990146160125732,0,0.7094159216586684
278,0.8483620882034302,1,0.40491007773517795
278,1.8606070852911216e-06,0,0.22459893048128343
278,0.9983068704605103,0,0.6848475930197746
278,0.9999942779541016,1,0.7432803909590715
278,0.6750783920288086,0,0.22459893048128343
278,6.468894298450323e-06,0,0.22459893048128343
278,0.999680757522583,0,0.7325400281828623
278,0.9789480566978455,0,0.5647918590566626
278,0.4445663094520569,0,0.22459893048128343
278,0.00013545813271775842,0,0.22459893048128343
278,0.534492552280426,0,0.22459893048128343
278,0.14970627427101135,0,0.22459893048128343
278,0.9998488426208496,0,0.7383748510531403
278,0.9967105388641357,0,0.6294333284411274
278,0.7992744445800781,0,0.3138732054743485
278,0.9931592345237732,0,0.5811445943912221
278,0.9999123811721802,0,0.7405804968615504
278,0.6559264063835144,0,0.22459893048128343
278,5.4075981097412296e-06,0,0.22459893048128343
278,0.8978783488273621,0,0.4889395785288209
278,0.9996681213378906,0,0.7321013819245293
278,0.993524432182312,0,0.5815648256154061
278,0.9999834299087524,0,0.7430468475216111
278,0.9996492862701416,0,0.7314475507092784
278,0.999966025352478,0,0.7424426743733412
278,0.6258845925331116,0,0.22459893048128343
278,0.869983971118927,0,0.44191251814668925
278,0.4204753041267395,0,0.22459893048128343
278,0.00034820125438272953,0,0.22459893048128343
278,0.8143748044967651,0,0.34187800332889484
278,0.9952646493911743,0,0.5835672853544752
278,0.24322058260440826,0,0.22459893048128343
278,0.06548263132572174,0,0.22459893048128343
278,1e-06,0,0.22459893048128343
278,0.00012194916780572385,0,0.22459893048128343
278,1e-06,0,0.22459893048128343
278,7.66079938330222e-06,0,0.22459893048128343
278,1.8464088498149067e-06,0,0.22459893048128343
278,2.1761895823146915e-06,0,0.22459893048128343
278,1e-06,1,0.22459893048128343
278,1e-06,0,0.22459893048128343
278,1e-06,0,0.22459893048128343
278,1e-06,1,0.22459893048128343
278,2.5666662622825243e-05,1,0.22459893048128343
278,0.655539333820343,1,0.22459893048128343
278,5.560021963901818e-05,1,0.22459893048128343
278,0.8833978176116943,1,0.46452688780804435
278,0.9956434965133667,0,0.5923925486454833
278,0.999993085861206,1,0.7432803909590715
278,0.9993190765380859,1,0.7199848135811436
278,0.999920129776001,1,0.7408494780576979
278,0.9948537945747375,1,0.5830945166539202
278,0.9970577955245972,0,0.6414878242007869
278,0.9999790191650391,0,0.7428937351484194
278,0.5812569856643677,0,0.22459893048128343
278,0.9953601956367493,0,0.5836772299688651
278,0.9913308620452881,0,0.5790406947989511
278,0.9589419960975647,0,0.5417709794300163
278,0.9956195950508118,0,0.5915628451096743
278,0.9999911785125732,0,0.7432803909590715
278,0.9999614953994751,0,0.7422854238279011
278,0.9336289763450623,0,0.5126434069232578
278,0.9999899864196777,0,0.7432744469952745
278,0.9999812841415405,0,0.7429723604211395
278,0.3752802610397339,0,0.22459893048128343
278,0.9998219609260559,0,0.7374416932111206
278,0.9982364177703857,0,0.6824019332209559
278,0.9988471269607544,0,0.7036017896496326
278,0.999936580657959,0,0.7414205458279804
279,0.9999948740005493,1,0.7432803909590715
279,0.9999877214431763,1,0.7431958217225544
279,0.999976634979248,0,0.7428109717034509
279,0.999889612197876,0,0.7397901059621014
279,0.9999943971633911,0,0.7432803909590715
279,0.9999970197677612,1,0.7432803909590715
279,0.9997718930244446,1,0.7357036608667825
279,0.994544267654419,1,0.5827383454857812
279,0.9999135732650757,1,0.7406218785840346
279,0.9992917776107788,0,0.7190371721362545
279,0.9999903440475464,1,0.7432803909590715
279,0.9999028444290161,1,0.7402494430816764
279,0.9978567957878113,1,0.6692239236958494
279,0.9999988079071045,1,0.7432803909590715
279,0.9999855756759644,1,0.7431213346220827
279,0.9999988079071045,1,0.7432803909590715
279,0.8831981420516968,1,0.4641902552896569
279,0.9999945163726807,1,0.7432803909590715
279,0.999996542930603,1,0.7432803909590715
279,0.9999896287918091,1,0.7432620324785292
279,0.45384323596954346,1,0.22459893048128343
279,0.9999867677688599,0,0.743162716344567
280,0.9999916553497314,1,0.7432803909590715
280,0.9999985694885254,1,0.7432803909590715
280,0.999999,1,0.7432803909590715
280,0.9999955892562866,1,0.7432803909590715
280,0.9999980926513672,1,0.7432803909590715
280,0.999999,1,0.7432803909590715
280,0.9999793767929077,1,0.7429061496651647
280,0.9999680519104004,1,0.7425130233015644
280,0.999984860420227,1,0.7430965055885922
280,0.9999586343765259,1,0.7421861076939389
280,0.999998927116394,1,0.7432803909590715
280,0.9999946355819702,1,0.7432803909590715
280,0.9999980926513672,1,0.7432803909590715
280,0.9999173879623413,1,0.7407543000959842
280,0.999999,1,0.7432803909590715
280,0.9999954700469971,1,0.7432803909590715
280,0.9999927282333374,1,0.7432803909590715
280,0.9999606609344482,1,0.7422564566221621
280,0.9969051480293274,1,0.6361888946366798
280,0.9999979734420776,1,0.7432803909590715
281,0.9999964237213135,1,0.7432803909590715
281,0.9998998641967773,1,0.7401459887754658
281,0.896113395690918,1,0.48596404852823266
281,0.9995032548904419,1,0.7263782897049588
282,0.9999310970306396,1,0.7412301899045529
282,0.9999971389770508,1,0.7432803909590715
282,0.682522714138031,0,0.22459893048128343
282,0.9999986886978149,1,0.7432803909590715
282,0.9999955892562866,1,0.7432803909590715
282,0.9999978542327881,1,0.7432803909590715
282,0.9999595880508423,1,0.7422192130719263
282,0.9999963045120239,1,0.7432803909590715
282,0.9999957084655762,1,0.7432803909590715
282,0.9999958276748657,1,0.7432803909590715
282,0.9999803304672241,1,0.7429392550431521
282,0.9999946355819702,1,0.7432803909590715
282,0.999998927116394,1,0.7432803909590715
282,0.9999972581863403,1,0.7432803909590715
282,0.9999715089797974,1,0.7426330302967686
282,0.999998927116394,1,0.7432803909590715
282,0.9999984502792358,1,0.7432803909590715
282,0.9999967813491821,1,0.7432803909590715
282,0.9999957084655762,1,0.7432803909590715
282,0.9999778270721436,1,0.7428523534259351
282,0.9999969005584717,1,0.7432803909590715
282,0.9999854564666748,1,0.7431171964498343
282,0.999996542930603,1,0.7432803909590715
282,0.9999932050704956,1,0.7432803909590715
282,0.999998927116394,1,0.7432803909590715
282,0.999997615814209,1,0.7432803909590715
282,0.9999938011169434,1,0.7432803909590715
282,0.9999985694885254,1,0.7432803909590715
282,0.999999,1,0.7432803909590715
282,0.999999,1,0.7432803909590715
282,0.999998927116394,1,0.7432803909590715
282,0.9999969005584717,1,0.7432803909590715
282,0.9999918937683105,1,0.7432803909590715
282,0.9999344348907471,1,0.7413460587275088
282,0.9999947547912598,1,0.7432803909590715
282,0.9999915361404419,1,0.7432803909590715
282,0.9999821186065674,1,0.7430013276268784
282,0.9999983310699463,1,0.7432803909590715
282,0.999895453453064,1,0.7399928764022741
282,0.9999978542327881,1,0.7432803909590715
282,0.9999978542327881,1,0.7432803909590715
282,0.999999,1,0.7432803909590715
282,0.999976396560669,1,0.742802695358954
282,0.999998927116394,1,0.7432803909590715
282,0.999984860420227,1,0.7430965055885922
282,0.9999972581863403,1,0.7432803909590715
282,0.9999986886978149,1,0.7432803909590715
282,0.9999986886978149,1,0.7432803909590715
282,0.999991774559021,1,0.7432803909590715
282,0.9999986886978149,1,0.7432803909590715
282,0.999999,1,0.7432803909590715
282,0.999998927116394,1,0.7432803909590715
282,0.9999972581863403,1,0.7432803909590715
282,0.9999985694885254,1,0.7432803909590715
282,0.9999971389770508,1,0.7432803909590715
282,0.999997615814209,1,0.7432803909590715
282,0.999997615814209,1,0.7432803909590715
282,0.9999979734420776,1,0.7432803909590715
282,0.9999932050704956,1,0.7432803909590715
282,0.9999802112579346,1,0.7429351168709036
282,0.9999642372131348,1,0.7423806017896148
282,0.9999980926513672,1,0.7432803909590715
282,0.999995231628418,1,0.7432803909590715
282,0.9999988079071045,1,0.7432803909590715
282,0.9999784231185913,1,0.7428730442871773
282,0.999997615814209,1,0.7432803909590715
282,0.999999,1,0.7432803909590715
282,0.9999969005584717,1,0.7432803909590715
282,0.9999986886978149,1,0.7432803909590715
282,0.9999936819076538,1,0.7432803909590715
282,0.9999982118606567,1,0.7432803909590715
282,0.9999779462814331,1,0.7428564915981836
282,0.9999971389770508,1,0.7432803909590715
282,0.9986250400543213,1,0.6958923747508184
282,0.9996885061264038,1,0.7328090093790098
282,0.9999960660934448,1,0.7432803909590715
282,0.9999672174453735,1,0.7424840560958255
282,0.9995738863945007,1,0.7288301567621501
282,0.9998974800109863,0,0.7400632253304973
282,0.9999979734420776,0,0.7432803909590715
282,0.9999877214431763,0,0.7431958217225544
282,0.9999988079071045,0,0.7432803909590715
282,0.6821702122688293,0,0.22459893048128343
282,0.9999961853027344,0,0.7432803909590715
282,0.9999984502792358,0,0.7432803909590715
282,0.9999977350234985,0,0.7432803909590715
282,0.999992847442627,0,0.7432803909590715
282,0.999999,0,0.7432803909590715
283,0.999999,1,0.7432803909590715
283,0.9999858140945435,1,0.7431296109665796
283,0.9999916553497314,1,0.7432803909590715
283,0.9999366998672485,1,0.7414246840002289
283,0.9999943971633911,1,0.7432803909590715
283,0.9999953508377075,1,0.7432803909590715
283,0.9999983310699463,1,0.7432803909590715
283,0.9999878406524658,1,0.7431999598948028
283,0.9999974966049194,1,0.7432803909590715
283,0.9999923706054688,1,0.7432803909590715
283,0.9999955892562866,1,0.7432803909590715
283,0.9999951124191284,1,0.7432803909590715
283,0.9999948740005493,1,0.7432803909590715
283,0.9999970197677612,1,0.7432803909590715
283,0.9999972581863403,1,0.7432803909590715
283,0.999999,1,0.7432803909590715
283,0.9999947547912598,1,0.7432803909590715
283,0.9999988079071045,1,0.7432803909590715
283,0.9999984502792358,1,0.7432803909590715
283,0.9999978542327881,1,0.7432803909590715
283,0.9999974966049194,1,0.7432803909590715
283,0.9999980926513672,1,0.7432803909590715
283,0.9999639987945557,1,0.742372325445118
283,0.999999,1,0.7432803909590715
283,0.9997639060020447,1,0.7354264033261381
283,0.9999921321868896,1,0.7432803909590715
283,0.9999983310699463,1,0.7432803909590715
283,0.9999955892562866,1,0.7432803909590715
283,0.9999959468841553,1,0.7432803909590715
283,0.9999985694885254,1,0.7432803909590715
283,0.9999256134033203,1,0.7410398339811254
283,0.999954342842102,1,0.7420371334929956
283,0.9999985694885254,1,0.7432803909590715
283,0.9999982118606567,1,0.7432803909590715
283,0.9999966621398926,1,0.7432803909590715
283,0.9998264908790588,1,0.7375989437565608
283,0.999999,1,0.7432803909590715
283,0.9999985694885254,1,0.7432803909590715
283,0.999968409538269,1,0.7425254378183097
283,0.9999985694885254,1,0.7432803909590715
283,0.999999,1,0.7432803909590715
283,0.9999949932098389,1,0.7432803909590715
283,0.9999979734420776,1,0.7432803909590715
283,0.999999,1,0.7432803909590715
283,0.9999867677688599,1,0.743162716344567
283,0.999990701675415,1,0.7432803909590715
283,0.9999977350234985,1,0.7432803909590715
283,0.999999,1,0.7432803909590715
283,0.9474911093711853,1,0.5285944980520361
283,0.999872088432312,1,0.739181794641583
283,0.9999828338623047,1,0.743026156660369
283,0.9999963045120239,1,0.7432803909590715
283,0.9999836683273315,1,0.743055123866108
283,0.9999984502792358,1,0.7432803909590715
283,0.9999282360076904,1,0.7411308737705907
283,0.9999974966049194,1,0.7432803909590715
283,0.999999,1,0.7432803909590715
283,0.9999983310699463,1,0.7432803909590715
283,0.9999240636825562,1,0.7409860377418959
283,0.9999558925628662,1,0.7420909297322251
283,0.999994158744812,1,0.7432803909590715
283,0.9999960660934448,1,0.7432803909590715
283,0.9708253741264343,0,0.5554451265110615
283,0.9982498288154602,0,0.6828674775989036
283,0.9999550580978394,0,0.7420619625264862
283,0.9999974966049194,0,0.7432803909590715
283,0.9999984502792358,0,0.7432803909590715
283,0.9999939203262329,0,0.7432803909590715
283,0.9980905652046204,0,0.677338879475009
283,0.9999681711196899,0,0.7425171614738129
283,0.999999,0,0.7432803909590715
283,0.999997615814209,0,0.7432803909590715
283,0.9999914169311523,0,0.7432803909590715
283,0.9999967813491821,0,0.7432803909590715
283,0.9999799728393555,0,0.7429268405264068
284,0.9966512322425842,1,0.6273745877475364
284,0.999930739402771,1,0.7412177753878076
284,0.9999902248382568,1,0.7432803909590715
284,0.9999809265136719,1,0.7429599459043942
284,0.9999901056289673,1,0.7432785851675229
284,0.9991965889930725,1,0.7157328415958878
284,0.9994762539863586,1,0.7254409936906908
284,0.9999988079071045,1,0.7432803909590715
284,0.9999638795852661,1,0.7423681872728696
284,0.9999927282333374,1,0.7432803909590715
284,0.9999974966049194,1,0.7432803909590715
284,0.9999970197677612,1,0.7432803909590715
284,0.9991959929466248,1,0.7157121507346457
284,0.999999,1,0.7432803909590715
284,0.999999,1,0.7432803909590715
284,0.9999977350234985,1,0.7432803909590715
284,0.9999972581863403,1,0.7432803909590715
284,0.9997650980949402,1,0.7354677850486223
284,0.9998683929443359,1,0.7390535113018818
284,0.9999977350234985,1,0.7432803909590715
284,0.9999986886978149,1,0.7432803909590715
284,0.9999986886978149,1,0.7432803909590715
284,0.9999985694885254,1,0.7432803909590715
284,0.9999949932098389,1,0.7432803909590715
284,0.9999861717224121,1,0.7431420254833249
284,0.999999,1,0.7432803909590715
284,0.9999957084655762,1,0.7432803909590715
284,0.9999988079071045,1,0.7432803909590715
284,0.999984622001648,1,0.7430882292440953
284,0.999788224697113,1,0.7362705904648167
284,0.9999932050704956,1,0.7432803909590715
284,0.9999973773956299,1,0.7432803909590715
284,0.999997615814209,1,0.7432803909590715
284,0.999999,1,0.7432803909590715
284,0.999999,1,0.7432803909590715
284,0.9398700594902039,1,0.5198249918786777
284,0.999997615814209,1,0.7432803909590715
284,0.9999970197677612,1,0.7432803909590715
284,0.999998927116394,1,0.7432803909590715
284,0.999997615814209,1,0.7432803909590715
284,0.9999879598617554,1,0.7432040980670512
284,0.999999,1,0.7432803909590715
284,0.9999923706054688,1,0.7432803909590715
284,0.9999961853027344,1,0.7432803909590715
284,0.9892527461051941,1,0.5766494165826667
285,0.9999909400939941,1,0.7432803909590715
285,0.9999973773956299,1,0.7432803909590715
285,0.24638411402702332,0,0.22459893048128343
285,0.0005915690562687814,1,0.22459893048128343
285,0.9999910593032837,1,0.7432803909590715
285,0.999998927116394,1,0.7432803909590715
285,0.9999772310256958,1,0.742831662564693
285,0.9999672174453735,1,0.7424840560958255
285,0.9999986886978149,1,0.7432803909590715
285,0.8209232091903687,1,0.3540225317193389
285,0.9999961853027344,1,0.7432803909590715
285,0.9999984502792358,1,0.7432803909590715
285,0.9999555349349976,1,0.7420785152154799
285,0.999859094619751,1,0.7387307338665048
285,0.999988317489624,1,0.7432165125837965
285,0.999999,1,0.7432803909590715
285,0.9999985694885254,1,0.7432803909590715
285,0.5183586478233337,1,0.22459893048128343
285,1e-06,1,0.22459893048128343
285,1.679326828707417e-06,1,0.22459893048128343
285,0.9999971389770508,1,0.7432803909590715
285,0.9999858140945435,1,0.7431296109665796
285,0.9991401433944702,1,0.713773417036259
285,0.9998898506164551,1,0.7397983823065982
285,0.9999980926513672,1,0.7432803909590715
285,0.9999971389770508,1,0.7432803909590715
285,0.9381518959999084,0,0.5178479092496051
285,0.9999974966049194,1,0.7432803909590715
285,0.9999986886978149,1,0.7432803909590715
285,0.999999,1,0.7432803909590715
285,0.9999980926513672,1,0.7432803909590715
285,0.9999984502792358,1,0.7432803909590715
285,0.9999986886978149,1,0.7432803909590715
285,0.9997251629829407,1,0.7340814973454003
285,0.999998927116394,1,0.7432803909590715
285,0.9999971389770508,1,0.7432803909590715
285,0.999999,1,0.7432803909590715
285,0.9999324083328247,1,0.7412757097992856
285,0.9999972581863403,1,0.7432803909590715
285,0.9999924898147583,1,0.7432803909590715
285,0.9999983310699463,1,0.7432803909590715
285,0.9999961853027344,1,0.7432803909590715
285,0.999998927116394,1,0.7432803909590715
285,0.9999908208847046,1,0.7432803909590715
285,0.9999988079071045,1,0.7432803909590715
285,0.999998927116394,1,0.7432803909590715
285,0.999998927116394,1,0.7432803909590715
285,0.9999986886978149,1,0.7432803909590715
285,0.999999,1,0.7432803909590715
285,0.9999781847000122,1,0.7428647679426804
285,0.9999982118606567,1,0.7432803909590715
285,0.9867525100708008,0,0.5737724067636939
285,0.9999977350234985,0,0.7432803909590715
285,0.9999598264694214,0,0.7422274894164231
285,0.9999943971633911,0,0.7432803909590715
285,0.9999946355819702,0,0.7432803909590715
285,0.999999,0,0.7432803909590715
285,0.9986207485198975,0,0.6957434005498752
285,0.9999785423278809,0,0.7428771824594257
285,0.9999226331710815,0,0.7409363796749148
285,0.999999,0,0.7432803909590715
285,0.9609960913658142,0,0.5441346171724398
285,0.9999940395355225,0,0.7432803909590715
285,0.9999809265136719,0,0.7429599459043942
285,0.999998927116394,0,0.7432803909590715
285,0.9999970197677612,0,0.7432803909590715
285,0.9999972581863403,0,0.7432803909590715
285,0.9999958276748657,0,0.7432803909590715
285,0.9999986886978149,0,0.7432803909590715
285,0.9999980926513672,0,0.7432803909590715
285,0.9999984502792358,0,0.7432803909590715
285,0.9999911785125732,0,0.7432803909590715
285,0.9999985694885254,0,0.7432803909590715
285,0.999999,0,0.7432803909590715
285,0.999999,0,0.7432803909590715
285,0.9999604225158691,0,0.7422481802776653
285,0.9999948740005493,0,0.7432803909590715
285,0.9999969005584717,0,0.7432803909590715
285,0.999999,0,0.7432803909590715
286,0.999999,1,0.7432803909590715
286,0.9999943971633911,1,0.7432803909590715
286,0.9999979734420776,1,0.7432803909590715
286,0.999999,1,0.7432803909590715
286,0.9999963045120239,1,0.7432803909590715
286,0.9999814033508301,1,0.7429764985933879
286,0.9999902248382568,1,0.7432803909590715
286,0.999996542930603,1,0.7432803909590715
286,0.9999970197677612,1,0.7432803909590715
286,0.9999825954437256,1,0.7430178803158721
286,0.9999905824661255,1,0.7432803909590715
286,0.9997819066047668,1,0.7360512673356502
286,0.999997615814209,1,0.7432803909590715
286,0.999975323677063,1,0.7427654518087182
286,0.9999986886978149,1,0.7432803909590715
286,0.9999958276748657,1,0.7432803909590715
286,0.9998701810836792,1,0.7391155838856082
286,0.999999,1,0.7432803909590715
286,0.999999,1,0.7432803909590715
286,0.999999,1,0.7432803909590715
286,0.999996542930603,1,0.7432803909590715
286,0.9999982118606567,1,0.7432803909590715
286,0.999991774559021,1,0.7432803909590715
286,0.9999984502792358,1,0.7432803909590715
286,0.9999985694885254,1,0.7432803909590715
286,0.9999988079071045,1,0.7432803909590715
286,0.9999986886978149,1,0.7432803909590715
286,0.999999,1,0.7432803909590715
286,0.9999986886978149,1,0.7432803909590715
286,0.9999960660934448,1,0.7432803909590715
286,0.9999984502792358,1,0.7432803909590715
286,0.9999790191650391,1,0.7428937351484194
286,0.999995231628418,1,0.7432803909590715
286,0.9999972581863403,1,0.7432803909590715
286,0.999996542930603,1,0.7432803909590715
286,0.9999984502792358,1,0.7432803909590715
286,0.9999986886978149,1,0.7432803909590715
286,0.997373104095459,0,0.6524332897978686
287,0.9999979734420776,1,0.7432803909590715
287,0.9999964237213135,1,0.7432803909590715
287,0.9999958276748657,1,0.7432803909590715
287,0.9999986886978149,1,0.7432803909590715
287,0.999901294708252,1,0.7401956468424469
287,0.9999960660934448,1,0.7432803909590715
287,0.9999731779098511,1,0.7426909647082466
287,0.9999959468841553,1,0.7432803909590715
287,0.9999217987060547,1,0.7409074124691758
287,0.999999,1,0.7432803909590715
287,0.999998927116394,1,0.7432803909590715
287,0.999998927116394,1,0.7432803909590715
287,0.9999978542327881,1,0.7432803909590715
287,0.9999631643295288,1,0.742343358239379
287,0.9999967813491821,1,0.7432803909590715
287,0.9999984502792358,1,0.7432803909590715
287,0.9999978542327881,1,0.7432803909590715
287,0.9999793767929077,1,0.7429061496651647
287,0.999999,1,0.7432803909590715
287,0.9999949932098389,1,0.7432803909590715
287,0.9999973773956299,1,0.7432803909590715
287,0.9999945163726807,1,0.7432803909590715
287,0.9999819993972778,1,0.74299718945463
287,0.9999988079071045,1,0.7432803909590715
287,0.9994578957557678,1,0.7248037151644334
287,0.9999984502792358,1,0.7432803909590715
287,0.9995900988578796,1,0.7293929481879358
287,0.9999957084655762,1,0.7432803909590715
287,0.9999979734420776,1,0.7432803909590715
287,0.9999986886978149,1,0.7432803909590715
287,0.999999,1,0.7432803909590715
287,0.9999971389770508,1,0.7432803909590715
287,0.999999,1,0.7432803909590715
287,0.9999613761901855,1,0.7422812856556527
287,0.9999988079071045,1,0.7432803909590715
287,0.9999947547912598,1,0.7432803909590715
287,0.999999,1,0.7432803909590715
287,0.9999823570251465,1,0.7430096039713753
287,0.9999979734420776,1,0.7432803909590715
287,0.9999980926513672,1,0.7432803909590715
287,0.9999985694885254,1,0.7432803909590715
287,0.9999978542327881,1,0.7432803909590715
287,0.999999,1,0.7432803909590715
287,0.9999980926513672,1,0.7432803909590715
287,0.9999899864196777,1,0.7432744469952745
287,0.9999973773956299,1,0.7432803909590715
287,0.999976634979248,1,0.7428109717034509
287,0.999992847442627,1,0.7432803909590715
287,0.9999977350234985,1,0.7432803909590715
287,0.9999986886978149,1,0.7432803909590715
287,0.9999295473098755,1,0.7411763936653234
287,0.9999983310699463,1,0.7432803909590715
287,0.9999946355819702,1,0.7432803909590715
287,0.9999983310699463,1,0.7432803909590715
288,0.9999583959579468,1,0.742177831349442
288,0.9999986886978149,1,0.7432803909590715
288,0.9992446899414062,1,0.7174025940981269
288,0.9999980926513672,1,0.7432803909590715
288,0.999998927116394,1,0.7432803909590715
288,0.9999635219573975,1,0.7423557727561243
288,0.9999974966049194,1,0.7432803909590715
288,0.999999,1,0.7432803909590715
288,0.9999971389770508,1,0.7432803909590715
288,0.9999970197677612,1,0.7432803909590715
288,0.9999674558639526,1,0.7424923324403223
288,0.9999983310699463,1,0.7432803909590715
288,0.999996542930603,1,0.7432803909590715
288,0.9999983310699463,1,0.7432803909590715
288,0.9999864101409912,1,0.7431503018278217
288,0.9999898672103882,1,0.743270308823026
288,0.999997615814209,1,0.7432803909590715
288,0.9999982118606567,1,0.7432803909590715
288,0.9999980926513672,1,0.7432803909590715
288,0.9999206066131592,1,0.7408660307466916
288,0.9999914169311523,1,0.7432803909590715
288,0.999999,1,0.7432803909590715
288,0.871000349521637,1,0.4436260279089408
288,0.9622612595558167,1,0.5455904402448292
288,0.9977668523788452,1,0.6661016727344133
288,0.6623561382293701,0,0.22459893048128343
288,0.9927458167076111,0,0.5806688764589649
288,0.9999949932098389,0,0.7432803909590715
288,0.9999964237213135,0,0.7432803909590715
288,0.9989801049232483,0,0.7082179207927497
288,0.9999940395355225,1,0.7432803909590715
288,0.9999885559082031,0,0.7432247889282934
288,0.999999,0,0.7432803909590715
288,0.9999980926513672,0,0.7432803909590715
288,0.9662007689476013,0,0.5501236151315955
288,0.999996542930603,0,0.7432803909590715
288,0.9999959468841553,0,0.7432803909590715
288,0.9999566078186035,0,0.7421157587657157
288,0.9999977350234985,0,0.7432803909590715
288,0.9999977350234985,0,0.7432803909590715
288,0.9999903440475464,0,0.7432803909590715
288,0.9999967813491821,0,0.7432803909590715
288,0.9999964237213135,0,0.7432803909590715
288,0.999999,0,0.7432803909590715
288,0.9999933242797852,0,0.7432803909590715
288,0.9999988079071045,0,0.7432803909590715
288,0.9999881982803345,0,0.7432123744115481
288,0.9999967813491821,0,0.7432803909590715
288,0.9999986886978149,0,0.7432803909590715
288,0.9999977350234985,0,0.7432803909590715
288,0.9999986886978149,0,0.7432803909590715
288,0.9999926090240479,0,0.7432803909590715
288,0.9999985694885254,0,0.7432803909590715
288,0.999999,0,0.7432803909590715
288,0.999999,0,0.7432803909590715
288,0.9999982118606567,0,0.7432803909590715
288,0.9999978542327881,1,0.7432803909590715
288,0.9999961853027344,0,0.7432803909590715
288,0.9999885559082031,0,0.7432247889282934
288,0.999984622001648,0,0.7430882292440953
288,0.999999,0,0.7432803909590715
288,0.9999959468841553,0,0.7432803909590715
288,0.9999963045120239,0,0.7432803909590715
288,0.9999730587005615,0,0.7426868265359982
288,0.9999984502792358,0,0.7432803909590715
288,0.9999980926513672,0,0.7432803909590715
288,0.9999974966049194,0,0.7432803909590715
288,0.9999877214431763,0,0.7431958217225544
288,0.9999415874481201,0,0.7415943490624143
288,0.9999951124191284,0,0.7432803909590715
288,0.999999,0,0.7432803909590715
288,0.9999982118606567,0,0.7432803909590715
288,0.9999985694885254,0,0.7432803909590715
288,0.9999978542327881,0,0.7432803909590715
288,0.9999964237213135,1,0.7432803909590715
288,0.9999982118606567,0,0.7432803909590715
288,0.9999970197677612,0,0.7432803909590715
288,0.9999974966049194,0,0.7432803909590715
288,0.999999,0,0.7432803909590715
289,0.9999649524688721,1,0.7424054308231054
289,0.9999196529388428,1,0.7408329253687042
289,0.9999953508377075,1,0.7432803909590715
289,0.999999,1,0.7432803909590715
289,0.999999,1,0.7432803909590715
289,0.9999938011169434,1,0.7432803909590715
289,0.9999977350234985,1,0.7432803909590715
289,0.9999983310699463,1,0.7432803909590715
289,0.999999,1,0.7432803909590715
289,0.9999988079071045,1,0.7432803909590715
289,0.9999631643295288,1,0.742343358239379
289,0.9999978542327881,1,0.7432803909590715
289,0.999984622001648,1,0.7430882292440953
289,0.9999920129776001,1,0.7432803909590715
289,0.9999972581863403,1,0.7432803909590715
289,0.999999,1,0.7432803909590715
289,0.9999855756759644,1,0.7431213346220827
289,0.9999228715896606,1,0.7409446560194116
289,0.9992614388465881,1,0.7179840072990306
289,0.9999985694885254,1,0.7432803909590715
289,0.9999973773956299,1,0.7432803909590715
289,0.999999,1,0.7432803909590715
289,0.9999983310699463,1,0.7432803909590715
289,0.9999743700027466,1,0.7427323464307308
289,0.999999,1,0.7432803909590715
289,0.9999947547912598,1,0.7432803909590715
289,0.9999881982803345,1,0.7432123744115481
289,0.999998927116394,1,0.7432803909590715
289,0.9999972581863403,1,0.7432803909590715
289,0.999999,1,0.7432803909590715
289,0.9999978542327881,1,0.7432803909590715
289,0.9999895095825195,1,0.7432578943062808
289,0.9999959468841553,1,0.7432803909590715
289,0.999999,1,0.7432803909590715
289,0.9999936819076538,1,0.7432803909590715
289,0.9999361038208008,1,0.7414039931389867
289,0.9999531507492065,1,0.7419957517705114
289,0.9999977350234985,1,0.7432803909590715
289,0.999999,1,0.7432803909590715
289,0.999999,1,0.7432803909590715
289,0.999999,1,0.7432803909590715
289,0.9999985694885254,1,0.7432803909590715
289,0.9999986886978149,1,0.7432803909590715
289,0.9999971389770508,1,0.7432803909590715
289,0.999999,1,0.7432803909590715
289,0.9999986886978149,1,0.7432803909590715
289,0.9999924898147583,1,0.7432803909590715
289,0.9999643564224243,1,0.7423847399618633
289,0.9999946355819702,1,0.7432803909590715
289,0.9999940395355225,1,0.7432803909590715
289,0.9999886751174927,1,0.7432289271005418
289,0.9999427795410156,1,0.7416357307848985
289,0.9999901056289673,1,0.7432785851675229
289,0.999999,1,0.7432803909590715
289,0.9999985694885254,1,0.7432803909590715
289,0.9999953508377075,1,0.7432803909590715
289,0.9999973773956299,1,0.7432803909590715
289,0.999999,1,0.7432803909590715
289,0.9999911785125732,1,0.7432803909590715
289,0.9999983310699463,1,0.7432803909590715
289,0.9999947547912598,1,0.7432803909590715
289,0.9999967813491821,1,0.7432803909590715
289,0.999998927116394,1,0.7432803909590715
289,0.9999984502792358,1,0.7432803909590715
289,0.9999444484710693,1,0.7416936651963764
289,0.9999974966049194,1,0.7432803909590715
289,0.9999982118606567,1,0.7432803909590715
289,0.9999573230743408,1,0.7421405877992062
290,0.999999,1,0.7432803909590715
290,0.9999927282333374,1,0.7432803909590715
290,0.9999949932098389,1,0.7432803909590715
290,0.9999855756759644,1,0.7431213346220827
290,0.9999978542327881,1,0.7432803909590715
290,0.9999985694885254,1,0.7432803909590715
290,0.9999985694885254,1,0.7432803909590715
290,0.9927632212638855,1,0.580688903799827
290,0.9999980926513672,1,0.7432803909590715
290,0.9999977350234985,1,0.7432803909590715
290,0.9999957084655762,1,0.7432803909590715
290,0.8404428362846375,1,0.3902232060070453
290,0.9999970197677612,1,0.7432803909590715
290,0.9999932050704956,1,0.7432803909590715
290,0.9999854564666748,1,0.7431171964498343
290,0.8887232542037964,0,0.47350502780441595
290,0.9999971389770508,1,0.7432803909590715
290,0.9326710104942322,1,0.5115410801344402
290,0.999999,1,0.7432803909590715
290,0.9999984502792358,1,0.7432803909590715
290,0.999999,1,0.7432803909590715
290,0.9999974966049194,1,0.7432803909590715
290,0.9998674392700195,1,0.7390204059238944
290,0.9999889135360718,1,0.7432372034450386
290,0.31067854166030884,0,0.22459893048128343
290,0.9999982118606567,1,0.7432803909590715
290,0.9999959468841553,1,0.7432803909590715
290,0.9999948740005493,1,0.7432803909590715
290,0.9999679327011108,1,0.742508885129316
290,0.9999961853027344,1,0.7432803909590715
290,0.6734333038330078,1,0.22459893048128343
290,0.9458437561988831,1,0.526698896522087
290,0.9999969005584717,1,0.7432803909590715
290,0.999999,1,0.7432803909590715
290,0.9994990825653076,1,0.726233453676264
290,0.9948241710662842,1,0.5830604290223845
290,0.9999940395355225,1,0.7432803909590715
290,0.9999982118606567,1,0.7432803909590715
290,0.9999969005584717,1,0.7432803909590715
290,0.9960887432098389,1,0.6078486219933473
290,0.9990536570549011,1,0.7107711730700274
290,0.999999,1,0.7432803909590715
290,0.9995974898338318,1,0.7296495148673381
290,0.995980978012085,1,0.6041077142807719
290,0.9883537292480469,1,0.5756149221230017
290,0.9999946355819702,1,0.7432803909590715
290,0.9999970197677612,1,0.7432803909590715
290,0.9999963045120239,1,0.7432803909590715
290,0.9999951124191284,1,0.7432803909590715
290,0.9999980926513672,1,0.7432803909590715
290,0.999999,1,0.7432803909590715
290,0.9999985694885254,1,0.7432803909590715
290,0.999999,1,0.7432803909590715
290,0.9999972581863403,1,0.7432803909590715
291,0.9999921321868896,1,0.7432803909590715
291,0.9999912977218628,1,0.7432803909590715
291,0.7780840396881104,1,0.27457394315678213
291,0.9999423027038574,1,0.7416191780959048
291,0.9999974966049194,1,0.7432803909590715
291,0.9999929666519165,1,0.7432803909590715
291,0.999864935874939,1,0.7389335043066776
291,0.9997974038124084,1,0.7365892297279453
291,0.9997052550315857,1,0.7333904225799135
291,0.9996635913848877,1,0.7319441313790892
291,0.6939781308174133,0,0.22459893048128343
291,0.5427670478820801,0,0.22459893048128343
291,0.9998286962509155,0,0.7376754999431566
291,0.999999,0,0.7432803909590715
291,0.9985906481742859,0,0.6946985120571482
291,0.9999270439147949,0,0.7410894920481065
291,0.9999496936798096,0,0.741875744775307
291,0.9999892711639404,0,0.7432496179617839
291,0.9999971389770508,0,0.7432803909590715
291,0.999993085861206,0,0.7432803909590715
291,0.9999891519546509,0,0.7432454797895355
291,0.9999983310699463,0,0.7432803909590715
291,0.9999879598617554,0,0.7432040980670512
291,0.99998939037323,0,0.7432537561340323
291,0.9999685287475586,0,0.7425295759905581
291,0.9996315240859985,0,0.7308309630442632
291,0.9997578263282776,0,0.7352153565414685
291,0.9902787804603577,1,0.5778300694785543
291,0.999330997467041,0,0.720398630805986
291,0.9999915361404419,0,0.7432803909590715
291,0.999999,0,0.7432803909590715
291,0.9999967813491821,0,0.7432803909590715
291,0.9999961853027344,0,0.7432803909590715
291,0.9999982118606567,0,0.7432803909590715
291,0.9999947547912598,0,0.7432803909590715
291,0.999999,0,0.7432803909590715
291,0.9999783039093018,0,0.7428689061149288
291,0.9999986886978149,0,0.7432803909590715
291,0.9985721111297607,0,0.6940550262725181
291,0.9999796152114868,0,0.7429144260096615
291,0.999999,0,0.7432803909590715
291,0.999988317489624,0,0.7432165125837965
291,0.9999984502792358,0,0.7432803909590715
291,0.999995231628418,0,0.7432803909590715
291,0.9999462366104126,0,0.7417557377801027
291,0.9999982118606567,0,0.7432803909590715
291,0.9999376535415649,0,0.7414577893782163
291,0.9999874830245972,0,0.7431875453780575
291,0.9377095699310303,0,0.5173389267272174
291,0.9998679161071777,0,0.7390369586128881
291,0.999991774559021,0,0.7432803909590715
291,0.9999940395355225,0,0.7432803909590715
291,0.9999979734420776,0,0.7432803909590715
291,0.9999988079071045,0,0.7432803909590715
291,0.9999949932098389,0,0.7432803909590715
291,0.9992571473121643,0,0.7178350330980873
291,0.9999939203262329,0,0.7432803909590715
291,0.999990701675415,0,0.7432803909590715
291,0.9999973773956299,0,0.7432803909590715
291,0.9999971389770508,0,0.7432803909590715
291,0.999998927116394,0,0.7432803909590715
291,0.9708412289619446,0,0.5554633705955454
291,0.7576801180839539,0,0.2367332755755435
291,0.032297294586896896,0,0.22459893048128343
291,0.02301880158483982,0,0.22459893048128343
291,0.9999986886978149,0,0.7432803909590715
291,0.9999970197677612,0,0.7432803909590715
291,0.9981497526168823,0,0.6793934819963516
291,0.9999984502792358,0,0.7432803909590715
291,0.9999977350234985,0,0.7432803909590715
291,0.99998939037323,0,0.7432537561340323
291,0.975493848323822,0,0.5608171177633852
291,0.9999955892562866,0,0.7432803909590715
292,0.9999946355819702,1,0.7432803909590715
292,0.9999643564224243,1,0.7423847399618633
292,0.9999957084655762,1,0.7432803909590715
292,0.999998927116394,1,0.7432803909590715
292,0.9999978542327881,1,0.7432803909590715
292,0.9999860525131226,1,0.7431378873110764
292,0.9999867677688599,1,0.743162716344567
292,0.9999988079071045,1,0.7432803909590715
292,0.999996542930603,1,0.7432803909590715
292,0.9999650716781616,1,0.7424095689953538
292,0.9996483325958252,1,0.731414445331291
292,0.9999479055404663,1,0.7418136721915807
292,0.9999983310699463,1,0.7432803909590715
292,0.999997615814209,1,0.7432803909590715
292,0.9999581575393677,1,0.7421695550049452
292,0.9999967813491821,1,0.7432803909590715
292,0.9999973773956299,1,0.7432803909590715
292,0.9999773502349854,1,0.7428358007369414
292,0.9999897480010986,1,0.7432661706507776
292,0.9998897314071655,1,0.7397942441343498
292,0.9999942779541016,1,0.7432803909590715
292,0.9999039173126221,1,0.7402866866319122
292,0.9999592304229736,1,0.742206798555181
292,0.999977707862854,1,0.7428482152536867
292,0.9999978542327881,1,0.7432803909590715
292,0.9999958276748657,1,0.7432803909590715
292,0.9999861717224121,1,0.7431420254833249
292,0.9999790191650391,1,0.7428937351484194
292,0.999996542930603,1,0.7432803909590715
292,0.9999984502792358,1,0.7432803909590715
292,0.9999988079071045,1,0.7432803909590715
292,0.9999982118606567,1,0.7432803909590715
292,0.9999983310699463,1,0.7432803909590715
292,0.999998927116394,1,0.7432803909590715
292,0.9999984502792358,1,0.7432803909590715
292,0.9999978542327881,1,0.7432803909590715
292,0.9999860525131226,1,0.7431378873110764
292,0.9999803304672241,1,0.7429392550431521
292,0.9999980926513672,1,0.7432803909590715
292,0.9999924898147583,1,0.7432803909590715
292,0.9998732805252075,1,0.7392231763640672
292,0.9999539852142334,1,0.7420247189762503
292,0.9999703168869019,1,0.7425916485742844
292,0.9999984502792358,1,0.7432803909590715
293,0.9999980926513672,1,0.7432803909590715
293,0.999998927116394,1,0.7432803909590715
293,0.9999740123748779,1,0.7427199319139856
293,0.9999983310699463,1,0.7432803909590715
293,0.9999961853027344,1,0.7432803909590715
293,0.9999942779541016,1,0.7432803909590715
293,0.9999973773956299,1,0.7432803909590715
293,0.9999984502792358,1,0.7432803909590715
293,0.999992847442627,1,0.7432803909590715
293,0.9999988079071045,1,0.7432803909590715
293,0.9999988079071045,1,0.7432803909590715
293,0.9998670816421509,1,0.7390079914071491
293,0.999998927116394,1,0.7432803909590715
293,0.999983549118042,1,0.7430509856938595
293,0.9999983310699463,1,0.7432803909590715
293,0.999999,1,0.7432803909590715
293,0.999998927116394,1,0.7432803909590715
293,0.9999939203262329,1,0.7432803909590715
293,0.999999,1,0.7432803909590715
293,0.9999984502792358,1,0.7432803909590715
293,0.9999973773956299,1,0.7432803909590715
293,0.9999986886978149,1,0.7432803909590715
293,0.9999982118606567,1,0.7432803909590715
293,0.9999985694885254,1,0.7432803909590715
293,0.9999979734420776,1,0.7432803909590715
293,0.9998815059661865,1,0.7395087102492085
293,0.9999914169311523,1,0.7432803909590715
293,0.9999613761901855,1,0.7422812856556527
293,0.9999979734420776,1,0.7432803909590715
293,0.9999958276748657,1,0.7432803909590715
293,0.9999969005584717,1,0.7432803909590715
293,0.9999978542327881,1,0.7432803909590715
293,0.999999,1,0.7432803909590715
293,0.9999982118606567,1,0.7432803909590715
293,0.9999436140060425,1,0.7416646979906375
293,0.999997615814209,1,0.7432803909590715
293,0.9999985694885254,1,0.7432803909590715
293,0.9999974966049194,1,0.7432803909590715
293,0.999999,1,0.7432803909590715
293,0.9999872446060181,1,0.7431792690335607
293,0.999998927116394,1,0.7432803909590715
293,0.9999961853027344,1,0.7432803909590715
293,0.9999947547912598,1,0.7432803909590715
294,0.9999866485595703,1,0.7431585781723186
294,0.9998831748962402,1,0.7395666446606864
294,0.9999215602874756,1,0.740899136124679
294,0.9999862909317017,1,0.7431461636555733
294,0.9999988079071045,1,0.7432803909590715
294,0.999999,1,0.7432803909590715
294,0.9999756813049316,1,0.7427778663254635
294,0.9999854564666748,1,0.7431171964498343
294,0.9999985694885254,1,0.7432803909590715
294,0.9999983310699463,1,0.7432803909590715
294,0.9999953508377075,1,0.7432803909590715
294,0.9999613761901855,1,0.7422812856556527
294,0.9999974966049194,1,0.7432803909590715
294,0.999999,1,0.7432803909590715
294,0.999999,1,0.7432803909590715
294,0.9999949932098389,1,0.7432803909590715
294,0.9854936003684998,1,0.5723237853036008
294,0.9999942779541016,1,0.7432803909590715
294,0.6542069315910339,1,0.22459893048128343
294,0.9124873280525208,0,0.503210047730987
294,0.5886087417602539,0,0.22459893048128343
294,0.999999,0,0.7432803909590715
294,0.9749985933303833,0,0.5602472301770061
294,0.7497230768203735,0,0.22459893048128343
294,0.9999961853027344,0,0.7432803909590715
294,0.9999983310699463,0,0.7432803909590715
294,0.9960221648216248,0,0.6055374527926025
294,0.9999847412109375,0,0.7430923674163438
294,0.9999966621398926,0,0.7432803909590715
294,0.9981555342674255,1,0.6795941833504001
294,0.9999784231185913,1,0.7428730442871773
294,0.9999954700469971,1,0.7432803909590715
294,0.9998695850372314,1,0.739094893024366
294,0.999991774559021,1,0.7432803909590715
294,0.9999983310699463,1,0.7432803909590715
294,0.9999982118606567,1,0.7432803909590715
294,0.9999308586120605,1,0.7412219135600561
294,0.9999173879623413,1,0.7407543000959842
294,0.9997956156730652,1,0.7365271571442189
294,0.9997265934944153,1,0.7341311554123814
294,0.9999470710754395,1,0.7417847049858417
294,0.7069640159606934,1,0.22459893048128343
294,0.9895211458206177,1,0.5769582628700015
294,0.9998886585235596,1,0.739757000584114
294,0.999951958656311,1,0.7419543700480271
294,0.7184866666793823,0,0.22459893048128343
294,0.9999973773956299,0,0.7432803909590715
294,0.9999966621398926,0,0.7432803909590715
294,0.9999979734420776,0,0.7432803909590715
294,0.9999071359634399,0,0.7403984172826197
294,0.9999980926513672,0,0.7432803909590715
294,0.9999841451644897,0,0.7430716765551016
294,0.9999862909317017,0,0.7431461636555733
294,0.9999853372573853,0,0.7431130582775859
294,0.9999936819076538,0,0.7432803909590715
294,0.9997928738594055,0,0.7364319791825051
294,0.8614357709884644,0,0.4275011293035443
294,0.999794065952301,0,0.7364733609049894
294,0.9999972581863403,0,0.7432803909590715
294,0.9608429670333862,0,0.543958417724924
294,0.9993294477462769,0,0.7203448345667565
294,0.999999,0,0.7432803909590715
294,0.9956556558609009,0,0.5928146422148226
294,0.9999266862869263,0,0.7410770775313612
294,0.9999741315841675,0,0.742724070086234
294,0.9997702240943909,0,0.7356457264553046
294,0.9998337030410767,1,0.7378493031775905
294,0.8531352281570435,1,0.4135072652705187
294,0.9999616146087646,0,0.7422895620001495
294,0.9999939203262329,0,0.7432803909590715
294,0.9999985694885254,0,0.7432803909590715
294,0.9999905824661255,0,0.7432803909590715
294,0.9999638795852661,0,0.7423681872728696
294,0.9999974966049194,0,0.7432803909590715
294,0.9999927282333374,0,0.7432803909590715
294,0.9999958276748657,0,0.7432803909590715
294,0.9925098419189453,0,0.5803973413820032
294,0.9985840320587158,0,0.6944688434973606
294,0.9973412156105042,0,0.6513263287214152
295,0.9999945163726807,1,0.7432803909590715
295,0.9999955892562866,1,0.7432803909590715
295,0.9999886751174927,1,0.7432289271005418
295,0.999999,1,0.7432803909590715
295,0.9999977350234985,1,0.7432803909590715
295,0.9999979734420776,1,0.7432803909590715
295,0.9999934434890747,1,0.7432803909590715
295,0.9999988079071045,1,0.7432803909590715
295,0.999999,1,0.7432803909590715
295,0.999996542930603,1,0.7432803909590715
295,0.9999524354934692,1,0.7419709227370208
295,0.9999988079071045,1,0.7432803909590715
295,0.9999939203262329,1,0.7432803909590715
295,0.9999055862426758,1,0.7403446210433902
295,0.9995017051696777,1,0.7263244934657294
295,0.999999,1,0.7432803909590715
295,0.6965502500534058,1,0.22459893048128343
295,0.9999517202377319,0,0.7419460937035303
295,0.9996447563171387,0,0.7312903001638382
295,0.9999985694885254,0,0.7432803909590715
295,0.9999815225601196,0,0.7429806367656363
295,0.9999938011169434,0,0.7432803909590715
295,0.99998939037323,0,0.7432537561340323
295,0.9999961853027344,0,0.7432803909590715
295,0.9999973773956299,0,0.7432803909590715
295,0.9999951124191284,0,0.7432803909590715
295,0.9999915361404419,0,0.7432803909590715
295,0.9999983310699463,0,0.7432803909590715
295,0.47258663177490234,0,0.22459893048128343
295,1e-06,0,0.22459893048128343
295,1e-06,0,0.22459893048128343
295,1e-06,0,0.22459893048128343
295,0.0015079349977895617,0,0.22459893048128343
295,2.2946716853766702e-05,0,0.22459893048128343
295,0.9997245669364929,1,0.7340608064841582
295,0.999876856803894,1,0.7393473215315199
295,0.891950786113739,1,0.4789463156367031
295,0.9999872446060181,1,0.7431792690335607
295,0.9947408437728882,0,0.5829645446986683
295,0.9999867677688599,1,0.743162716344567
295,0.9999986886978149,1,0.7432803909590715
295,0.9917899370193481,1,0.5795689502075794
295,0.999999,1,0.7432803909590715
295,0.999999,1,0.7432803909590715
295,0.9999508857727051,1,0.7419171264977913
295,0.9986732006072998,1,0.6975641963391818
295,0.9999979734420776,1,0.7432803909590715
295,0.8612576127052307,1,0.4272007727072875
295,0.9999967813491821,1,0.7432803909590715
295,0.9999988079071045,1,0.7432803909590715
295,0.999998927116394,1,0.7432803909590715
295,0.9999954700469971,1,0.7432803909590715
295,0.9998443126678467,1,0.7382176005077001
295,0.999998927116394,1,0.7432803909590715
295,0.9999951124191284,1,0.7432803909590715
295,0.999999,1,0.7432803909590715
295,0.9999978542327881,1,0.7432803909590715
295,0.9999934434890747,1,0.7432803909590715
295,0.9999783039093018,1,0.7428689061149288
295,0.9999933242797852,1,0.7432803909590715
296,0.999990701675415,1,0.7432803909590715
296,0.9999568462371826,1,0.7421240351102125
296,0.9999988079071045,1,0.7432803909590715
296,0.999997615814209,1,0.7432803909590715
296,0.9999984502792358,1,0.7432803909590715
296,0.9999988079071045,1,0.7432803909590715
296,0.9999980926513672,1,0.7432803909590715
296,0.9999773502349854,1,0.7428358007369414
296,0.9999982118606567,1,0.7432803909590715
296,0.9999841451644897,1,0.7430716765551016
296,0.9999885559082031,1,0.7432247889282934
296,0.9999971389770508,1,0.7432803909590715
296,0.9999878406524658,1,0.7431999598948028
296,0.9999130964279175,0,0.7406053258950409
296,0.999998927116394,0,0.7432803909590715
296,0.9999973773956299,0,0.7432803909590715
296,0.999998927116394,0,0.7432803909590715
296,0.9999974966049194,0,0.7432803909590715
296,0.9999957084655762,0,0.7432803909590715
296,0.9999916553497314,0,0.7432803909590715
296,0.999999,0,0.7432803909590715
296,0.999999,0,0.7432803909590715
296,0.9999988079071045,0,0.7432803909590715
296,0.9999918937683105,0,0.7432803909590715
296,0.999998927116394,0,0.7432803909590715
296,0.9999977350234985,0,0.7432803909590715
296,0.999999,0,0.7432803909590715
296,0.9999978542327881,0,0.7432803909590715
296,0.9999561309814453,0,0.742099206076722
296,0.999999,0,0.7432803909590715
296,0.999999,0,0.7432803909590715
296,0.999999,0,0.7432803909590715
296,0.999999,0,0.7432803909590715
296,0.9999978542327881,0,0.7432803909590715
296,0.9999921321868896,0,0.7432803909590715
296,0.9999984502792358,0,0.7432803909590715
296,0.9999970197677612,0,0.7432803909590715
296,0.999998927116394,0,0.7432803909590715
296,0.9999960660934448,0,0.7432803909590715
296,0.999996542930603,0,0.7432803909590715
296,0.9999980926513672,0,0.7432803909590715
296,0.9999986886978149,0,0.7432803909590715
297,0.999999,1,0.7432803909590715
297,0.999999,1,0.7432803909590715
297,0.9999982118606567,1,0.7432803909590715
297,0.999997615814209,1,0.7432803909590715
297,0.9999969005584717,1,0.7432803909590715
297,0.9999833106994629,1,0.7430427093493627
297,0.9999951124191284,1,0.7432803909590715
297,0.9999887943267822,1,0.7432330652727902
297,0.9999940395355225,1,0.7432803909590715
297,0.9999969005584717,1,0.7432803909590715
297,0.9999858140945435,1,0.7431296109665796
297,0.999945878982544,1,0.7417433232633575
297,0.9998168349266052,1,0.7372637518044384
297,0.9999985694885254,1,0.7432803909590715
297,0.9999973773956299,1,0.7432803909590715
297,0.9999984502792358,1,0.7432803909590715
297,0.9999988079071045,1,0.7432803909590715
297,0.999999,1,0.7432803909590715
297,0.9999984502792358,1,0.7432803909590715
297,0.9999972581863403,1,0.7432803909590715
297,0.9999958276748657,1,0.7432803909590715
297,0.9999977350234985,1,0.7432803909590715
297,0.999999,1,0.7432803909590715
297,0.9999715089797974,1,0.7426330302967686
297,0.9999986886978149,1,0.7432803909590715
297,0.9998825788497925,1,0.7395459537994443
297,0.9999953508377075,1,0.7432803909590715
297,0.999997615814209,1,0.7432803909590715
297,0.9999984502792358,1,0.7432803909590715
297,0.9999915361404419,1,0.7432803909590715
297,0.9999983310699463,1,0.7432803909590715
297,0.9999970197677612,1,0.7432803909590715
297,0.9999898672103882,1,0.743270308823026
297,0.9999973773956299,1,0.7432803909590715
297,0.9999948740005493,1,0.7432803909590715
297,0.6808752417564392,1,0.22459893048128343
298,0.999993085861206,1,0.7432803909590715
298,0.9999983310699463,1,0.7432803909590715
298,0.9999988079071045,1,0.7432803909590715
298,0.999999,1,0.7432803909590715
298,0.9999027252197266,1,0.740245304909428
298,0.9999949932098389,1,0.7432803909590715
298,0.9999978542327881,1,0.7432803909590715
298,0.999999,1,0.7432803909590715
298,0.9999325275421143,1,0.741279847971534
298,0.9999983310699463,1,0.7432803909590715
298,0.9999942779541016,1,0.7432803909590715
298,0.999999,1,0.7432803909590715
298,0.9999985694885254,1,0.7432803909590715
298,0.9999912977218628,1,0.7432803909590715
298,0.9999656677246094,1,0.7424302598565959
298,0.9999938011169434,1,0.7432803909590715
298,0.9999986886978149,1,0.7432803909590715
298,0.999999,1,0.7432803909590715
298,0.999999,1,0.7432803909590715
298,0.9999960660934448,1,0.7432803909590715
298,0.9999972581863403,1,0.7432803909590715
298,0.9999865293502808,1,0.7431544400000701
298,0.9999842643737793,1,0.7430758147273501
298,0.9999865293502808,1,0.7431544400000701
298,0.9999939203262329,1,0.7432803909590715
298,0.9999728202819824,1,0.7426785501915013
298,0.9997615218162537,1,0.7353436398811697
298,0.9999978542327881,1,0.7432803909590715
298,0.9999327659606934,1,0.7412881243160309
298,0.9999722242355347,1,0.7426578593302592
298,0.9999980926513672,1,0.7432803909590715
298,0.999969482421875,1,0.7425626813685455
298,0.9999583959579468,1,0.742177831349442
298,0.9999898672103882,1,0.743270308823026
298,0.9999970197677612,1,0.7432803909590715
298,0.999999,1,0.7432803909590715
298,0.9999961853027344,1,0.7432803909590715
298,0.9999581575393677,1,0.7421695550049452
298,0.9999988079071045,1,0.7432803909590715
298,0.9999967813491821,1,0.7432803909590715
298,0.9994370341300964,1,0.7240795350209592
298,0.9999979734420776,1,0.7432803909590715
298,0.9999744892120361,1,0.7427364846029793
298,0.9999765157699585,1,0.7428068335312025
298,0.9999252557754517,1,0.7410274194643801
298,0.999997615814209,1,0.7432803909590715
298,0.9999978542327881,1,0.7432803909590715
298,0.9999954700469971,1,0.7432803909590715
298,0.999999,1,0.7432803909590715
298,0.999999,1,0.7432803909590715
298,0.999999,1,0.7432803909590715
298,0.9999985694885254,1,0.7432803909590715
298,0.9999980926513672,1,0.7432803909590715
298,0.9999986886978149,1,0.7432803909590715
298,0.9999890327453613,1,0.743241341617287
298,0.9999969005584717,1,0.7432803909590715
298,0.9999887943267822,1,0.7432330652727902
298,0.9999872446060181,1,0.7431792690335607
298,0.9999980926513672,1,0.7432803909590715
298,0.9999940395355225,1,0.7432803909590715
298,0.9999980926513672,1,0.7432803909590715
298,0.9999964237213135,1,0.7432803909590715
298,0.9999943971633911,1,0.7432803909590715
298,0.999999,1,0.7432803909590715
298,0.9999929666519165,1,0.7432803909590715
299,0.999996542930603,1,0.7432803909590715
299,0.9999978542327881,1,0.7432803909590715
299,0.9999974966049194,1,0.7432803909590715
299,0.999998927116394,1,0.7432803909590715
299,0.9999980926513672,1,0.7432803909590715
299,0.999999,1,0.7432803909590715
299,0.999993085861206,1,0.7432803909590715
299,0.999996542930603,1,0.7432803909590715
299,0.9999936819076538,1,0.7432803909590715
299,0.9999876022338867,1,0.743191683550306
299,0.9999984502792358,1,0.7432803909590715
299,0.9999799728393555,1,0.7429268405264068
299,0.9996073842048645,1,0.7299929831639572
299,0.9999926090240479,1,0.7432803909590715
299,0.9999986886978149,1,0.7432803909590715
299,0.9999959468841553,1,0.7432803909590715
299,0.9999872446060181,1,0.7431792690335607
299,0.9999983310699463,1,0.7432803909590715
299,0.9999480247497559,1,0.7418178103638291
299,0.9999858140945435,1,0.7431296109665796
299,0.9999960660934448,1,0.7432803909590715
299,0.9999934434890747,1,0.7432803909590715
299,0.999999,1,0.7432803909590715
299,0.999999,1,0.7432803909590715
299,0.999998927116394,1,0.7432803909590715
299,0.9999972581863403,1,0.7432803909590715
299,0.9999978542327881,1,0.7432803909590715
299,0.9999986886978149,1,0.7432803909590715
299,0.9999171495437622,1,0.7407460237514873
299,0.9999935626983643,1,0.7432803909590715
299,0.9999946355819702,1,0.7432803909590715
299,0.9741023182868958,0,0.5592158907093947
299,0.9999206066131592,0,0.7408660307466916
299,0.9999980926513672,0,0.7432803909590715
299,0.9999969005584717,0,0.7432803909590715
299,0.9999973773956299,0,0.7432803909590715
299,0.9999977350234985,0,0.7432803909590715
299,0.999999,0,0.7432803909590715
299,0.9999986886978149,0,0.7432803909590715
299,0.9999876022338867,0,0.743191683550306
299,0.9999973773956299,0,0.7432803909590715
299,0.9999963045120239,0,0.7432803909590715
299,0.9999876022338867,0,0.743191683550306
299,0.9999986886978149,0,0.7432803909590715
299,0.9999988079071045,0,0.7432803909590715
299,0.9998821020126343,0,0.7395294011104506
299,0.9999969005584717,0,0.7432803909590715
299,0.999999,0,0.7432803909590715
299,0.9999691247940063,0,0.7425502668518003
299,0.999999,0,0.7432803909590715
299,0.9999953508377075,0,0.7432803909590715
299,0.999999,0,0.7432803909590715
299,0.9999972581863403,0,0.7432803909590715
299,0.9999985694885254,0,0.7432803909590715
299,0.9999938011169434,0,0.7432803909590715
299,0.999999,0,0.7432803909590715
300,0.9994588494300842,1,0.7248368205424208
300,0.999752938747406,1,0.7350456914792831
300,0.9860675930976868,1,0.5729842760313455
300,0.9999669790267944,1,0.7424757797513286
300,0.9999969005584717,1,0.7432803909590715
300,0.9999983310699463,1,0.7432803909590715
300,0.9999678134918213,0,0.7425047469570676
300,0.9999955892562866,0,0.7432803909590715
300,0.9999779462814331,0,0.7428564915981836
300,0.9999954700469971,0,0.7432803909590715
300,0.9999979734420776,0,0.7432803909590715
300,0.9999947547912598,0,0.7432803909590715
300,0.9999390840530396,0,0.7415074474451974
300,0.9999982118606567,0,0.7432803909590715
300,0.6371591687202454,0,0.22459893048128343
300,0.999999,0,0.7432803909590715
300,0.5898405909538269,0,0.22459893048128343
300,0.44820353388786316,0,0.22459893048128343
300,0.9999415874481201,0,0.7415943490624143
300,0.9999401569366455,0,0.7415446909954332
300,0.9999951124191284,0,0.7432803909590715
300,0.999984860420227,0,0.7430965055885922
300,0.9999984502792358,0,0.7432803909590715
300,0.9999966621398926,0,0.7432803909590715
300,0.9999980926513672,0,0.7432803909590715
300,0.9999978542327881,0,0.7432803909590715
300,0.999999,0,0.7432803909590715
300,0.9999979734420776,0,0.7432803909590715
300,0.9999654293060303,0,0.7424219835120991
301,0.9999973773956299,1,0.7432803909590715
301,0.9999513626098633,1,0.741933679186785
301,0.999997615814209,1,0.7432803909590715
301,0.9998644590377808,1,0.7389169516176839
302,0.9999986886978149,1,0.7432803909590715
302,0.9999916553497314,1,0.7432803909590715
302,0.9999499320983887,1,0.7418840211198039
302,0.9999754428863525,1,0.7427695899809666
302,0.9999985694885254,1,0.7432803909590715
302,0.9999899864196777,1,0.7432744469952745
302,0.9999985694885254,1,0.7432803909590715
302,0.9999955892562866,1,0.7432803909590715
302,0.9999969005584717,1,0.7432803909590715
302,0.9999982118606567,1,0.7432803909590715
302,0.999996542930603,1,0.7432803909590715
302,0.9999959468841553,1,0.7432803909590715
302,0.999902606010437,1,0.7402411667371795
302,0.9999982118606567,1,0.7432803909590715
302,0.9999496936798096,1,0.741875744775307
302,0.8706206679344177,1,0.44298592368741
302,0.9970682263374329,1,0.6418499142725239
302,0.9999959468841553,1,0.7432803909590715
302,0.9999983310699463,1,0.7432803909590715
302,0.9999966621398926,1,0.7432803909590715
302,0.9999973773956299,1,0.7432803909590715
302,0.9999982118606567,1,0.7432803909590715
302,0.999999,1,0.7432803909590715
302,0.999993085861206,1,0.7432803909590715
302,0.9999654293060303,1,0.7424219835120991
302,0.999999,1,0.7432803909590715
302,0.9999656677246094,1,0.7424302598565959
302,0.9999958276748657,1,0.7432803909590715
302,0.9999988079071045,1,0.7432803909590715
302,0.9999983310699463,1,0.7432803909590715
302,0.9999939203262329,1,0.7432803909590715
302,0.9999939203262329,1,0.7432803909590715
302,0.999999,1,0.7432803909590715
302,0.9998631477355957,0,0.7388714317229512
302,0.9791152477264404,0,0.5649842449851491
302,0.9871327877044678,0,0.5742099904441728
302,0.9999899864196777,0,0.7432744469952745
302,0.999999,0,0.7432803909590715
302,0.9999986886978149,0,0.7432803909590715
302,0.9999988079071045,0,0.7432803909590715
302,0.999997615814209,0,0.7432803909590715
303,0.999992847442627,1,0.7432803909590715
303,0.999999,1,0.7432803909590715
303,0.9999722242355347,1,0.7426578593302592
303,0.9999972581863403,1,0.7432803909590715
303,0.9999983310699463,1,0.7432803909590715
303,0.9999827146530151,1,0.7430220184881206
303,0.9999971389770508,1,0.7432803909590715
303,0.9999984502792358,1,0.7432803909590715
303,0.9999983310699463,1,0.7432803909590715
303,0.9999986886978149,1,0.7432803909590715
303,0.9999909400939941,1,0.7432803909590715
303,0.9999953508377075,1,0.7432803909590715
303,0.999999,1,0.7432803909590715
303,0.9999977350234985,1,0.7432803909590715
303,0.9999961853027344,1,0.7432803909590715
303,0.9999985694885254,1,0.7432803909590715
303,0.9999960660934448,1,0.7432803909590715
303,0.999999,1,0.7432803909590715
303,0.999999,1,0.7432803909590715
303,0.9999988079071045,1,0.7432803909590715
303,0.9999986886978149,1,0.7432803909590715
303,0.9999972581863403,1,0.7432803909590715
303,0.9999240636825562,1,0.7409860377418959
303,0.9999982118606567,1,0.7432803909590715
303,0.999999,1,0.7432803909590715
303,0.9999972581863403,1,0.7432803909590715
303,0.9999967813491821,1,0.7432803909590715
303,0.9999899864196777,1,0.7432744469952745
303,0.999999,1,0.7432803909590715
303,0.9999959468841553,1,0.7432803909590715
303,0.9999984502792358,1,0.7432803909590715
303,0.9999973773956299,1,0.7432803909590715
303,0.999998927116394,1,0.7432803909590715
303,0.9999986886978149,1,0.7432803909590715
303,0.9999924898147583,1,0.7432803909590715
303,0.9999721050262451,1,0.7426537211580108
303,0.9999979734420776,1,0.7432803909590715
303,0.9999897480010986,1,0.7432661706507776
303,0.9999983310699463,1,0.7432803909590715
303,0.9999904632568359,1,0.7432803909590715
303,0.9999971389770508,1,0.7432803909590715
303,0.9999974966049194,1,0.7432803909590715
303,0.9999340772628784,1,0.7413336442107635
304,0.9999978542327881,1,0.7432803909590715
304,0.9999881982803345,1,0.7432123744115481
304,0.9999779462814331,1,0.7428564915981836
304,0.9996839761734009,1,0.7326517588335698
304,0.9999983310699463,1,0.7432803909590715
304,0.8132728934288025,1,0.3398344231174139
304,0.9998378753662109,1,0.7379941392062853
304,0.9999978542327881,1,0.7432803909590715
304,0.999990701675415,1,0.7432803909590715
304,0.9993100166320801,1,0.7196703124902634
304,0.9926436543464661,1,0.5805513187115761
304,0.9999954700469971,1,0.7432803909590715
304,0.8514009118080139,0,0.41054581365349524
304,0.9997909665107727,0,0.7363657684265303
304,0.9996699094772339,0,0.7321634545082557
304,0.9999769926071167,0,0.7428233862201962
304,0.9999986886978149,0,0.7432803909590715
304,0.9999984502792358,0,0.7432803909590715
304,0.9629508852958679,0,0.5463839893330956
304,0.859309732913971,0,0.4239168471249288
304,0.9198960065841675,0,0.506164937831978
304,0.7777815461158752,0,0.27401294518127145
304,0.9999209642410278,0,0.7408784452634368
304,0.9999911785125732,0,0.7432803909590715
304,0.9999942779541016,0,0.7432803909590715
304,0.999999,0,0.7432803909590715
304,0.9999821186065674,0,0.7430013276268784
304,0.999999,0,0.7432803909590715
304,0.9998248219490051,0,0.7375410093450828
304,0.996953010559082,0,0.6378503707944221
304,0.9999939203262329,0,0.7432803909590715
304,0.9987413287162781,0,0.6999291617791562
304,0.9999967813491821,0,0.7432803909590715
304,0.9999980926513672,0,0.7432803909590715
304,0.999982476234436,0,0.7430137421436237
304,0.9950437545776367,0,0.5833131027338083
304,0.5634173154830933,0,0.22459893048128343
304,0.999915599822998,0,0.7406922275122578
304,0.9903683662414551,0,0.5779331554145668
304,0.9958103895187378,0,0.5981859897932771
304,0.9729122519493103,0,0.5578464869845607
305,0.9999951124191284,1,0.7432803909590715
305,0.999997615814209,1,0.7432803909590715
305,0.9999934434890747,1,0.7432803909590715
305,0.9999958276748657,1,0.7432803909590715
305,0.9999775886535645,1,0.7428440770814383
305,0.9999980926513672,1,0.7432803909590715
305,0.9999891519546509,1,0.7432454797895355
305,0.9999943971633911,1,0.7432803909590715
305,0.999998927116394,1,0.7432803909590715
305,0.9999979734420776,1,0.7432803909590715
305,0.999999,1,0.7432803909590715
305,0.9999911785125732,1,0.7432803909590715
305,0.999999,1,0.7432803909590715
305,0.9999954700469971,1,0.7432803909590715
305,0.999999,1,0.7432803909590715
305,0.9999986886978149,1,0.7432803909590715
305,0.9999977350234985,1,0.7432803909590715
305,0.9999986886978149,1,0.7432803909590715
305,0.9999977350234985,1,0.7432803909590715
305,0.9999829530715942,1,0.7430302948326174
305,0.999971866607666,1,0.7426454448135139
305,0.999999,1,0.7432803909590715
305,0.9999986886978149,1,0.7432803909590715
305,0.999996542930603,1,0.7432803909590715
305,0.9999972581863403,1,0.7432803909590715
305,0.999995231628418,1,0.7432803909590715
305,0.9999814033508301,1,0.7429764985933879
305,0.999999,1,0.7432803909590715
305,0.9999927282333374,1,0.7432803909590715
305,0.9999604225158691,1,0.7422481802776653
305,0.9999573230743408,1,0.7421405877992062
305,0.999996542930603,1,0.7432803909590715
305,0.9999966621398926,1,0.7432803909590715
305,0.9999864101409912,1,0.7431503018278217
305,0.9999983310699463,1,0.7432803909590715
305,0.999999,1,0.7432803909590715
305,0.9999904632568359,1,0.7432803909590715
305,0.999997615814209,1,0.7432803909590715
305,0.9999973773956299,1,0.7432803909590715
305,0.9999760389328003,1,0.7427902808422088
305,0.9999970197677612,1,0.7432803909590715
305,0.9999748468399048,1,0.7427488991197245
305,0.9999696016311646,1,0.742566819540794
305,0.9999947547912598,1,0.7432803909590715
305,0.9999983310699463,1,0.7432803909590715
305,0.999981164932251,1,0.742968222248891
305,0.9999949932098389,1,0.7432803909590715
305,0.999999,1,0.7432803909590715
305,0.9999961853027344,1,0.7432803909590715
305,0.9999614953994751,1,0.7422854238279011
305,0.9999935626983643,1,0.7432803909590715
305,0.999999,1,0.7432803909590715
305,0.999999,1,0.7432803909590715
305,0.9999988079071045,1,0.7432803909590715
305,0.9999947547912598,1,0.7432803909590715
305,0.9999949932098389,1,0.7432803909590715
305,0.9999896287918091,1,0.7432620324785292
305,0.9999983310699463,1,0.7432803909590715
306,0.9999699592590332,1,0.7425792340575392
306,0.999998927116394,1,0.7432803909590715
306,0.9999703168869019,1,0.7425916485742844
306,0.870194673538208,1,0.44226774081907716
306,0.9999785423278809,1,0.7428771824594257
306,0.9999957084655762,1,0.7432803909590715
306,0.9999871253967285,1,0.7431751308613123
306,0.9790818691253662,1,0.5649458363862355
306,0.9999979734420776,1,0.7432803909590715
306,0.999981164932251,1,0.742968222248891
306,0.9999045133590698,1,0.7403073774931543
306,0.9999874830245972,1,0.7431875453780575
306,0.9999985694885254,1,0.7432803909590715
306,0.9977249503135681,1,0.6646471051890923
306,0.9999912977218628,1,0.7432803909590715
306,0.9999334812164307,1,0.7413129533495214
306,0.9999942779541016,1,0.7432803909590715
306,0.9999244213104248,1,0.7409984522586411
306,0.9999943971633911,1,0.7432803909590715
306,0.9999858140945435,1,0.7431296109665796
306,0.9999988079071045,1,0.7432803909590715
306,0.999999,1,0.7432803909590715
306,0.9996470212936401,1,0.7313689254365583
306,0.9999419450759888,1,0.7416067635791596
306,0.9999854564666748,1,0.7431171964498343
306,0.9999958276748657,1,0.7432803909590715
306,0.999649167060852,1,0.7314434125370299
306,0.999998927116394,1,0.7432803909590715
306,0.9999959468841553,1,0.7432803909590715
306,0.9997062087059021,1,0.7334235279579009
306,0.9999877214431763,1,0.7431958217225544
306,0.999992847442627,1,0.7432803909590715
306,0.9999982118606567,1,0.7432803909590715
306,0.9999966621398926,1,0.7432803909590715
306,0.5615342259407043,1,0.22459893048128343
306,0.9999970197677612,1,0.7432803909590715
306,0.9999879598617554,1,0.7432040980670512
306,0.999994158744812,1,0.7432803909590715
306,0.9999973773956299,1,0.7432803909590715
306,0.9999086856842041,1,0.7404522135218492
306,0.999999,1,0.7432803909590715
306,0.9999983310699463,1,0.7432803909590715
306,0.999997615814209,1,0.7432803909590715
306,0.9999963045120239,1,0.7432803909590715
306,0.9999929666519165,1,0.7432803909590715
306,0.9843743443489075,1,0.5710358626778905
306,0.9999978542327881,1,0.7432803909590715
306,0.9984344840049744,1,0.6892775064117126
306,0.9999985694885254,1,0.7432803909590715
306,0.9999686479568481,1,0.7425337141628066
306,0.9999986886978149,1,0.7432803909590715
306,0.9999973773956299,1,0.7432803909590715
306,0.9999936819076538,1,0.7432803909590715
306,0.9999643564224243,1,0.7423847399618633
306,0.9999908208847046,1,0.7432803909590715
306,0.9999986886978149,1,0.7432803909590715
306,0.9999982118606567,1,0.7432803909590715
306,0.9999939203262329,1,0.7432803909590715
306,0.9998528957366943,1,0.7385155489095867
306,0.9999767541885376,1,0.7428151098756993
306,0.9685653448104858,0,0.5528445214306984
306,0.9999881982803345,0,0.7432123744115481
306,0.9998469352722168,0,0.7383086402971655
306,0.9971790313720703,0,0.6456963453774341
306,0.8734773993492126,0,0.4478020799086857
306,0.9997113347053528,0,0.733601469364583
306,0.999995231628418,0,0.7432803909590715
306,0.999999,0,0.7432803909590715
306,0.9987475872039795,0,0.7001464158221985
306,0.9484321475028992,0,0.5296773461942618
306,0.9999973773956299,0,0.7432803909590715
307,0.9999916553497314,1,0.7432803909590715
307,0.999999,1,0.7432803909590715
307,0.9999922513961792,1,0.7432803909590715
307,0.9999961853027344,1,0.7432803909590715
307,0.9999988079071045,1,0.7432803909590715
308,0.9999970197677612,1,0.7432803909590715
308,0.9999980926513672,1,0.7432803909590715
308,0.9999984502792358,1,0.7432803909590715
308,0.999999,1,0.7432803909590715
308,0.9999977350234985,1,0.7432803909590715
308,0.999998927116394,1,0.7432803909590715
308,0.9999959468841553,1,0.7432803909590715
308,0.9999562501907349,1,0.7421033442489704
308,0.9999951124191284,1,0.7432803909590715
308,0.999999,1,0.7432803909590715
308,0.9999889135360718,1,0.7432372034450386
308,0.9999814033508301,1,0.7429764985933879
308,0.9999915361404419,1,0.7432803909590715
308,0.9999986886978149,1,0.7432803909590715
308,0.999904990196228,1,0.740323930182148
308,0.9997768998146057,1,0.7358774641012163
308,0.9998434782028198,1,0.7381886333019612
308,0.9999983310699463,1,0.7432803909590715
308,0.9999984502792358,1,0.7432803909590715
308,0.9999969005584717,1,0.7432803909590715
308,0.9999954700469971,1,0.7432803909590715
308,0.9999988079071045,1,0.7432803909590715
308,0.9999858140945435,1,0.7431296109665796
308,0.9999985694885254,1,0.7432803909590715
308,0.9999977350234985,1,0.7432803909590715
308,0.9999822378158569,1,0.7430054657991269
308,0.9999915361404419,1,0.7432803909590715
308,0.9999977350234985,1,0.7432803909590715
308,0.9998397827148438,1,0.7380603499622601
308,0.9999977350234985,1,0.7432803909590715
308,0.9996566772460938,1,0.7317041173886807
308,0.9999886751174927,1,0.7432289271005418
308,0.999995231628418,1,0.7432803909590715
308,0.9999954700469971,1,0.7432803909590715
308,0.9608451724052429,1,0.5439609554359237
308,0.9999966621398926,1,0.7432803909590715
308,0.9999866485595703,1,0.7431585781723186
308,0.9999983310699463,1,0.7432803909590715
308,0.9998764991760254,1,0.7393349070147747
308,0.9999972581863403,1,0.7432803909590715
308,0.9999977350234985,1,0.7432803909590715
308,0.9999980926513672,1,0.7432803909590715
308,0.9999887943267822,1,0.7432330652727902
308,0.999982476234436,1,0.7430137421436237
308,0.9999750852584839,1,0.7427571754642214
308,0.999999,1,0.7432803909590715
308,0.9999958276748657,1,0.7432803909590715
308,0.9999778270721436,1,0.7428523534259351
308,0.9999982118606567,1,0.7432803909590715
308,0.9999977350234985,1,0.7432803909590715
308,0.9999935626983643,1,0.7432803909590715
308,0.9999934434890747,1,0.7432803909590715
308,0.9999490976333618,1,0.7418550539140649
308,0.9999986886978149,1,0.7432803909590715
308,0.9999972581863403,1,0.7432803909590715
308,0.9999984502792358,1,0.7432803909590715
308,0.9999988079071045,1,0.7432803909590715
308,0.9999810457229614,1,0.7429640840766426
308,0.999999,1,0.7432803909590715
308,0.9999972581863403,1,0.7432803909590715
308,0.9999860525131226,1,0.7431378873110764
308,0.999998927116394,1,0.7432803909590715
308,0.9999632835388184,1,0.7423474964116274
308,0.9999778270721436,1,0.7428523534259351
308,0.9999967813491821,1,0.7432803909590715
308,0.9999969005584717,1,0.7432803909590715
308,0.9999078512191772,1,0.7404232463161102
308,0.999999,1,0.7432803909590715
308,0.9999969005584717,1,0.7432803909590715
308,0.9999953508377075,1,0.7432803909590715
308,0.9980595707893372,1,0.6762629546904187
308,0.9999866485595703,1,0.7431585781723186
308,0.999999,1,0.7432803909590715
308,0.9999748468399048,1,0.7427488991197245
309,0.999976396560669,1,0.742802695358954
309,0.34097737073898315,0,0.22459893048128343
