page,image_path,ground_truth,prediction,cer,gt_words,pred_words,gt_lemmas,pred_lemmas,gt_word_count,pred_word_count,gt_coverage,pred_coverage,coverage_delta,lost_word_count,gained_word_count,lost_lemmas,gained_lemmas,lost_words,gained_words,dict_matches_gt,dict_matches_pred,dict_coverage_gt,dict_coverage_pred
,data/oldNepali_fullset/oldNepali/images/DNA_0012_0638/eSc_line_d107da76.png,हाये\,हाये\,0.0,,,,,0,0,0.0,0.0,0.0,0,0,,,,,,,0.0,0.0
,data/oldNepali_fullset/oldNepali/images/DNA_0013_0376/eSc_line_368ddd08.png,श्रीदुर्गासहाय\,श्रीदुर्गासहाय.\,0.0666666701436042,,,,,0,0,0.0,0.0,0.0,0,0,,,,,सहाय,सहाय,0.26666666666666666,0.25
,data/oldNepali_fullset/oldNepali/images/DNA_0013_0160/eSc_line_49511b8c.png,तयदुनाथपंडितअर्ज्यालपानिहालन्याश्रीजनरलभीमसेनथापासाधलाउन्यासधियारमोदनाथअर्ज्यालमेघनाथपाडेव्राह्मणटोलकोअमितसिंडगोल,तपठुनापंडित‌अर्ज्यालपानिहालन्याश्रीजनरलभीमसिन्नधायासाधलाउन्यासधियारमोहनापञ्यालसेचनाथयाडेज्राहाराटोलकोआमिजासिंडगोला,0.2300885021686554,पंडित|अर्ज्याल|हालन्या|जनरल|लाउन्या|अर्ज्याल|व्राह्मण|डगोल,अर्ज्याल|हालन्या|जनरल|लाउन्या,पण्डित|अर्ज्याल|हाल्नु|जनरल|लाउनु|अर्ज्याल|ब्राह्मण|डङ्गोल,अर्ज्याल|हाल्नु|जनरल|लाउनु,8,4,0.4513274336283185,0.2280701754385964,0.223257258189722,3,0,डङ्गोल|पण्डित|ब्राह्मण,,डगोल|पंडित|व्राह्मण,,भीमसेनथापा|अमित,मोहना,0.12389380530973451,0.043859649122807015
,data/oldNepali_fullset/oldNepali_100/images/DNA 2_00000264_result/eSc_line_4c03d4cc.png,मकोवक्साजायेकेगुलाम‌अपनेहक्‌मतलव्‌कोपहुचेआगेगुलामषा,मकोवक्साजायेकेगुलाम‌अपनेहक्‌मतलव्‌कोपहुचेआगेगुलामषा,0.0,,,,,0,0,0.0,0.0,0.0,0,0,,,,,गुलाम,गुलाम,0.09803921568627451,0.09803921568627451
,data/oldNepali_fullset/oldNepali/images/DNA_0001_0367/eSc_line_65e0445f.png,भयाकाछन्भनि.ठोपिप्रेन्सिप्‌साहव.तेश्राकौसलिले.हाफिजअहमदकवि,भयाकाछन्भनि. ठोपिप्रेन्सिप्‌साहव.तेश्राकौसलिले. हाफिजअहमदकवि,0.0344827584922313,भयाका|साहव|कौसलि,भयाका|साहव|कौसलि,हुनु|साहेब|कौसलि,हुनु|साहेब|कौसलि,3,3,0.2413793103448276,0.2333333333333333,0.0080459770114942,0,0,,,,,हाफिज|मदक,हाफिज|मदक,0.13793103448275862,0.13333333333333333
,data/oldNepali_fullset/oldNepali/images/CA__The Cambridge Manuscript_Page_009/eSc_line_be8a1544.png,मिमागया.आर्यावलोकितेश्वरलेआज्ञाभयावमोजीम्.ताहावसीरह्याकोघोडाजो.वालाहनाम.अश्वराजलाई,मिमागया.आर्यावलोकितेश्वरलेआज्ञाभयावमोजीम्.ताहावसीरह्याकोद्योडाजो.वालाहनाम.अश्वराजलाई,0.0365853644907474,वमोजीम्|रह्याको,वमोजीम्|रह्याको,बमोजिम|रहनु,बमोजिम|रहनु,2,2,0.1707317073170731,0.1666666666666666,0.0040650406504065,0,0,,,,,,,0.0,0.0
,data/oldNepali_fullset/oldNepali/images/CA__The Cambridge Manuscript_Page_022/eSc_line_8d7b8df0.png,ले.पानिथुनीदियो.उसवषत्.त्योमंजुपत्तनसहरवासीभया.सांकाश्यानगरवासीभया.विशालनगर,ले.पानिथुनीदियो.उस् वषत.त्योमंजुपत्तनसहरवासीभया.सांकाश्यानगरवासीभया.विशालनगर,0.0399999991059303,वषत्|सहर|नगर|नगर,वषत|सहर|नगर|नगर,बखत|सहर|नगर|नगर,बखत|सहर|नगर|नगर,4,4,0.1733333333333333,0.1578947368421052,0.015438596491228,1,1,,,वषत्,वषत,पत्तन|विशाल,पत्तन|विशाल,0.13333333333333333,0.13157894736842105
,data/oldNepali_fullset/oldNepali_100/images/CA__The Cambridge Manuscript_Page_034/eSc_line_db42b8c4.png,गोपालानांक्रमेणराज्यभोगंप्रसास॥ ॥श्रीपशुपतिनाथकोअघिकोलिंगाकारदेवालयभत्‌कीछोपीरहदा.द्वा,गोपालानांक्रमेणराज्यभोगंप्रसास॥ ॥श्रीपशुपतिनाथकोअघिकोलिगाकारदेवालयभत्‌कीछोपीरहदा.द्वा,0.0116279069334268,रहदा,रहदा,रहनु,रहनु,1,1,0.0465116279069767,0.0470588235294117,-0.000547195622435,0,0,,,,,पशुपतिनाथ|देवालय,पशुपतिनाथ|देवालय,0.1744186046511628,0.17647058823529413
,data/oldNepali_fullset/oldNepali_100/images/CA__The Cambridge Manuscript_Page_024/eSc_line_f1f1719c.png,२४,२४,0.0,,,,,0,0,0.0,0.0,0.0,0,0,,,,,,,0.0,0.0
,data/oldNepali_fullset/oldNepali/images/DNA_2_00000365_result/eSc_line_5ce9c051.png,नं.१७८,नं.१८,0.1666666716337204,,,,,0,0,0.0,0.0,0.0,0,0,,,,,,,0.0,0.0
,data/oldNepali_fullset/oldNepali_100/images/CA__The Cambridge Manuscript_Page_028/eSc_line_50f4b93a.png,धन्यतेरापुरुषार्थजस्तोमैलेभन्या.तस्तैजंत्राकारले.वौद्धमन्दिरतयारगरीइहाआईस्.अवते,धन्यतेरापुरूषार्थजस्तोमैलेभन्या.तस्तैजंत्राकारले.वौद्धमन्दिरतयारगरीइहाआईस्.अवते,0.0126582281664013,तयार,तयार,तयार,तयार,1,1,0.050632911392405,0.050632911392405,0.0,0,0,,,,,पुरुषार्थ|मन्दिर,मन्दिर,0.189873417721519,0.0759493670886076
,data/oldNepali_fullset/oldNepali/images/DNA_0011_0647/eSc_line_fd7920f6.png,आगेमहाकालीपूर्वमेचीपश्चिमभरपाहाडजगाजगाकाईजारादारतहसील्‌दार,ओगमहाकालीपूर्वमेचीपश्तिमभयाहाउजगाजगाकाईजागदारतहसील्‌दार,0.1379310339689254,महाकाली|पश्चिम|पाहाड|जगाजगा|ईजारादार,महाकाली|जगाजगा,महाकाली|पश्चिम|पहाड|जगाजगा|इजारादार,महाकाली|जगाजगा,5,2,0.5517241379310345,0.2363636363636363,0.3153605015673981,3,0,इजारादार|पश्चिम|पहाड,,ईजारादार|पश्चिम|पाहाड,,,,0.0,0.0
,data/oldNepali_fullset/oldNepali_100/images/CA__The Cambridge Manuscript_Page_027/eSc_line_0ab73ae4.png,गुरूः,गुरूः,0.0,,,,,0,0,0.0,0.0,0.0,0,0,,,,,,,0.0,0.0
,data/oldNepali_fullset/oldNepali_100/images/CA__The Cambridge Manuscript_Page_035/eSc_line_e3d02558.png,७वर्ष४२,७वर्ष४२,0.0,,,,,0,0,0.0,0.0,0.0,0,0,,,,,,,0.0,0.0
,data/oldNepali_fullset/oldNepali_100/images/11/eSc_line_32a9a7e4.png,ज्यादापर्नालेसर्दारहरुगरीवभयातर.अरुप्रजाहरुमिहीनत्,ज्यादापर्नालेसर्दारहरुगरीवभयातर.अरुप्रजाहरुमिहीनत,0.0199999995529651,सर्दारहरु|गरीव|प्रजाहरु|मिहीनत्,सर्दारहरु|गरीव|प्रजाहरु,सर्दार|गरिब|प्रजा|मिहिनेत,सर्दार|गरिब|प्रजा,4,3,0.56,0.4285714285714285,0.1314285714285715,1,0,मिहिनेत,,मिहीनत्,,,,0.0,0.0
,data/oldNepali_fullset/oldNepali_100/images/E3345_00000322/eSc_line_acb6e2e3.png,ङ्गीकाजचल्‌दाभारादारकासाथरहिनगराचलाउनुभन्यामोहरगरिवक्स्यौंआ,ङ्गीकाजचल्‌दाभारादारकासाथरहिनगराचलाउनुभन्न्यामोहरगरिवक्स्यौंआ,0.0338983051478862,भारादार|नगरा|चलाउनु|मोहर,भारादार|नगरा|चलाउनु|मोहर,भारदार|नगरा|चलाउनु|मोहर,भारदार|नगरा|चलाउनु|मोहर,4,4,0.3559322033898305,0.3442622950819672,0.0116699083078632,0,0,,,,,,,0.0,0.0
,data/oldNepali_fullset/oldNepali/images/DNA_0001_0367/eSc_line_b01dafff.png,हवचिनगय़ापछिउन्काअसवावलिलामहुदालिलाम्‌घर्मादेष्याथ्याँ.पैल्हे,हवनिनगय़ापछिउन्काअसवावलिलामहुदालिलाम्‌घर्मादेष्याथ्या.पैल्हे,0.0327868834137916,,,,,0,0,0.0,0.0,0.0,0,0,,,,,पछिउ|लिलाम,पछिउ|लिलाम,0.14754098360655737,0.15
,data/oldNepali_fullset/oldNepali_100/images/DNA 2_00000413_result/eSc_line_eb43fad0.png,स्वस्तिश्रीमन्मेधावद्गुरूपशिक्षितनिर्मलसुमंत्रणकर्मचातुरीप्रवर्द्धितनिजक्षोणीना,स्वस्तिश्रीमन्मेकालड्धरूपशिक्षितनिर्मलसुमंत्रणकर्मचातुरीप्रवर्द्धितनिजक्षोरानि,0.101265825331211,,,,,0,0,0.0,0.0,0.0,0,0,,,,,स्वस्तिश्री|शिक्षित|निर्मल|चातुरी,स्वस्तिश्री|शिक्षित|निर्मल|चातुरी,0.379746835443038,0.38461538461538464
,data/oldNepali_fullset/oldNepali/images/CA__The Cambridge Manuscript_Page_008/eSc_line_4432cdd7.png,पनि.आफ्नुचिन्ह.तिस् जग्गामा.केहीराषी.तिस् जग्गाकानाम.विक्रमशीलविहारभनिनामराषि.ता,पनि.आफ्नुचिह्र.तिस् जग्गामा.केहीराषी.तिस् जग्गाकानाम.विक्रमशीलविहारभनिनामराषि.ता,0.025000000372529,,,,,0,0,0.0,0.0,0.0,0,0,,,,,विक्रम|विहार,विक्रम|विहार,0.1375,0.1375
,data/oldNepali_fullset/oldNepali/images/14/eSc_line_6f88b683.png,रहन्यालोकहरूलाई.सुवृष्टिगराउनुपर्छभनि.यस् क्षेत्रमाजत्तिद्रव्यछ.तिसवैतम्रैषुसिभयोभनिवुझा,रहन्यालोकहरूलाई.सुव्ठिगराउनुपर्छभनि.यस् क्षेत्रमाजन्तिद्रव्यछ.तिसवैतम्‌सिभयोभनिठुझा,0.1022727265954017,रहन्या|गराउनु,रहन्या|गराउनु,रहनु|गराउनु,रहनु|गराउनु,2,2,0.1363636363636363,0.144578313253012,-0.0082146768893756,0,0,,,,,,,0.0,0.0
,data/oldNepali_fullset/oldNepali_100/images/DNA 2_00000413_result/eSc_line_9005015c.png,श्रीदुर्गाजीसहाय\,श्रीदुर्गाजीसहाय\,0.0,,,,,0,0,0.0,0.0,0.0,0,0,,,,,सहाय,सहाय,0.23529411764705882,0.23529411764705882
,data/oldNepali_fullset/oldNepali_100/images/DNA 4_00000201/eSc_line_d7e2ea8f.png,म्‌चरणारविन्दकाकुशलतालेहाम्रोप्रतिपालभैआयाकोछउप्रान्त,म्‌चरणारविन्दकाकुशलतालेहाम्रोप्रतिपालभैआयाकोछ.उप्रान्त,0.0188679248094558,कुशलता|प्रतिपाल|आयाको|उप्रान्त,कुशलता|प्रतिपाल|आयाको|उप्रान्त,कुशलता|प्रतिपाल|आउनु|उप्रान्त,कुशलता|प्रतिपाल|आउनु|उप्रान्त,4,4,0.5094339622641509,0.5,0.0094339622641509,0,0,,,,,,,0.0,0.0
,data/oldNepali_fullset/oldNepali_100/images/CA__The Cambridge Manuscript_Page_024/eSc_line_23feb0d3.png,सायाकोहो.मपनिजलशयनवुढानीलकण्ठकाशरणमाजाउंभनिगै.विन्तिगर्दाभयार.श्रीभगवा,सायाकोहो.मपनिजलशयनवुढानीलकण्ठकाशरणमाजाउंभनिगै.विन्तिगर्दाभयार.श्रीभगवा,0.0,,,,,0,0,0.0,0.0,0.0,0,0,,,,,निजल|शयन|नीलकण्ठ|शरण|भगवा,निजल|शयन|नीलकण्ठ|शरण|भगवा,0.3,0.3
,data/oldNepali_fullset/oldNepali/images/13/eSc_line_95340597.png,नंचलप्स्यसि॥योगिनांतथ्यमेवेति.वचःकृत्वागृहंययौ॥ ६ ॥संमंत्रासहभूपोसौ.वुद्धिक्षेमेनमंत्रिणा॥अभिषेकं,नंचलप्यसि॥योगिनांतथ्यमेवेति.वचकृत्वागृहंययौ॥६ ॥संमंत्रासहभूमोसौ.वुद्धिक्षेमेनमंत्रिण॥अभिषेक,0.0721649453043937,,,,,0,0,0.0,0.0,0.0,0,0,,,,,,अभिषेक,0.0,0.06593406593406594
,data/oldNepali_fullset/oldNepali/images/16/eSc_line_8e0e2f6f.png,पानि,पनि,0.25,,,,,0,0,0.0,0.0,0.0,0,0,,,,,,,0.0,0.0
,data/oldNepali_fullset/oldNepali/images/DNA_0013_0333/eSc_line_ceb0d61c.png,घड्यारिस्मेत्विर्त्तागरिवक्स्याकोमोहरताम्वापत्रगरिवक्स्यौं.पाटनकाअंवलमध्येमनोहरा.म,घड्यारिस्मेत्‌विर्त्तागरिवक्स्याकोमोहरताम्वापत्रगरिवक्स्यौं.पाटनकाअंवलमध्येमनोहराम,0.0243902429938316,घड्यारि|वक्स्याको|मोहर|ताम्वापत्र|पाटन|अंवल,घड्यारि|वक्स्याको|मोहर|ताम्वापत्र|पाटन|अंवल,घडेरी|बक्सनु|मोहर|ताम्रपत्र|पाटन|अम्बल,घडेरी|बक्सनु|मोहर|ताम्रपत्र|पाटन|अम्बल,6,6,0.4634146341463415,0.4634146341463415,0.0,0,0,,,,,मनोहरा,मनोहरा,0.07317073170731707,0.07317073170731707
,data/oldNepali_fullset/oldNepali_100/images/CA__The Cambridge Manuscript_Page_036/eSc_line_12f195fa.png,२ पालराजालाईजिती.नेपालमाराजाभया.राजाहरू,२ पालराजालाईजिती.नेपालमाराजाभया.राजाहरू,0.0,नेपाल|राजाहरू,नेपाल|राजाहरू,नेपाल|राजा,नेपाल|राजा,2,2,0.3076923076923077,0.3076923076923077,0.0,0,0,,,,,,,0.0,0.0
,data/oldNepali_fullset/oldNepali/images/CA__The Cambridge Manuscript_Page_005/eSc_line_1ebe3bd9.png,छन् भनि.साछिलेवकाउदा.कामधेनुले.मुखवाटभन्याहोभनिदिया.पुछारवाटभन्या.होइन२भनिसंकेतवता,छन् भनिसाछिलेवकाउदा.कामधेनुले.पुखवाटभन्याहोमनिदिया.पुद्धारवाटभन्या.होईन २भनिसकेतवता,0.1097560971975326,होइन,होईन,हुनु,हुनु,1,1,0.048780487804878,0.0481927710843373,0.0005877167205406,1,1,,,होइन,होईन,कामधेनु|पुछार,कामधेनु,0.14634146341463414,0.08433734939759036
,data/oldNepali_fullset/oldNepali/images/DNA_0013_0472/eSc_line_d74884fa.png,आगे १ लाईसम्वत्१८६३सालमितिकार्तिकशुदि१२रोज७कादिन २ कावाहुलिवाटचतुरमासाकापुरा,आगे १ लाईसम्वत्१८६३सालमितिकार्तिकशुदि१२रोज७कादिन २ कावाहुलिवाटचतरमासाकापरा,0.0263157896697521,सम्वत्|कार्तिक,सम्वत्|कार्तिक,संवत्|कार्त्तिक,संवत्|कार्त्तिक,2,2,0.1710526315789473,0.1756756756756756,-0.0046230440967283,0,0,,,,,चतुर,,0.05263157894736842,0.0
,data/oldNepali_fullset/oldNepali/images/DNA_2_00000293_result/eSc_line_8400d72d.png,की।,की।,0.0,,,,,0,0,0.0,0.0,0.0,0,0,,,,,,,0.0,0.0
,data/oldNepali_fullset/oldNepali_100/images/DNA 4_00000552/eSc_line_4e382d90.png,माकस्तोठहर्छभनिरुक्काकोमसौदापठाइवक्सनुभयाकोचाहिंमाभन्यादोहरोउर्दीदि,माकस्तोठहछभनिरुक्काकोमसौदापठाइवक्सनुभयाकोचाहिंमाभन्यादोहरोउर्दीदि,0.0298507455736398,ठहर्छ|पठाइ|वक्सनु|भयाको|दोहरो,पठाइ|वक्सनु|भयाको|दोहरो,ठहर्नु|पठाउनु|बक्सनु|हुनु|दोहोरो,पठाउनु|बक्सनु|हुनु|दोहोरो,5,4,0.373134328358209,0.3076923076923077,0.0654420206659012,1,0,ठहर्नु,,ठहर्छ,,मसौदा,मसौदा,0.07462686567164178,0.07692307692307693
,data/oldNepali_fullset/oldNepali/images/DNA_0014_0296/eSc_line_743871e2.png,स्वस्तिश्रीगिरिराजचक्रचुडामणिनरनारायणेत्यादिविविधविरुदाव,स्वस्तिश्रीगिरिराजचवडाडारनारायणेत्यादिविविधावरुदाव,0.1964285671710968,,,,,0,0,0.0,0.0,0.0,0,0,,,,,स्वस्तिश्री|गिरिराज|विविध,स्वस्तिश्री|गिरिराज,0.4107142857142857,0.36
,data/oldNepali_fullset/oldNepali/images/DNA_2_00000051_result/eSc_line_ee2258c3.png,मिदम्.ईतनिकतांहांचरणछेमकुसलभय़ाहाम्रोउद्धारप्रतिपा,मिदम्.ईतनिकतांहांचरणछेमकुसलभय़ाहाम्रोउद्धारप्रतिपा,0.0,चरण|छेमकुसल|उद्धार,चरण|छेमकुसल|उद्धार,चरण|क्षेमकुशल|उद्धार,चरण|क्षेमकुशल|उद्धार,3,3,0.32,0.32,0.0,0,0,,,,,,,0.0,0.0
,data/oldNepali_fullset/oldNepali_100/images/DNA 2_00000264_result/eSc_line_60bb77d4.png,अर्जि,अर्जि,0.0,,,,,0,0,0.0,0.0,0.0,0,0,,,,,,,0.0,0.0
,data/oldNepali_fullset/oldNepali/images/DNA_2_00000293_result/eSc_line_9743e022.png,स्वस्तिश्रीगिरिराजचक्रचूडामणिनरनारायणेत्यादिविविधविरूदावलीविराज,स्वस्तिश्रीगिरिराजचक्रचूडामणिनरनारायणेत्यादिविविधविरुदावलीविराज,0.0158730167895555,,,,,0,0,0.0,0.0,0.0,0,0,,,,,स्वस्तिश्री|गिरिराज|चूडामणि|विविध,स्वस्तिश्री|गिरिराज|चूडामणि|विविध|विरुदावली,0.47619047619047616,0.6190476190476191
,data/oldNepali_fullset/oldNepali_100/images/CA__The Cambridge Manuscript_Page_030/eSc_line_96917c14.png,वोधिसत्वलेआफ्नाअंशराषीगयाकोहो.तसर्थलोकलाईआनन्ददिनामामूललोकेश्वरैहुन्.भनिय,वोधिसत्वलेआफ्नाअंशराषीगयाकोहो.तसर्थ.लोकलाईआनन्ददिनामामूललोकेश्वरैहुन्.भनिय,0.0136986300349235,गयाको|तसर्थ|आनन्द,गयाको|तसर्थ|आनन्द,जानु|तसर्थ|आनन्द,जानु|तसर्थ|आनन्द,3,3,0.2054794520547945,0.2027027027027027,0.0027767493520917,0,0,,,,,कलाई,कलाई,0.0547945205479452,0.05405405405405406
,data/oldNepali_fullset/oldNepali/images/17/eSc_line_bd8c365d.png,अतिलोभले.इन्द्रकाधनपाउनइछागरि.१२वर्षसम्मवाग्मतीकातीरमावसी.पंचाग्नितापस,अतिलोभले.इन्द्रकाधनपाउनइछागरि.१२वर्षसम्मवाग्मतीकातीरमावसी.पंचाग्नितापस,0.0,,,,,0,0,0.0,0.0,0.0,0,0,,,,,अतिलोभ|वाग्मती|तापस,अतिलोभ|वाग्मती|तापस,0.24285714285714285,0.24285714285714285
,data/oldNepali_fullset/oldNepali_100/images/CA__The Cambridge Manuscript_Page_038/eSc_line_19909c0a.png,र्थजात्रागर्ननिमित्त.नेपालआईपुक्‌दा.क्रमैसिततीर्थस्नानगरी.श्रीस्वयंभूश्रीगुह्येश्वरीकादर्शनगरी,र्थजात्रागर्ननिमित्त.नेपालआईपुक्दा.क्रमैसिततीर्थस्नानगरी.श्रीस्वयंभूश्रीगुह्येश्वरीकादर्शनगरी,0.010638297535479,निमित्त|नेपाल|दर्शन,निमित्त|नेपाल|दर्शन,निमित्त|नेपाल|दर्शन,निमित्त|नेपाल|दर्शन,3,3,0.1808510638297872,0.1827956989247312,-0.0019446350949439,0,0,,,,,तीर्थस्नान|गुह्येश्वरी,तीर्थस्नान|गुह्येश्वरी,0.22340425531914893,0.22580645161290322
,data/oldNepali_fullset/oldNepali/images/DNA_2_00000126_result/eSc_line_e9090325.png,सव्‌वडाधूमधाम्‌सगमटकलप्‌साहेवलाईदिन्याकामगर्‍या.गोघाराकोत,सव्‌वडाधूमधाम्‌सगमटकलप्‌साहेवलाईदिन्याकामगर्‍या.गोघाराकोत,0.0,साहेव,साहेव,साहेब,साहेब,1,1,0.087719298245614,0.087719298245614,0.0,0,0,,,,,मटक,मटक,0.05263157894736842,0.05263157894736842
,data/oldNepali_fullset/oldNepali/images/CA__The Cambridge Manuscript_Page_003/eSc_line_f7956e6f.png,माथीपुगीताहावसी.आफुसंगआयाकालोकहरूकन.ज्योतीरूपस्वयंभूर.गुह्येश्वरीकामाहात्म्यवताई,माथीपुगीताहावसी.आफुसंगआयाकालोकहरूकन.ज्योतीरूपस्वयंभूर.गुह्येश्वरीकामाहात्म्यवताई,0.0,आयाका,आयाका,आउनु,आउनु,1,1,0.0625,0.0625,0.0,0,0,,,,,गुह्येश्वरी|माहात्म्य,गुह्येश्वरी|माहात्म्य,0.25,0.25
,data/oldNepali_fullset/oldNepali/images/CA__The Cambridge Manuscript_Page_001/eSc_line_6f0e4920.png,औ.चैत्यविंवस्थापनागर्न्यालेभया.औ.श्रद्धाहुन्यालेभयाअहोरात्रव्रतगर्छं,औ.चैत्यविंवश्थाघनागर्न्यालेभया.अौ.अद्धादन्त्यःकेभया अद्रोराजंनगर्छ,0.3529411852359772,,,,,0,0,0.0,0.0,0.0,0,0,,,,,स्थापना|अहोरात्र,,0.22058823529411764,0.0
,data/oldNepali_fullset/oldNepali_100/images/DNA 1_00000671/eSc_line_20c47079.png,हेछ:ईन्‌लाईक्याजवापदिन्याहोजोआग्यासोसहि.:ईक्याडवल,हेछ:ईन्‌लाईक्याजवापदिन्याहोजोआग्गासोसहि.ईक्माउवल,0.0816326513886451,,,,,0,0,0.0,0.0,0.0,0,0,,,,,डवल,,0.061224489795918366,0.0
,data/oldNepali_fullset/oldNepali_100/images/DNA 4_00000551/eSc_line_5118c56d.png,गर्नुभन्यादोहराडाँकुकालिन्‌दिन्‌कावेव़राकारुक्काकोकुराअघितँलाइपनीलेषिग,गर्नुभन्न्यादोहराडाँकुकालिन्‌दिन्‌कावेव़राकारुक्काकोकुराअघितैलाइपनीलेषिग्‌,0.0714285746216774,,,,,0,0,0.0,0.0,0.0,0,0,,,,,दोहरा,दोहरा,0.07142857142857142,0.06756756756756757
,data/oldNepali_fullset/oldNepali_100/images/CA__The Cambridge Manuscript_Page_026/eSc_line_08c362a9.png,पाई.रात्रीकाविषये.धेरैकपराफिजि.नित्यनित्य.निचोरिपानीलीईठूपारि१२वर्षलाईकन.तेहीवौद्धमं,पाई.रात्रीकाविषये.धेरैकपराफिजि.नित्यनित्य.निचोरिपानीलीइट्टपारि१२वर्षलाईकन.तेहीवौद्धम,0.0595238097012043,कपरा,कपरा,कपड़ा,कपड़ा,1,1,0.0476190476190476,0.0476190476190476,0.0,0,0,,,,,,,0.0,0.0
,data/oldNepali_fullset/oldNepali/images/CA__The Cambridge Manuscript_Page_009/eSc_line_89b91ca0.png,मा.सार्थवाहसुतीरहदा.उस्काघरजाई.वत्तीवालीराष्याकावत्तीमापसी.आर्यावलोकितेश्वरले.आफ्नासरूपदेषाई.आज्ञाग,मा.सार्थवाहसुतीरहदा.उस्काघरजाई.वत्तीवानीराष्याकावत्तीमापसी.आर्यावलोकितेश्वरले.आफ्नासरूपदेषाईआज्ञाग,0.0202020201832056,रहदा|राष्याका|देषाई,रहदा|राष्याका|देषाई,रहनु|राख्नु|देखाउनु,रहनु|राख्नु|देखाउनु,3,3,0.1717171717171717,0.173469387755102,-0.0017522160379303,0,0,,,,,सार्थवाह|रजाई|सरूप,सार्थवाह|रजाई|सरूप,0.16161616161616163,0.16326530612244897
,data/oldNepali_fullset/oldNepali_100/images/DNA 2_00000161_result/eSc_line_1d88292a.png,श्री५सर्कार,श्री५सर्कार,0.0,सर्कार,सर्कार,सर्कार,सर्कार,1,1,0.5454545454545454,0.5454545454545454,0.0,0,0,,,,,,,0.0,0.0
,data/oldNepali_fullset/oldNepali_100/images/12/eSc_line_02e3ca78.png,पालामा.टेपुर.फराँसीस्‌अंगरेजहरुलेजित्याइनैकापाला,पालामा.टेपुर.फरासीस्‌अंगरेजहरुलेजित्याइनैकापाला,0.020833333954215,अंगरेज,अंगरेज,अङ्ग्रेज,अङ्ग्रेज,1,1,0.125,0.1276595744680851,-0.002659574468085,0,0,,,,,,फरासी,0.0,0.10638297872340426
,data/oldNepali_fullset/oldNepali_100/images/DNA 3_00000158/eSc_line_d00325b1.png,सेबहोतपर्वर्शकाउम्मैदवारहै।जोकारखिजममेरे,सेबहोतपर्वर्शकाउम्मैदवारहै।जोकारखिजममेरे,0.0,,,,,0,0,0.0,0.0,0.0,0,0,,,,,,,0.0,0.0
,data/oldNepali_fullset/oldNepali/images/DNA_0014_0135/eSc_line_307933c8.png,जेन्द्रविक्रमसाहवहादुरसमसेरजङ्गदेवानांसदासमरविजयिनाम्‌,जेत्रविक्रमसाहवहादुसमसेरजङ्गदेवानांसदासमरविजषिनाम्,0.1111111119389534,साहव,साहव,साहेब,साहेब,1,1,0.074074074074074,0.08,-0.0059259259259259,0,0,,,,,विक्रम|रसम|समर,विक्रम|समसेर|समर,0.2222222222222222,0.28
,data/oldNepali_fullset/oldNepali/images/DNA_0001_0167/eSc_line_fa6f2d19.png,श्रीदुर्गाज्यू,श्रीदुर्गाज्यू,0.0,,,,,0,0,0.0,0.0,0.0,0,0,,,,,,,0.0,0.0
,data/oldNepali_fullset/oldNepali_100/images/CA__The Cambridge Manuscript_Page_027/eSc_line_cb87e97e.png,२७,२७,0.0,,,,,0,0,0.0,0.0,0.0,0,0,,,,,,,0.0,0.0
,data/oldNepali_fullset/oldNepali_100/images/DNA 4_00000551/eSc_line_0b4d3e88.png,हिसुदि३रोज३कादिंन‌आइपुग्योहरफ्‌हरफ्‌पढिअर्थविस्तारसिरचर्‍हाञाउप्रान्तःहा,हिसुदि३रोज३कादिनआइपुग्योहरफहरफ्‌पढिअथविस्तारसिरचह्राञाउप्रान्त:हा,0.1388888955116272,विस्तार,हरफ|विस्तार|उप्रान्त,बिस्तार,हरफ|बिस्तार|उप्रान्त,1,3,0.0972222222222222,0.2769230769230769,-0.1797008547008547,0,2,,उप्रान्त|हरफ,,उप्रान्त|हरफ,,,0.0,0.0
,data/oldNepali_fullset/oldNepali_100/images/DNA 4_00000490/eSc_line_bec390ea.png,उप्रान्त,उप्रान्त,0.0,उप्रान्त,उप्रान्त,उप्रान्त,उप्रान्त,1,1,1.0,1.0,0.0,0,0,,,,,,,0.0,0.0
,data/oldNepali_fullset/oldNepali_100/images/DNA 2_00000394_result/eSc_line_8c3a1483.png,वुरुग्‌साहेवलेसपुर्दगर्‍याभन्न्यासुनिय़ोथ्यो.सोअषवारलेप,वुरुग्‌साहेवलेसपुर्दगर्‍याभन्न्यासुनियोथ्यो.सोअषवारलेप,0.0181818176060915,साहेव|सपुर्द|अषवार,साहेव|सपुर्द|अषवार,साहेब|सपुर्द|अखबार,साहेब|सपुर्द|अखबार,3,3,0.2909090909090909,0.2962962962962963,-0.0053872053872053,0,0,,,,,,,0.0,0.0
,data/oldNepali_fullset/oldNepali_100/images/11/eSc_line_519b0d3a.png,फेरीनयावन्यो॥ ॥इंन्काभाइदोश्राजम्स्॥ ॥इन्कापाला,फरीनयावन्यो॥ ॥इन्काभाइदोश्राजम्स्॥ ॥इन्कापाला,0.0425531901419162,,,,,0,0,0.0,0.0,0.0,0,0,,,,,,,0.0,0.0
,data/oldNepali_fullset/oldNepali/images/DNA_0012_0007/eSc_line_e7ce9286.png,र्न्याहोतापनी.आफ्नाज्यूताभरमहन्त्याञीचलाउनुअरुचेलानतुल्याउ,र्न्याहोतापनी.आफ्‌नाज्यूताभरमहन्त्याञीचलाउनुअरुचेलानतुल्याउ,0.0172413792461156,तापनी|चलाउनु,तापनी|चलाउनु,तापनि|चलाउनु,तापनि|चलाउनु,2,2,0.1896551724137931,0.1864406779661017,0.0032144944476913,0,0,,,,,भरम,भरम,0.05172413793103448,0.05084745762711865
,data/oldNepali_fullset/oldNepali/images/DNA_1_00000137/eSc_line_2a544dd6.png,सवैलेआचर्यमान्याऐतिकोदौलथदियारछोरिलाई.नाल्‌किमाचह्र,सवैलेआचर्यनान्याऐतिकोदौलथदियारछोरिलाई.नालकिमाचहु,0.0980392172932624,दौलथ,दौलथ,दौलत,दौलत,1,1,0.0784313725490196,0.0833333333333333,-0.0049019607843137,0,0,,,,,आचर्य|दियार,आचर्य|दियार,0.19607843137254902,0.20833333333333334
,data/oldNepali_fullset/oldNepali_100/images/DNA 2_00000161_result/eSc_line_bf676ee7.png,श्री५माहिलावडामहारनी,श्रीदपाहिलावडामदारानी,0.2000000029802322,,,,,0,0,0.0,0.0,0.0,0,0,,,,,,,0.0,0.0
,data/oldNepali_fullset/oldNepali_100/images/DNA 1_00000356/eSc_line_36727847.png,उप्रान्त.सल्ल्यानकादसैकोप्रसादअघिचर्‍हाईपठाय़ाकोपु,उप्रान्त.सल्ल्यानकादसैकोप्रसादअघिचर्‍हाईपठाय़ाकोपु,0.0,उप्रान्त|सल्ल्यान|प्रसाद,उप्रान्त|सल्ल्यान|प्रसाद,उप्रान्त|सल्लयान|प्रसाद,उप्रान्त|सल्लयान|प्रसाद,3,3,0.44,0.44,0.0,0,0,,,,,,,0.0,0.0
,data/oldNepali_fullset/oldNepali_100/images/DNA 2_00000395_result/eSc_line_094af442.png,ल्‌छ.भन्न्याकुरासुनाय़ा.भन्न्यासुनिय़ो.दिनन्‌.ञाँहाँकाव,ल्‌छ.भन्न्याकुरासुनाय़ा.भन्न्यासुनिय़ो.दिनन्‌.ञाँहाँकाव,0.0,,,,,0,0,0.0,0.0,0.0,0,0,,,,,,,0.0,0.0
,data/oldNepali_fullset/oldNepali_100/images/E3345_00000300/eSc_line_24f4cf35.png,हरूलाइपनिदसलिम्वुसुवाकासरहमा.नगराकमाईजंङ्गिकाजचल्दाभारदार.का,हरूलाइपनिदसलिपुसुवाकासरहमा.नगराकमाईजङ्गिकाजचल्दाभारादारका,0.1000000014901161,सरह|नगरा|कमाई|भारदार,सरह|नगरा|कमाई|भारादार,सरह|नगरा|कमाउनु|भारदार,सरह|नगरा|कमाउनु|भारदार,4,4,0.2833333333333333,0.3157894736842105,-0.0324561403508771,1,1,,,भारदार,भारादार,,,0.0,0.0
,data/oldNepali_fullset/oldNepali/images/CA__The Cambridge Manuscript_Page_001/eSc_line_6ede596b.png,पी.ली.श्रीस्वयंभूज्योतीरूपलाईचढाईपर्वतकनभविष्यकुरावताई.तेरोनामआजदेषिन् फुल्लोच्चप,दी.ली.श्रीस्वयंभूज्योतीरूपलाईचढाईपर्वतकनभविष्यकुरावताई.तेरोनामआजदेषिन् फुल्चप,0.0617283955216407,चढाई,चढाई,चड़ाइ,चड़ाइ,1,1,0.0493827160493827,0.0519480519480519,-0.0025653358986692,0,0,,,,,पर्वत|भविष्य|रोनाम,पर्वत|भविष्य|रोनाम,0.19753086419753085,0.2077922077922078
,data/oldNepali_fullset/oldNepali_100/images/DNA 1_00000356/eSc_line_7ba74392.png,ग्यहुन्यारहेछर.प्रसादचर्‍हाईपठाउनढिलहुनगयाकोहो,ग्यहुन्यारहेछर.प्रसादचर्‍हाईपठाउनढिलहुनगयाकोहो,0.0,रहेछ|प्रसाद|पठाउन|गयाको,रहेछ|प्रसाद|पठाउन|गयाको,रहनु|प्रसाद|पठाउनु|जानु,रहनु|प्रसाद|पठाउनु|जानु,4,4,0.4347826086956521,0.4347826086956521,0.0,0,0,,,,,लहुन,लहुन,0.08695652173913043,0.08695652173913043
,data/oldNepali_fullset/oldNepali/images/CA__The Cambridge Manuscript_Page_003/eSc_line_c539e2c4.png,मनगरवाटक्रकुछंदनामवुद्धप्राप्तभै.श्रीस्वयंभूज्योतीरूपकार.गुह्येश्वरीकादर्शनगरी.योषादलउत्तर,मनगरवाटक्रकुछंदनामवुद्धप्राप्तभै.श्रीस्वयंभूज्योतीरूपकार.गुह्येश्वरीकादर्शनगरी.पोषादलउत्तर,0.0111111113801598,नगर|दर्शन|उत्तर,नगर|दर्शन|उत्तर,नगर|दर्शन|उत्तर,नगर|दर्शन|उत्तर,3,3,0.1444444444444444,0.1444444444444444,0.0,0,0,,,,,रूपकार|गुह्येश्वरी,रूपकार|गुह्येश्वरी,0.18888888888888888,0.18888888888888888
,data/oldNepali_fullset/oldNepali/images/DNA_2_00000394_result/eSc_line_ebe78b1d.png,५कादिन.कलकत्ताकौसल्‌मा.सामेलभया.सिपहसालारजर्नै,५कादिन.कलकत्ताकौसल्‌मा.सामेलभय़ा.सिपहसालारजर्नै,0.0217391308397054,कलकत्ता|सामेल,कलकत्ता|सामेल,कलकत्ता|सामेल,कलकत्ता|सामेल,2,2,0.2608695652173913,0.2553191489361702,0.0055504162812211,0,0,,,,,,,0.0,0.0
,data/oldNepali_fullset/oldNepali_100/images/CA__The Cambridge Manuscript_Page_036/eSc_line_4e7db8b0.png,६ जितेदास्तिराजालेकुरुक्षेत्रमा.पाण्डवहरूकायुद्धहु,६ जितेदास्तिराजालेकुरुक्षेत्रमा.पाण्डवहरूकायुद्धहु,0.0,,,,,0,0,0.0,0.0,0.0,0,0,,,,,कुरुक्षेत्र|पाण्डव,कुरुक्षेत्र|पाण्डव,0.34,0.34
,data/oldNepali_fullset/oldNepali_100/images/DNA 1_00000116/eSc_line_7a68132d.png,न्यालिनुगाह्रैछभंन्न्यास्माचारछभन्या.रणजीतसिंकाश्मेरमाचढ्दा.कावेलकोपनिघरसचि,न्यालिनुगाह्रैछभंन्न्यास्माचारछभन्या.रणजीतसिंकाश्मेरमाचढ्दा.कावेलकोपनिघरसचि,0.0,रणजीत|काश्मेर|कावेल,रणजीत|काश्मेर|कावेल,रणजीत|काश्मीर|कावेल,रणजीत|काश्मीर|कावेल,3,3,0.2266666666666666,0.2266666666666666,0.0,0,0,,,,,,,0.0,0.0
,data/oldNepali_fullset/oldNepali_100/images/4/eSc_line_5241b745.png,स्‌थिया.तरअभागीहुनालेआफ्नाछोराहरुसितल,स्‌थिया.तरअभागीहुनालेआफ्नाछोराहरुसितल,0.0,अभागी|छोराहरु,अभागी|छोराहरु,अभागि|छोरो,अभागि|छोरो,2,2,0.3243243243243243,0.3243243243243243,0.0,0,0,,,,,सितल,सितल,0.10810810810810811,0.10810810810810811
,data/oldNepali_fullset/oldNepali/images/DNA_0012_0007/eSc_line_3cd0a031.png,चलाइ.रामदासलाइकरोवारितुल्याइमहन्तमोहन्‌दास्‌ले.चर्चीआय़ा,चलाइ.रामदासलाइकारोवारितुल्याइमहन्तमोहन्‌दास्‌ले.वचीआय़ा,0.0714285746216774,चलाइ,चलाइ,चलाउनु,चलाउनु,1,1,0.0714285714285714,0.0727272727272727,-0.0012987012987012,0,0,,,,,लाइक|तुल्याइ|महन्त,तुल्याइ|महन्त,0.2857142857142857,0.21818181818181817
,data/oldNepali_fullset/oldNepali_100/images/CA__The Cambridge Manuscript_Page_035/eSc_line_70f93f02.png,वसीरह्याकोथियो.इन्‌कागाईदुददुहनदिनैनथीन्.एकलैगै.वाग्मतीकोतीरमाजाईदुग्धधारागर्थिन्.नित्यते,वसीरह्याकोथियो.इन्‌कागाईउदुहनदिनैनथीन्.एकलैगै.वाग्मतीकोतीरमाजाईदुग्धधारागर्थिन्.नित्यते,0.0337078645825386,रह्याको,रह्याको,रहनु,रहनु,1,1,0.0786516853932584,0.0804597701149425,-0.0018080847216841,0,0,,,,,एकलै|वाग्मती|दुग्धधारा,एकलै|वाग्मती|दुग्धधारा,0.2247191011235955,0.22988505747126436
,data/oldNepali_fullset/oldNepali/images/DNA_0012_0638/eSc_line_58b8c0ad.png,यिनाम्,यिनाम्,0.0,,,,,0,0,0.0,0.0,0.0,0,0,,,,,,,0.0,0.0
,data/oldNepali_fullset/oldNepali/images/DNA_2_00000095_result/eSc_line_852dc52e.png,निदेष्यौंगोराकोपल्‌‌टन्‌‌जम्‌‌न्या.तोपको,निदेष्यौंगोराकोपल्‌टन्‌जम्‌न्या.तोपको,0.0750000029802322,,,,,0,0,0.0,0.0,0.0,0,0,,,,,,,0.0,0.0
,data/oldNepali_fullset/oldNepali/images/DNA_0013_0165/eSc_line_2d1ea056.png,पाषोजगाषेतरोपनी१५गुठीराषिवक्स्याकोमोहरतांम्वांपत्रगरिवक्स्यौं.योजगाआवादगुलजारगरिफुलवारीवनाइनि,पाषोजगाषेतरोपनी१५गुटिराषिवक्स्याकोमोहरातोम्रगरिपागरिवक्स्यौं.योजगाआवादगुलजारगरीफुलचारीवनाइनि,0.1505376398563385,वक्स्याको|मोहर|वनाइ,वक्स्याको|वनाइ,बक्सनु|मोहर|बनाउनु,बक्सनु|बनाउनु,3,2,0.1827956989247312,0.1413043478260869,0.0414913510986442,1,0,मोहर,,मोहर,,रोपनी|आवाद|गुलजार,रोपनी|मोहरा|आवाद|गुलजार,0.16129032258064516,0.21739130434782608
,data/oldNepali_fullset/oldNepali_100/images/DNA 1_00000671/eSc_line_01582a41.png,म्याराजाकोवनाय़ाथीउ:उहीपापलेउहीधारहाम्राकपाल.मापर्‍यो:,म्याराजाकोवनाय़ाथीउ.उहीपापलेउहीधारहाम्राकपाल्‌.मापयो,0.1296296268701553,,,,,0,0,0.0,0.0,0.0,0,0,,,,,पलेउ|कपाल,पलेउ,0.14814814814814814,0.07692307692307693
,data/oldNepali_fullset/oldNepali_100/images/DNA 4_00000551/eSc_line_f5d98dfd.png,ष्टांगदँडवत्‌कोटिकोटिसेव़ासेव़ासेव़ापूर्वकपत्रमिदम्‌चरणकाआसिर्वादलेञाहाँनीक,ट्टगँगर्दँडवत्‌कोटिकोटिसेव़ासेव़ायूर्वकपत्रमिदस्‌चरणकाआसिर्वादलेञाहाँनीक,0.1599999964237213,चरण|आसिर्वाद,चरण|आसिर्वाद,चरण|आशिर्बाद,चरण|आशिर्बाद,2,2,0.1466666666666666,0.1527777777777778,-0.0061111111111111,0,0,,,,,पूर्वक,,0.08,0.0
,data/oldNepali_fullset/oldNepali/images/18/eSc_line_74d756b9.png,ष्याका धनम ध्ये ४खण्डमा१खण्ड.आफ्नावासतौदहमाराषी.वाकीसवै.नदीउत्पत्तिगरीनदी,ष्याकाधनम ४्ये ४खण्डमा१खण्ड.आफ्नावासतौदहमाराषी.वाकीसवै.नदीउत्पत्तिगरीनदी,0.0273972600698471,,,,,0,0,0.0,0.0,0.0,0,0,,,,,उत्पत्ति,उत्पत्ति,0.1095890410958904,0.1111111111111111
,data/oldNepali_fullset/oldNepali/images/DNA_2_00000365_result/eSc_line_6d650bbc.png,उप्रान्त.य़स्‌पालाकावडादसैं.वहुतैवढियाभयो.सदाका.मामु,उप्रान्त.य़स्‌पालाकावडादसैं.वहुतैवढियाभयो.सदाका.मामु,0.0,उप्रान्त|वहुतै|वढिया,उप्रान्त|वहुतै|वढिया,उप्रान्त|बहुत|बढिया,उप्रान्त|बहुत|बढिया,3,3,0.3461538461538461,0.3461538461538461,0.0,0,0,,,,,,,0.0,0.0
,data/oldNepali_fullset/oldNepali_100/images/DNA 2_00000036_result/eSc_line_4f6a9653.png,नरभय़ाको१७फएरतोपको सलामिकिल्लावाट भय़ो.मेगनाटन्‌ साहवसिकृट,नरभय़ाको१७ फूइरनोपकोसलामिकिल्लावाटभय़ो.येगनाउन्‌साहवसिकृट,0.1551724076271057,फएर|सलामि|साहव,सलामि|साहव,फएर|सलामी|साहेब,सलामी|साहेब,3,2,0.2068965517241379,0.1578947368421052,0.0490018148820326,1,0,फएर,,फएर,,,,0.0,0.0
,data/oldNepali_fullset/oldNepali/images/DNA_1_00000285/eSc_line_b2edb7cb.png,कुसूरमाफ़होवे।सं१९०२जेष्टवदी१३रोज२,कुसूरमाफ़होवे।सं१९०२जेष्टवदी१३रोज२,0.0,,,,,0,0,0.0,0.0,0.0,0,0,,,,,,,0.0,0.0
,data/oldNepali_fullset/oldNepali_100/images/E3345_00000322/eSc_line_1da7e38e.png,आगे.जिल्लैचैनपूरकाअम्वलमध्ये.मैव़ापिलुव़ा.षोलाकोसुवा.दलकर्न.सुवायुनन्द,आगे.जिल्लैचैनपूरकाअम्वलमध्ये.मैव़ाषिलुवा.षोलाकोसुवा.दलकर्न.सुवायुनन्द,0.0285714287310838,चैनपूर|अम्वल,चैनपूर|अम्वल,चैनपुर|अम्बल,चैनपुर|अम्बल,2,2,0.1571428571428571,0.1594202898550724,-0.0022774327122153,0,0,,,,,,,0.0,0.0
,data/oldNepali_fullset/oldNepali_100/images/DNA 2_00000030_result/eSc_line_ad678d10.png,फिरंगीलाइदिगादिमावस्याछन्‌ मुन्नाय्यान्‌भंन्यागादिमावस्तारा,फिरंगीलाइदिगादिमावस्याछन्‌ मुन्नाय्यान्‌भंन्यागादिमावस्तारा,0.0,फिरंगी,फिरंगी,फिरङ्गी,फिरङ्गी,1,1,0.1016949152542373,0.1016949152542373,0.0,0,0,,,,,,,0.0,0.0
,data/oldNepali_fullset/oldNepali/images/DNA_0013_0522/eSc_line_fa275fac.png,धर्मानन्दषनालधंजुजैसीषनाल्‌पुण्यसिलजैसिषनाल्‌हरिजैसिषनाल्‌रामनरसिंमाहान्याभिमनारान्‌मा,धर्मानन्दषनालधंजुजेसीपनालपुण्यसिलजैसिषनाल्‌हीरैजैसिषनाल्‌रामनरसिमाहान्याभिमनारानमा,0.1046511605381965,,,,,0,0,0.0,0.0,0.0,0,0,,,,,,नारान,0.0,0.06097560975609756
,data/oldNepali_fullset/oldNepali/images/DNA_2_00000365_result/eSc_line_9af11af8.png,कुर्णेस्.कुर्णेस्.कुर्णेस्,कुर्णेस्.कुर्णेस्.कुर्णेस्,0.0,,,,,0,0,0.0,0.0,0.0,0,0,,,,,,,0.0,0.0
,data/oldNepali_fullset/oldNepali/images/DNA_2_00000095_result/eSc_line_97269a3e.png,गरिष्ठराजभारासामर्थश्री३लेफटैनभव़ा,गरिष्टराजभारासामर्थश्मी३लेफ्‌टैनभव़ा,0.1176470592617988,सामर्थ,सामर्थ,सामर्थ,सामर्थ,1,1,0.1764705882352941,0.1666666666666666,0.0098039215686274,0,0,,,,,गरिष्ठ|राजभारा,राजभारा,0.38235294117647056,0.19444444444444445
,data/oldNepali_fullset/oldNepali/images/DNA_2_00000394_result/eSc_line_efd83da7.png,ल्‌छ.भन्न्याकुरासुनाया.भन्न्यासुनियो.दिनन्‌.ञाँहाँकाव,ल्‌छ.भन्न्याकुरासुनाय़ा.भन्न्यासुनिय़ो.दिनन्‌.ञाँहाँकाव,0.0377358496189117,,,,,0,0,0.0,0.0,0.0,0,0,,,,,,,0.0,0.0
,data/oldNepali_fullset/oldNepali/images/DNA_0013_0160/eSc_line_734442c4.png,श्रीपशुपतीज्यू,श्रीपशुपतीज्यू,0.0,,,,,0,0,0.0,0.0,0.0,0,0,,,,,,,0.0,0.0
,data/oldNepali_fullset/oldNepali/images/DNA_0014_0242/eSc_line_e563be9d.png,मद्वहादूर्साहदेवेषुसदासमरविजयिषु. पूर्वक,मद्धहादूर्साहदेवेषुसदासमरविजयिषु,0.2249999940395355,,,,,0,0,0.0,0.0,0.0,0,0,,,,,समर|पूर्वक,समर,0.225,0.09375
,data/oldNepali_fullset/oldNepali_100/images/DNA 2_00000395_result/eSc_line_51d18f41.png,नाकारजीडन्‌ट.जर्नैलअष्‌तर्लोनीसाहव.मोकाम्‌.मेरट्‌मा,नाकारजीडन्‌ट.जर्नैलअष्‌तर्लोनीसाहव.मोकाम्‌.मेरट्‌मा,0.0,साहव,साहव,साहेब,साहेब,1,1,0.0784313725490196,0.0784313725490196,0.0,0,0,,,,,,,0.0,0.0
,data/oldNepali_fullset/oldNepali_100/images/DNA 1_00000671/eSc_line_50dfb31e.png,उथापाज्यूःकाचरनतलश्रीसुव्वाजये़न्तषत्रिकस्यसलाम:सतम्‌पू,उप्यापाज्यू:काचरनतलश्रीसुघाजयन्तषत्रिकस्यसलाम्‌:सतस्‌पू,0.2181818187236786,सलाम,,सलाम,,1,0,0.0727272727272727,0.0,0.0727272727272727,1,0,सलाम,,सलाम,,चरन,चरन|जयन्त,0.05454545454545454,0.14545454545454545
,data/oldNepali_fullset/oldNepali/images/14/eSc_line_3edad467.png,लोकेश्वरले.विचारगरी.अढाईपठायेर.षुसिभै.आफैआफ.प्रत्यक्षभैदर्शनदी.उद्धारगरी.तहीविराजमानभै,लोकेश्वरले.विचारगरी.अढाईपठायेरषुसिभै.आफैआफ.प्रत्यक्षभैदर्शनदी.उक्दारगरी.तहीविराजमानभ,0.0465116277337074,विचार|दर्शन|उद्धार,विचार|दर्शन,बिचार|दर्शन|उद्धार,बिचार|दर्शन,3,2,0.1860465116279069,0.119047619047619,0.0669988925802879,1,0,उद्धार,,उद्धार,,लोकेश्वर|अढाई|प्रत्यक्ष|विराजमान,लोकेश्वर|अढाई|प्रत्यक्ष|विराजमान,0.3372093023255814,0.34523809523809523
,data/oldNepali_fullset/oldNepali/images/CA__The Cambridge Manuscript_Page_010/eSc_line_b66a90a7.png,रीलाईदर्वारभित्रराषदाभया.ताहापछि २/४ दिनभयापछि १ रात.त्योराक्षीले.राजकुलमारहन्या.सवैलाईदेहदी,रीलाईदर्वारभित्रराषदाभया.ताहापछि२।४दिनभयापछि१रात.त्योराक्षीले.राजकुलमारहन्या.सवैलाईदेहदी,0.0543478243052959,दर्वार|रहन्या,दर्वार|रहन्या,दरबार|रहनु,दरबार|रहनु,2,2,0.1304347826086956,0.1363636363636363,-0.0059288537549407,0,0,,,,,राजकुल,राजकुल,0.06521739130434782,0.06818181818181818
,data/oldNepali_fullset/oldNepali_100/images/DNA 4_00000201/eSc_line_55b1adc4.png,काचरणकामेहेर्लेहुन्याछआ,काचरणकामेहेर्लेहुन्याछआ,0.0,चरण,चरण,चरण,चरण,1,1,0.1304347826086956,0.1304347826086956,0.0,0,0,,,,,,,0.0,0.0
,data/oldNepali_fullset/oldNepali/images/DNA_0001_0367/eSc_line_5c9f9ac1.png,अमीन्‌लाइअभिन्तरवुझ्नभनिलाञाथ्याँउन्‌लेकुराकाप्रसंगमासोधपुछ,अमीन्‌लाइ अभिन्तरवुझ्नभनिलाञाथ्याँ उन्‌लेकुराकाप्रसंगमासोधपुछ,0.0338983051478862,,,,,0,0,0.0,0.0,0.0,0,0,,,,,सोधपुछ,सोधपुछ,0.1016949152542373,0.09836065573770492
,data/oldNepali_fullset/oldNepali/images/DNA_2_00000394_result/eSc_line_a032d4ab.png,ल्लत्‌र.राजगीकोषेताव.येतावाटगै.वनारस्मा.अगस्त्यस्‌,ल्लत्‌र.राजगीकोषेताव.ये़तावाटगै.वनारस्मा.अगस्त्यस्‌,0.0199999995529651,,,,,0,0,0.0,0.0,0.0,0,0,,,,,राजगी|अगस्त्य,राजगी|अगस्त्य,0.24,0.23529411764705882
,data/oldNepali_fullset/oldNepali/images/DNA_0003_0551/eSc_line_672f12f9.png,रोज४समत१९०४ शुभः,रोज४समत१९०४शुभः,0.0625,,,,,0,0,0.0,0.0,0.0,0,0,,,,,,,0.0,0.0
,data/oldNepali_fullset/oldNepali_100/images/DNA 1_00000054/eSc_line_726a8023.png,लेषि.अर्काहुलाक्‌माचह्राईपठाउन्याकाम्‌गरुला.औ.सुवेदारजसिवंतकँव,लेषि.अर्काहुलाक्‌माचर्‍हाईपठाउन्याकाम्‌गरुला.औ.सुवेदारजसिवंतकँव,0.0483870953321456,चह्राई|पठाउन्या|गरुला|सुवेदार|जसिवंत,पठाउन्या|गरुला|सुवेदार|जसिवंत,चड़ाइ|पठाउनु|गर्नु|सुबेदार|जसिवंत,पठाउनु|गर्नु|सुबेदार|जसिवंत,5,4,0.5161290322580645,0.4126984126984127,0.1034306195596518,1,0,चड़ाइ,,चह्राई,,,,0.0,0.0
,data/oldNepali_fullset/oldNepali_100/images/DNA 3_00000540/eSc_line_80ab9168.png,रमाक्याकुराविंतिगरीपठायाभन्या.जरूरीमुद्दाको.अंगरेजी,इमाक्याकराविंतिगरीपठायाभन्या.जरूरीमुद्दाको.श्रंगरेजी,0.0980392172932624,पठाया|जरूरी|अंगरेजी,पठाया|जरूरी,पठाउनु|जरुरि|अङ्ग्रेजि,पठाउनु|जरुरि,3,2,0.3333333333333333,0.1923076923076923,0.141025641025641,1,0,अङ्ग्रेजि,,अंगरेजी,,,,0.0,0.0
,data/oldNepali_fullset/oldNepali/images/CA__The Cambridge Manuscript_Page_021/eSc_line_8d9f821f.png,तपगरिरह्याकोथिया.तेस्तावेलामा.तिदानासुरदैत्यलेपानिथुनिदियोर.फेरतलाउभैग,तपगरिरह्याकोथिया.तेस्तावेलामा.तिदानासुरदैत्यलेपानिथुनिदियोर.फेरतलाउभैग,0.0,पगरि|रह्याको,पगरि|रह्याको,पगरि|रहनु,पगरि|रहनु,2,2,0.1571428571428571,0.1571428571428571,0.0,0,0,,,,,नासुर|तलाउ,नासुर|तलाउ,0.12857142857142856,0.12857142857142856
,data/oldNepali_fullset/oldNepali/images/DNA_0013_0472/eSc_line_bd39e1c3.png,रनुहव़स्.हामिलाईआसिरवादवक्सदैरहनुहव़स्.योविर्तावक्सदासंकल्पवाक्यपह्र्न्यायदुनाथपुरोहित.पा,रनुहवस्‌.हामिलाई.आसिरवादवक्सदैरहनुहवस्‌योविर्तावक्सदासंकल्पवाक्यपूर्यदुनाथपुरोहिकपा,0.1460674107074737,वक्सदै|रहनु|संकल्प|पुरोहित,वक्सदै|रहनु|संकल्प,बक्सनु|रहनु|सङ्कल्प|पुरोहित,बक्सनु|रहनु|सङ्कल्प,4,3,0.2584269662921348,0.1927710843373494,0.0656558819547854,1,0,पुरोहित,,पुरोहित,,आसिर,आसिर,0.0449438202247191,0.04819277108433735
,data/oldNepali_fullset/oldNepali_100/images/DNA 2_00000264_result/eSc_line_8cf2b037.png,हजुरमोतारिफहोताहैउपाध्याजिनेभिउसिमोताविक्‌चरणका,हजुरमोतारिफहोताहैउपाध्याजिनेभिउसिमोताविक्‌चरणका,0.0,हजुर|तारिफ|उपाध्या|चरण,हजुर|तारिफ|उपाध्या|चरण,हजुर|ताड़िफ|उपाध्या|चरण,हजुर|ताड़िफ|उपाध्या|चरण,4,4,0.4042553191489361,0.4042553191489361,0.0,0,0,,,,,,,0.0,0.0
,data/oldNepali_fullset/oldNepali_100/images/12/eSc_line_ecd1f49c.png,लाकाहातवाटवंगालाजीत्यापात्रोवनाउन्याहिक्‌मत्‌इनै,लाकाहातवाटवंगालाजील्यापात्रोवनाउन्याहिक्‌मत्‌इनै,0.020833333954215,वंगाला|वनाउन्या,वंगाला|वनाउन्या,बङ्गाल|बनाउनु,बङ्गाल|बनाउनु,2,2,0.2916666666666667,0.2916666666666667,0.0,0,0,,,,,,,0.0,0.0
,data/oldNepali_fullset/oldNepali_100/images/2/eSc_line_debf7e6b.png,पहिलाव़लीयम्‌काछोरीकाछोरा.इष्ट्युन्‌ले.जवर्दस्तिसँग,पहिलाव़लीयम्‌काछोरीकाछोरा.इष्युन्‌ले.जवर्दस्तिसँग,0.039215687662363,पहिला,पहिला,पैलो,पैलो,1,1,0.0980392156862745,0.1020408163265306,-0.0040016006402561,0,0,,,,,,,0.0,0.0
,data/oldNepali_fullset/oldNepali/images/CA__The Cambridge Manuscript_Page_005/eSc_line_4b28cc96.png,वाकिछदाभनि.भंछन्॥ ॥परंतु.इनिविष्णुर.व्रह्मा.दुव़ैले.शिवजीका.ज्योतीको.अंतपायेनर.इनिदुव़ै,वाकिछदाभनि.मंछन्॥ ॥परंतु.इनिविष्णुर.व्रह्मा.दुवैले.शिवजीका.ज्योतीको.अंतपायेनर.इनिदुव़ै,0.0229885056614875,,,,,0,0,0.0,0.0,0.0,0,0,,,,,शिवजी,शिवजी,0.05747126436781609,0.05813953488372093
,data/oldNepali_fullset/oldNepali_100/images/DNA 1_00000054/eSc_line_f1ce245b.png,ष्‌न्यामानिस्‌हरूर.सुन्दरीप्रसादैजस्तोरहेछभन्छन्.मेराचित्तमापनि.सुन्दरिप्रसा,ष्‌न्यामानिस्‌हरूर.सुन्दरीप्रसादैजस्तोरहेछभन्छन्.मेराचित्तमापनि.सुन्दरिप्रसा,0.0,सुन्दरीप्रसादै|रहेछ|भन्छन्,सुन्दरीप्रसादै|रहेछ|भन्छन्,सुन्दरीप्रसाद|रहनु|भन्नु,सुन्दरीप्रसाद|रहनु|भन्नु,3,3,0.3157894736842105,0.3157894736842105,0.0,0,0,,,,,,,0.0,0.0
,data/oldNepali_fullset/oldNepali_100/images/DNA 2_00000395_result/eSc_line_b149c16f.png,फिर्‍यापछि.वाटमाभेटनँगरी.ये़तैआय़ीहुगलीका१०।८कोस,फिर्यापछि.वाटमाभेटनँगरी.ये़तैआय़ीहुगलीका१०।८कोस,0.020833333954215,,,,,0,0,0.0,0.0,0.0,0,0,,,,,,,0.0,0.0
,data/oldNepali_fullset/oldNepali_100/images/14/eSc_line_7bf335d6.png,शीशालाइगर्मीगराउछन्.कपडाभन्यापश्मीनैलाउछन्,शीशालाइगर्मीगराउछन्.कपडाभन्यापश्मीनैलाउछन्,0.0,गराउछन्|कपडा|पश्मीनै|लाउछन्,गराउछन्|कपडा|पश्मीनै|लाउछन्,गराउनु|कपड़ा|पशमीन|लाउनु,गराउनु|कपड़ा|पशमीन|लाउनु,4,4,0.5714285714285714,0.5714285714285714,0.0,0,0,,,,,,,0.0,0.0
,data/oldNepali_fullset/oldNepali_100/images/DNA 1_00000609/eSc_line_ce4453e3.png,तिगर्‍याँ.सर्अप्सर्माफमेहेरचाहिन्छशुभम्,तिगर्याँ.सर्अप्सर्मोक्‌कोमेहेरचाहिन्छशुभम्‌,0.2051282078027725,मेहेर|शुभम्,मेहेर,मेहेर|शुभम्,मेहेर,2,1,0.2564102564102564,0.1162790697674418,0.1401311866428145,1,0,शुभम्,,शुभम्,,,,0.0,0.0
,data/oldNepali_fullset/oldNepali_100/images/CA__The Cambridge Manuscript_Page_034/eSc_line_4901b95f.png,३४,३४,0.0,,,,,0,0,0.0,0.0,0.0,0,0,,,,,,,0.0,0.0
,data/oldNepali_fullset/oldNepali_100/images/CA__The Cambridge Manuscript_Page_039/eSc_line_9da8b745.png,छोपीवस्यार.थुम्‌कोसिद्धभैगयोर.जंवूकदोभनिनाउभयो॥ ॥३९इन्कापुत्रपटुकराजा,छोपीवस्यार.थुम्‌कोसिद्धभैगयोर.जंकूकदोभनिनाउभयो॥ ॥३९इन्कापुत्रपदुकराजा,0.0289855077862739,,,,,0,0,0.0,0.0,0.0,0,0,,,,,,,0.0,0.0
,data/oldNepali_fullset/oldNepali/images/12/eSc_line_80a69dad.png,आफ्नादर्वारमास्थापनागरी.अग्रमाचैत्यप्रतिष्ठागरी.अहोरात्रव्रतगरी.आफ्नुपरियारसवैउद्धारभैगया.तस् दिनदे,आफ्नादर्वारमास्थापनागरी.अग्रमाचैत्यष्ठागरी.अहोरात्रव्रतगरी.आफुपरियारसवैउद्धारभैगया.तस्‌दिनदे,0.0808080807328224,दर्वार|उद्धार,दर्वार|उद्धार,दरबार|उद्धार,दरबार|उद्धार,2,2,0.1212121212121212,0.1304347826086956,-0.0092226613965744,0,0,,,,,स्थापना|प्रतिष्ठा|अहोरात्र|परियार,स्थापना|अहोरात्र|परियार,0.30303030303030304,0.22826086956521738
,data/oldNepali_fullset/oldNepali_100/images/DNA 2_00000115_result/eSc_line_32a99885.png,पायासुन्याकोषैषवरविंतिगरिपठायाकोचिठिलेमालुम्‌‌हुदोहो.ञाँहाँ,पायासुन्याकोषैषवरविंतिगरिपठायाकोचिठिलेमालुम्‌‌हुदोहो.ञाँहाँ,0.0,सुन्याको|षैषवर|पठायाको,सुन्याको|षैषवर|पठायाको,सुन्नु|खैखबर|पठाउनु,सुन्नु|खैखबर|पठाउनु,3,3,0.3389830508474576,0.3389830508474576,0.0,0,0,,,,,,,0.0,0.0
,data/oldNepali_fullset/oldNepali/images/DNA_2_00000030_result/eSc_line_85ee1c09.png,जादर्सन्‌सिंकोमाम्‌मलापनिविग्रन्या.अरुअरुमिरउमराव़हरुलाइप,जादर्सन्‌सिंकीमाम्‌लापनिविग्रन्या.अरूअरुमिरउमराव़हरूलाइ५,0.0877192988991737,विग्रन्या|उमरा,विग्रन्या|उमरा,बिग्रनु|उमराउ,बिग्रनु|उमराउ,2,2,0.2280701754385964,0.2321428571428571,-0.0040726817042606,0,0,,,,,,,0.0,0.0
,data/oldNepali_fullset/oldNepali/images/DNA_0014_0135/eSc_line_ec5ec167.png,ऊनुऔविराव़माफिककाषतमादंडसासनागर्नुजियनमासनु.भ,ऊनुऔविराव़माफिककायतमाडंडसासनागर्नुजियनमासनु.भ,0.0444444455206394,माफिक|सासना,माफिक|सासना,माफिक|शासना,माफिक|शासना,2,2,0.2222222222222222,0.2222222222222222,0.0,0,0,,,,,,,0.0,0.0
,data/oldNepali_fullset/oldNepali/images/DNA_14_00000283/eSc_line_e17855a3.png,श्रीदुर्ग्गा\,श्रीदुर्ग्गा\,0.0,,,,,0,0,0.0,0.0,0.0,0,0,,,,,,,0.0,0.0
,data/oldNepali_fullset/oldNepali/images/DNA_1_00000285/eSc_line_ed27ee23.png,इत्तिलोहकेअरज़रषताहूँ।औरअरज़रषताहूँ,इत्तिलाहकेअरज़रषताहूँ।औरअरज़रषताहूं,0.0571428574621677,,,,,0,0,0.0,0.0,0.0,0,0,,,,,,,0.0,0.0
,data/oldNepali_fullset/oldNepali_100/images/DNA 4_00000551/eSc_line_b50cfd85.png,ताहाँपाव़कुसल‌आनन्दमंगलचरणारधीरहुनुभयाहाम्रोसववातकोप्रतिपाल‌उद्धार,ताहाँयाव़कुसलआनच्दमंगलचरणरधीरहनुभयाहाम्रोसववातकोप्रतिपालउद्धार,0.0909090936183929,आनन्द|मंगल|उद्धार,कुसल|मंगल|चरण|रहनु|प्रतिपाल|उद्धार,आनन्द|मङ्गल|उद्धार,कुशल|मङ्गल|चरण|रहनु|प्रतिपाल|उद्धार,3,6,0.2272727272727272,0.4677419354838709,-0.2404692082111436,1,4,आनन्द,कुशल|चरण|प्रतिपाल|रहनु,आनन्द,कुसल|चरण|प्रतिपाल|रहनु,,,0.0,0.0
,data/oldNepali_fullset/oldNepali_100/images/E3345_00000300/eSc_line_e59912d1.png,हरूलेपनिपाउन्याहौंभनितिमिहरूलेहाम्राहजुरमाविन्तिपार्दाजाहेरभयो.अवप्रान्ततिमि,हरूलेपनिपाउन्याहौँभवितिमिहरूलेहाम्राहजुरमाविन्तिपार्दाजाहेरभयो.अवप्रान्ततिमि,0.0263157896697521,पाउन्या|तिमिहरू|हजुर|जाहेर|अवप्रान्त,पाउन्या|तिमिहरू|हजुर|जाहेर|अवप्रान्त,पाउनु|तिमी|हजुर|जाहेर|अबप्रान्त,पाउनु|तिमी|हजुर|जाहेर|अबप्रान्त,5,5,0.4210526315789473,0.4210526315789473,0.0,0,0,,,,,,,0.0,0.0
,data/oldNepali_fullset/oldNepali_100/images/CA__The Cambridge Manuscript_Page_031/eSc_line_ee3eabb9.png,गणेश.मणिमहाकाल.मनोहरा.एतिप्रत्यक्ष.प्रसिद्धनामभैगयाकाहुन्.यस्तोउत्तमजग्गामा.वश्न,गणेश.मणिमहाकाल.मनोहरा.एतिप्रत्यक्ष.प्रसिद्धनामभैगयाकाहुन.यस्तोउत्तमजग्गामा.वस्,0.0375000014901161,प्रसिद्ध|गयाका,प्रसिद्ध|गयाका,प्रसिद्ध|जानु,प्रसिद्ध|जानु,2,2,0.1625,0.1666666666666666,-0.0041666666666666,0,0,,,,,गणेश|महाकाल|मनोहरा|प्रत्यक्ष|उत्तम,गणेश|महाकाल|मनोहरा|प्रत्यक्ष|उत्तम,0.375,0.38461538461538464
,data/oldNepali_fullset/oldNepali_100/images/DNA 2_00000110_result/eSc_line_2276d718.png,विस्तारउनैकाअर्जिवाटजाहेरहोला.मलाईलेष्याकाचिठिकोनकलपनिचर्‍हाइपठायाको,विस्तारउनैकाअर्जिवाटजाहेरहोला.मलाईलेष्याकाचिठिकोनकलपनिचर्‍हाइपठायाको,0.0,विस्तार|जाहेर|लेष्याका|नकल|पठायाको,विस्तार|जाहेर|लेष्याका|नकल|पठायाको,बिस्तार|जाहेर|लेख्नु|नकल|पठाउनु,बिस्तार|जाहेर|लेख्नु|नकल|पठाउनु,5,5,0.4411764705882353,0.4411764705882353,0.0,0,0,,,,,मलाई,मलाई,0.058823529411764705,0.058823529411764705
,data/oldNepali_fullset/oldNepali/images/DNA_2_00000095_result/eSc_line_2f2f73d9.png,रिफ्‌गर्छन्‌नैपाल्‌जान्छौंभन्यारहामिले,र्‌क्‌गर्छनैपाल्‌जान्छौंभन्यारहाकिले,0.1842105239629745,,,,,0,0,0.0,0.0,0.0,0,0,,,,,,,0.0,0.0
,data/oldNepali_fullset/oldNepali/images/CA__The Cambridge Manuscript_Page_009/eSc_line_fa0e686a.png,डोधर्म्मात्माथियो १ दिन् ५ सयवनीयासाथली.उत्तरापंथमासिंहलद्वीपमावेपारगर्नगयोर.वाटमा १ सुन् का,डोधर्म्मात्माथियो १ दिन् ५ सयवनीयासाथली.उत्तरापंथमासिहलद्वीपमावेपारगर्नगयोर.वाटमा १ सुन् का,0.0108695654198527,उत्तरा|वेपार,उत्तरा|वेपार,उत्तरा|व्यापार,उत्तरा|व्यापार,2,2,0.1195652173913043,0.1208791208791208,-0.0013139034878165,0,0,,,,,सिंहल,,0.05434782608695652,0.0
,data/oldNepali_fullset/oldNepali_100/images/DNA 1_00000671/eSc_line_0e0dbcfc.png,पुरानाप्रजाप्रानीकोय़ोजहजातहुदा:जाउरवीन्तीगरीसरनपरी:,पुरानाय्रजाप्रानीकोय़ोजदजातहुदा:जाउरवीन्तीगरीसरनपरी:,0.0384615398943424,,,,,0,0,0.0,0.0,0.0,0,0,,,,,पुराना|सरन,पुराना|सरन,0.17307692307692307,0.17307692307692307
,data/oldNepali_fullset/oldNepali_100/images/3/eSc_line_7dfdb842.png,लाइछोड्छुभन्दा.इन्‌लेयोषवर.आँफ्नाशहर्मापठाया,लाइछोडछुभन्दा.इन्‌लेयोषवर.आफ्नाशहर्मागठाया,0.0681818202137947,षवर|पठाया,षवर,खबर|पठाउनु,खबर,2,1,0.1818181818181818,0.0714285714285714,0.1103896103896104,1,0,पठाउनु,,पठाया,,,,0.0,0.0
,data/oldNepali_fullset/oldNepali_100/images/DNA 3_00000158/eSc_line_b3827997.png,जाहै।सोसर्कारमेपहोँचताहै।सं१८९३द्वि.आषाढवदी१०,जाहैसोसर्कारमेपहोँचतांहै।सं१८९३दि०आषाढव्‌दी२,0.2000000029802322,सर्कार|आषाढ,सर्कार|आषाढ,सर्कार|आषाढ़,सर्कार|आषाढ़,2,2,0.2222222222222222,0.2272727272727272,-0.005050505050505,0,0,,,,,,,0.0,0.0
,data/oldNepali_fullset/oldNepali/images/DNA_0003_0551/eSc_line_71a89885.png,हरतशरीफनलेजायँगेऔरइनदिनौँमैख़र्चवगैरनिहायतदि,हरतशरीफनलेजायंगेऔरइनदिनौंमैखर्चवगेरनिहायतदि,0.0909090936183929,,,,,0,0,0.0,0.0,0.0,0,0,,,,,,,0.0,0.0
,data/oldNepali_fullset/oldNepali_100/images/DNA 4_00000551/eSc_line_bd95867d.png,दुषहुनजाँछतस्‌अर्थचारवर्णछत्तिसैजात्‌माडाँकारचोरिकाकुरामासावीत्,दुषहुनजाँछतस्‌अर्थचारवर्णछत्तिसैजात्‌माडाँकारचोरिकाकुरामासावीत्,0.0,छत्तिसै,छत्तिसै,छत्तिस,छत्तिस,1,1,0.1111111111111111,0.1111111111111111,0.0,0,0,,,,,चारवर्ण,चारवर्ण,0.1111111111111111,0.1111111111111111
,data/oldNepali_fullset/oldNepali_100/images/DNA 2_00000051_result/eSc_line_e1c9b113.png,लाकिल्लाभित्रपसिफयेरवोलेछभरतपुरलेपनिफयेरवोलि,लाकिल्लाभित्रपसिफयेरवोलेछभरतपुरलेपनिफयेरवोलि,0.0,फयेर|वोलेछ|भरतपुर|फयेर,फयेर|वोलेछ|भरतपुर|फयेर,फएर|बोल्नु|भरतपुर|फएर,फएर|बोल्नु|भरतपुर|फएर,4,4,0.4318181818181818,0.4318181818181818,0.0,0,0,,,,,,,0.0,0.0
,data/oldNepali_fullset/oldNepali_100/images/DNA 4_00000506/eSc_line_bfac0b4b.png,तीवाँदछुटी.पानीसवमोगलानातर्फगयोधेरैषर्चलगाईपक्कावादगराउनलाई.दुनीञाँहरुको,तीवाँदुटी.पानीसवमोगलानातर्फगयोधेरैषर्चलगाईपक्कावादगराउनलाई.दुनीञाँहरूको,0.0277777779847383,लगाई,लगाई,लगाउनु,लगाउनु,1,1,0.0555555555555555,0.056338028169014,-0.0007824726134585,0,0,,,,,,,0.0,0.0
,data/oldNepali_fullset/oldNepali/images/DNA_1_00000285/eSc_line_98a1ddda.png,आयाथा।सोहज़ूरकेचरणोमेअरज़कियाग,आयाथा।सोहजूरकेचरणोमेअरज़कियाग,0.0333333350718021,,हजूर,,हजुर,0,1,0.0,0.1379310344827586,-0.1379310344827586,0,1,,हजुर,,हजूर,,,0.0,0.0
,data/oldNepali_fullset/oldNepali/images/DNA_0003_0551/eSc_line_d19e2751.png,छावनीमेँनजानेपावेँअगरजातेदेखोफौरनउनकोगिरफ्तारकरोज,मेँनजानेपावेँअगरजातेदेखोफौरन‌उनकोगिरस्तारकरोज,0.1428571492433548,,,,,0,0,0.0,0.0,0.0,0,0,,,,,छावनी|नजाने|अगर|गिरफ्तार,नजाने|अगर,0.42857142857142855,0.17777777777777778
,data/oldNepali_fullset/oldNepali_100/images/DNA 4_00000048/eSc_line_1ccf156e.png,नं,३,1.0,,,,,0,0,0.0,0.0,0.0,0,0,,,,,,,0.0,0.0
,data/oldNepali_fullset/oldNepali/images/16/eSc_line_51315b16.png,समर्थभै.मालाछाडीगयोर.एकाठाउमाएकजनापुरूषले.सुईकारासराषी.१/१सुईली.सुईले.केरीरूषढालनु,समर्थभै.मालाछाडीगयोर.एकाठाउमाएकजनापुरूषले.सुईकारासराषी११सुईली.सुईले.केरीरुषढालनु,0.0365853644907474,,,,,0,0,0.0,0.0,0.0,0,0,,,,,समर्थ,समर्थ,0.06097560975609756,0.0625
,data/oldNepali_fullset/oldNepali/images/CA__The Cambridge Manuscript_Page_010/eSc_line_6f8149fa.png,ताहापछि.प्रजादुनियाहरूसवैमिलि.त्योसिंहलसार्थवाहलाईराजाथाप्या.तस्पछि.केहीकालसम्मरजाईगरीस,ताहापछि.प्रजादुनियाहरूसवैमिलि.त्योसिंहलसार्थवाहलाईराजाथाप्या.तस् पछि.केहीकालसम्मरजाईगरीस,0.0114942528307437,,,,,0,0,0.0,0.0,0.0,0,0,,,,,दुनिया|सिंहल|सार्थवाह|रजाई,दुनिया|सिंहल|सार्थवाह|रजाई,0.26436781609195403,0.26136363636363635
,data/oldNepali_fullset/oldNepali_100/images/CA__The Cambridge Manuscript_Page_025/eSc_line_c7c9393f.png,२५,२५,0.0,,,,,0,0,0.0,0.0,0.0,0,0,,,,,,,0.0,0.0
,data/oldNepali_fullset/oldNepali/images/DNA_1_00000404/eSc_line_6aaf0361.png,मचित्‌पुरशुभम्,मनिन्‌पुर्‌शुभम्,0.2857142984867096,शुभम्,शुभम्,शुभम्,शुभम्,1,1,0.3571428571428571,0.3125,0.0446428571428571,0,0,,,,,,,0.0,0.0
,data/oldNepali_fullset/oldNepali_100/images/CA__The Cambridge Manuscript_Page_024/eSc_line_5edd8b1a.png,शत्३२लक्षणयुक्तनरवलिंधारोपरिदद्यात्‌धारावन्धनप्रकाशोजायते॥राजाइतिवाक्यश्रुतं॥,शत्३२लक्षणयुक्तनरवलिधारोपरिदयात्‌धारावन्धनप्रकाशोजायते॥राजाइतिवाक्यश्रतं॥,0.0519480518996715,लक्षण,लक्षण,लक्षण,लक्षण,1,1,0.0649350649350649,0.0684931506849315,-0.0035580857498665,0,0,,,,,,,0.0,0.0
,data/oldNepali_fullset/oldNepali/images/DNA_2_00000327_result/eSc_line_739e5894.png,उपाध्यायस्यशुभाशीर्वादपूर्वकंपत्रंकृपालेञाहाआनन्दछताँहाँकोआनन्दमंगलसर्वदाचाहियेआ,उपाध्यापस्यशुभाएर्वादपूर्वकंपत्रकृपालेञाहाआनन्दछुताँहाँकोआनन्दमंगलसर्वदाचाहिपोआ,0.0874999985098838,उपाध्या|आनन्द|आनन्द|मंगल|सर्वदा,उपाध्या|आनन्द|आनन्द|मंगल|सर्वदा,उपाध्या|आनन्द|आनन्द|मङ्गल|सर्वदा,उपाध्या|आनन्द|आनन्द|मङ्गल|सर्वदा,5,5,0.3375,0.3417721518987341,-0.0042721518987341,0,0,,,,,शुभाशीर्वाद,,0.1375,0.0
,data/oldNepali_fullset/oldNepali/images/DNA_2_00000095_result/eSc_line_b465f25c.png,पनिसल्लाहदिञौ.ईन्‌लाईनैपाल्‌पुग्न्या,पनिसल्लाहदिऔ:ईन्‌लाईनैपाल्‌पुग्न्या,0.0833333358168602,सल्लाह,सल्लाह,सल्लाह,सल्लाह,1,1,0.1666666666666666,0.1714285714285714,-0.0047619047619047,0,0,,,,,,,0.0,0.0
,data/oldNepali_fullset/oldNepali_100/images/DNA 3_00000158/eSc_line_9f2cede3.png,गरीबपर्वरमेरे।सबबइसकायेहै।बन्दाअपनेछोटेभा,गरीबपर्वरमेरे।सबबइसकायेहै।बन्दाअपनेछोटेमा,0.0243902429938316,,,,,0,0,0.0,0.0,0.0,0,0,,,,,गरीब|बइस,गरीब|बइस,0.17073170731707318,0.17073170731707318
,data/oldNepali_fullset/oldNepali_100/images/DNA 2_00000394_result/eSc_line_4b20a863.png,गौर्नरसाहवकानाम्‌मा.पठाय़ाकोरहेछ.दाषीलहुँदा.वदरी,गौर्नरसाहवकानाम्‌मा.पठायाकोरहेछ.दाषीलहुँदा.वदरी,0.020833333954215,साहव|रहेछ|दाषील,साहव|पठायाको|रहेछ|दाषील,साहेब|रहनु|दाखिल,साहेब|पठाउनु|रहनु|दाखिल,3,4,0.2708333333333333,0.425531914893617,-0.1546985815602837,0,1,,पठाउनु,,पठायाको,,,0.0,0.0
,data/oldNepali_fullset/oldNepali/images/DNA_2_00000110_result/eSc_line_fb91a361.png,व़रमार्फत्‌पठाञाँथ्युं.ढेरञहांपनिनहुदा.थोरैगयो.काजिरेव़न्तकव़रलाइपनिरात,व़रमार्फत्‌पठाञाँथ्युं.ढेरञहांपनिनहुदा.थोरैगयो.काजिरेव़न्तकव़रलाइपनिरात,0.0,,,,,0,0,0.0,0.0,0.0,0,0,,,,,,,0.0,0.0
,data/oldNepali_fullset/oldNepali_100/images/CA__The Cambridge Manuscript_Page_029/eSc_line_39cec71d.png,लामासिंहासनआकाशमार्गलेउडिजाईस्वस्थानमाप्राप्तहुंदोभयोकेहीकालपछि.ईराजागुमानीहुनाले,लामासिंहासुनआकाशमार्गलेउडिजाईस्वस्थानमाप्राफस्तदोभयोकेहीकालपछिईराजागुमानीहुनाले,0.086419753730297,,,,,0,0,0.0,0.0,0.0,0,0,,,,,सिंहासन|आकाशमार्ग|स्वस्थान,आकाशमार्ग|स्वस्थान,0.2962962962962963,0.21518987341772153
,data/oldNepali_fullset/oldNepali_100/images/DNA 2_00000030_result/eSc_line_85ee1c09.png,जादर्सन्‌सिंकोमाम्‌मलापनिविग्रन्या.अरुअरुमिरउमराव़हरुलाइप,जादर्सन्‌सिंकीमाम्‌लापनिविग्रन्या.अरूअरुमिरउमराव़हरूलाइ५,0.0877192988991737,विग्रन्या|उमरा,विग्रन्या|उमरा,बिग्रनु|उमराउ,बिग्रनु|उमराउ,2,2,0.2280701754385964,0.2321428571428571,-0.0040726817042606,0,0,,,,,,,0.0,0.0
,data/oldNepali_fullset/oldNepali_100/images/CA__The Cambridge Manuscript_Page_039/eSc_line_57889740.png,ष्ठागरी.आफुभिक्षुनीभै.उद्धारभैगया.ताहापछिदेवपालराजा.वडोशोकमानी.आफुलेवनायाकाविहारपनि,ष्ठागरी.आफुभिक्षुनीभै.उद्धारभैगया.ताहापछिदेवपालराजा.वडोशोकमानी.आफुलेवनायाकाविहारपनि,0.0,उद्धार|कमानी,उद्धार|कमानी,उद्धार|कमानि,उद्धार|कमानि,2,2,0.1325301204819277,0.1325301204819277,0.0,0,0,,,,,विहार,विहार,0.060240963855421686,0.060240963855421686
,data/oldNepali_fullset/oldNepali/images/DNA_2_00000110_result/eSc_line_2276d718.png,विस्तारउनैकाअर्जिवाटजाहेरहोला.मलाईलेष्याकाचिठिकोनकलपनिचर्‍हाइपठायाको,विस्तारउनैकाअर्जिवाटजाहेरहोला.मलाईलेष्याकाचिठिकोनकलपनिचर्‍हाइपठायाको,0.0,विस्तार|जाहेर|लेष्याका|नकल|पठायाको,विस्तार|जाहेर|लेष्याका|नकल|पठायाको,बिस्तार|जाहेर|लेख्नु|नकल|पठाउनु,बिस्तार|जाहेर|लेख्नु|नकल|पठाउनु,5,5,0.4411764705882353,0.4411764705882353,0.0,0,0,,,,,मलाई,मलाई,0.058823529411764705,0.058823529411764705
,data/oldNepali_fullset/oldNepali/images/CA__The Cambridge Manuscript_Page_008/eSc_line_453a20dd.png,क्षादी.यथाविधि.मंत्रदीक्षादीद्वादशाक्षरकाअर्थवताई.आफ्नाविहारमापठाया.आफूजोमंजुश्री,क्षादी.यथाविधि.मंत्रदाक्षादीद्वादशाक्षरकाअर्थवताई.आफ्नाविहारमापठाया.आफुजोमंजुश्री,0.0246913582086563,पठाया,पठाया,पठाउनु,पठाउनु,1,1,0.0617283950617283,0.0617283950617283,0.0,0,0,,,,,यथाविधि|द्वादशाक्षर|विहार,यथाविधि|द्वादशाक्षर|विहार,0.2839506172839506,0.2839506172839506
,data/oldNepali_fullset/oldNepali_100/images/CA__The Cambridge Manuscript_Page_040/eSc_line_8076f072.png,याकाअशोकराजासंगआयाकादेवपालनामराजवंशीक्षेत्रीले.आफूवसनाकनसानु१देवपत्तनना,याकाअशोकराजासंगआयाकादिवपालनामराजवंशीक्षेत्तीले.आफुवसनाकनसानु १ देवपत्तनना,0.0704225376248359,आयाका|पालना,आयाका|पालना,आउनु|पालना,आउनु|पालना,2,2,0.1408450704225352,0.136986301369863,0.0038587690526722,0,0,,,,,अशोक|राजवंशी|वसना|देवपत्तन,अशोक|राजवंशी|वसना|देवपत्तन,0.323943661971831,0.3150684931506849
,data/oldNepali_fullset/oldNepali/images/DNA_0013_0427/eSc_line_f4586e8f.png,स्वस्तिश्रीगिरिराजचक्रचूडामणिनरनारायणेत्यादि,स्वस्तिश्रीगिरिराजचक्रचूडामणिनरनारायणेत्यादि,0.0,,,,,0,0,0.0,0.0,0.0,0,0,,,,,स्वस्तिश्री|गिरिराज|चूडामणि,स्वस्तिश्री|गिरिराज|चूडामणि,0.5681818181818182,0.5681818181818182
,data/oldNepali_fullset/oldNepali_100/images/DNA 3_00000158/eSc_line_37403abe.png,॥स्वस्तिश्रीसर्वोपमानोपमेयशौर्योदार्यादिसकलसद्गुण,॥स्वस्तिश्रीसर्वोपमानोपमेयशौर्योदार्यादिसकलसद्‍गुण,0.0204081628471612,,,,,0,0,0.0,0.0,0.0,0,0,,,,,स्वस्तिश्री|सकल|सद्गुण,स्वस्तिश्री|सकल,0.40816326530612246,0.28
,data/oldNepali_fullset/oldNepali/images/DNA_0014_0296/eSc_line_7e2194e4.png,सहरि.थामि.हायु.सुनुव़ार.चेपांग.एतिजातका.घरहिएक्‌एक्,सहरि.थामि.हायु.सुनुव़ार.चेवांग.एतिजातका.घरहिएकएक्‌एक,0.0784313753247261,चेपांग|घरहि,चेवांग|घरहि,चेपाङ्|घर,चेपाङ्|घर,2,2,0.196078431372549,0.1923076923076923,0.0037707390648566,1,1,,,चेपांग,चेवांग,,,0.0,0.0
,data/oldNepali_fullset/oldNepali/images/DNA_0013_0382/eSc_line_69718c9a.png,अरूझारावैकरवेठवेगारमाफ‌औहुलाककोकाजकाये़मरहंज्याल,अरूझारावैकरवेटवेगारमाफऔहुलाककोकाजकायेमरहंज्याल,0.0625,वेगार|हुलाक,वेगार|हुलाक,बेगार|हुलाक,बेगार|हुलाक,2,2,0.2083333333333333,0.217391304347826,-0.0090579710144927,0,0,,,,,,,0.0,0.0
,data/oldNepali_fullset/oldNepali_100/images/E3345_00000314/eSc_line_462bbdcb.png,गीहौंदसलीम्वुव़ान्‌लेनगरापायाहामिहरूलेपनीनगरापाउन्याहुं,नीहौंदसलीस्वुव़ान्‌लेनगरापायाहामिहरूलेपनीनगरापाउन्याहुं,0.036363635212183,नगरा|हामिहरू|नगरा|पाउन्या,नगरा|हामिहरू|नगरा|पाउन्या,नगरा|हामी|नगरा|पाउनु,नगरा|हामी|नगरा|पाउनु,4,4,0.4,0.4,0.0,0,0,,,,,,,0.0,0.0
,data/oldNepali_fullset/oldNepali/images/DNA_0014_0296 zuschn/eSc_line_996ee0ca.png,आगे. जिके.हाम्रोमुलुक्‌भरिकोजोगिकोमंडलाइचर्‍‍हाँ,आगे. जिके.हाम्रोमुलुक्‌भरिकोजोगिकोमंडलाइचर्‍‍हाँ,0.0,मंडलाइ,मंडलाइ,मण्डलाइ,मण्डलाइ,1,1,0.125,0.125,0.0,0,0,,,,,,,0.0,0.0
,data/oldNepali_fullset/oldNepali_100/images/9/eSc_line_ca5c8dc5.png,माजहाजीतोप्‌तयारभया॥ ॥इन्काछोराआठौँहनरी,माजहाजीतोप्‌तया।भया॥ ॥इन्काछोराआठौँहेनरी,0.0512820519506931,जहाजी|तयार|हनरी,जहाजी,जहाजि|तयार|हनरी,जहाजि,3,1,0.3333333333333333,0.125,0.2083333333333333,2,0,तयार|हनरी,,तयार|हनरी,,,,0.0,0.0
,data/oldNepali_fullset/oldNepali/images/DNA_0012_0638/eSc_line_281f9bd1.png,रगरिवक्स्यौँ.आफ्नाषातिरजामासँग.कुलाचारदेषी.भैआय़ा,रगरिवक्स्यौं.आफ्‌नाषातिरजामासँगुकुराचारदेषीभैआय़ी,0.122448980808258,षातिरजामा|कुलाचार,षातिरजामा,खातिरजमा|कुलाचार,खातिरजमा,2,1,0.3265306122448979,0.1836734693877551,0.1428571428571428,1,0,कुलाचार,,कुलाचार,,,,0.0,0.0
,data/oldNepali_fullset/oldNepali/images/CA__The Cambridge Manuscript_Page_005/eSc_line_2ae942fc.png,नाम.पशुपतिक्षेत्रभनिनामप्रख्यातभया॥औ.इनिपशुपतिविराजमानभयाको.त्योवनकोनाम.उ,नाम.पशुपतिक्षेत्रभनिनामप्रख्यातभया॥औ.इनिपशुपतिविराजमानभयाको.त्योवनकोनाम.उ,0.0,भयाको,भयाको,हुनु,हुनु,1,1,0.0684931506849315,0.0684931506849315,0.0,0,0,,,,,पशुपतिक्षेत्र|प्रख्यात|पशुपति|विराजमान|वनको,पशुपतिक्षेत्र|प्रख्यात|पशुपति|विराजमान|वनको,0.5342465753424658,0.5342465753424658
,data/oldNepali_fullset/oldNepali_100/images/CA__The Cambridge Manuscript_Page_032/eSc_line_34b741ee.png,वशा,वंशा,0.3333333432674408,,,,,0,0,0.0,0.0,0.0,0,0,,,,,,,0.0,0.0
,data/oldNepali_fullset/oldNepali/images/CA__The Cambridge Manuscript_Page_008/eSc_line_0d15ec5f.png,करूपधारणागर्न्याको.जोईपोइकाकुरागर्‍याकोसुनि.धंन्यगुरूएहीहोभन् थानी.उन् काकोठाकोढो,कूपधारणागर्न्याको.जोईपोइकाफुरागर्‍याकोसुनि.धंन्यगुरूएहीहोभन्‌क्षानी.उन्‌काकोठाकोढो,0.086419753730297,,,,,0,0,0.0,0.0,0.0,0,0,,,,,धारणा|जोईपोइ,धारणा|जोईपोइ,0.13580246913580246,0.13414634146341464
,data/oldNepali_fullset/oldNepali/images/DNA_1_00000404/eSc_line_94b9014d.png,अर्जि,अर्जि,0.0,,,,,0,0,0.0,0.0,0.0,0,0,,,,,,,0.0,0.0
,data/oldNepali_fullset/oldNepali_100/images/DNA 2_00000413_result/eSc_line_b2c19391.png,वालकछु.लेखकोन्यूनाधिकक्षमाभयाजाला.किंवहुविज्ञेषुइतिसंवत्‌,वालकछु.लेखकोन्यूनाधिकक्षमाभयाजाला.किंवहुविज्ञेषुइतिसंवत्,0.0175438597798347,वालक|न्यूनाधिक,वालक|न्यूनाधिक|संवत्,बालक|न्यूनाधिक,बालक|न्यूनाधिक|संवत्,2,3,0.2280701754385964,0.3214285714285714,-0.0933583959899749,0,1,,संवत्,,संवत्,,,0.0,0.0
,data/oldNepali_fullset/oldNepali/images/CA__The Cambridge Manuscript_Page_006/eSc_line_25444e73.png,ताहांवाटफर्कीजादा.गौडदेशमागै.ताहाकोराजाप्रचण्डदेववर्म्मन् ले.वुद्धप्राप्तभयोभनि.अनेकसत्का,ताहांवाटफर्कीजादा.गौडदेशमागै.ताहाकोराजाप्रचण्डदेववर्म्मन्ले.वुद्धप्राप्तभयोभनि.अनेकसत्का,0.011235955171287,,,,,0,0,0.0,0.0,0.0,0,0,,,,,प्रचण्ड|अनेक,प्रचण्ड|अनेक,0.12359550561797752,0.125
,data/oldNepali_fullset/oldNepali/images/DNA_0014_0296 zuschn/eSc_line_b278b45e.png,सहरि.थामि.हायु.सुनुव़ार.चेपांग.एतिजातका.घरहिएक्‌एक्,सहरि.थामि.हायु.सुनुव़ार.चेवांग.एतिजातका.घरहिएक्‌एक,0.039215687662363,चेपांग|घरहि,चेवांग|घरहि,चेपाङ्|घर,चेपाङ्|घर,2,2,0.196078431372549,0.2,-0.0039215686274509,1,1,,,चेपांग,चेवांग,,,0.0,0.0
,data/oldNepali_fullset/oldNepali/images/DNA_2_00000293_result/eSc_line_65d27b22.png,उप्रांत।गरीबपर्वरमेरे।अर्सावहोतदिनका।गुजराहै।,उप्रांत।गरीबपर्वरमेरे।अर्साबहोतदिनका।गुजराहै।,0.0222222227603197,उप्रांत,उप्रांत,उप्रान्त,उप्रान्त,1,1,0.1555555555555555,0.1555555555555555,0.0,0,0,,,,,गरीब|गुजरा,गरीब|गुजरा,0.2,0.2
,data/oldNepali_fullset/oldNepali/images/DNA_1_00000137/eSc_line_926ba090.png,वस्नुजोआज्ञाआउछसोगरूलाजानाजानमाफविंति.ईतिसम्वत्‌१८९३सालमि,वश्णु.जोआज्ञाआउछसोरारूलाजानाजानमाफ्‌विंति.ईतिसम्वत्१८९३सार्लाम,0.2105263173580169,आउछ|गरूला,आउछ|सम्वत्,आउनु|गर्नु,आउनु|संवत्,2,2,0.1403508771929824,0.1451612903225806,-0.0048104131295982,1,1,गर्नु,संवत्,गरूला,सम्वत्,जानाजान,जानाजान,0.12280701754385964,0.11290322580645161
,data/oldNepali_fullset/oldNepali/images/DNA_0013_0165/eSc_line_45c314ef.png,झोडाडोसाधलुहुकिलपश्चिमवाटोसाधलुहुकिलउत्तर्रैकरषेतकोआलीसाधलुहुकिल.येतीकिल्लाभित्रकोवाझोवगर,डोडाडोसाधलुहुकिलपश्चिमवाटोसाघलुह्राकिपाउत्तौंकरवेतकोआलीसाथलुहुकिल.येतीकिश्राभिर्त्रकोवाझोवगर,0.1910112351179123,पश्चिम,पश्चिम,पश्चिम,पश्चिम,1,1,0.0674157303370786,0.0652173913043478,0.0021983390327308,0,0,,,,,,,0.0,0.0
,data/oldNepali_fullset/oldNepali/images/CA__The Cambridge Manuscript_Page_009/eSc_line_34336fbf.png,र्दाभया.हेसिंहलसार्थवाह.तिमिइहाक्यानवस्यौ.त्योसुंदरीकामोहमापरिरह्यौ.तिसुंदरीस्त्रीहोईन.राक्षसीपोहो.अवस्य,र्दाभया.हेसिंहलसार्थवाह.तिमिइहाक्यानवस्यौ.त्योसुंदरीकामोहमापरिरह्यौ.तिसुंदरीस्त्रीहोईन.राक्षसीपोहो.अवस्य,0.0,होईन|अवस्य,होईन|अवस्य,हुनु|अबश्य,हुनु|अबश्य,2,2,0.0865384615384615,0.0865384615384615,0.0,0,0,,,,,सिंहल|सार्थवाह|राक्षसी,सिंहल|सार्थवाह|राक्षसी,0.19230769230769232,0.19230769230769232
,data/oldNepali_fullset/oldNepali/images/DNA_0001_0368/eSc_line_f2864f8d.png,ह्माकामुलुकका सिव़ानामा मौल्मिन्‌काछाउनीमारह्याकालस्कर्माएकपल्ट,ह्याकामुलुक्‌कासिव़ानामा मौल्मिन्‌काछाउनीमारह्याका लस्कर्माएकपल्ठ,0.095238097012043,मुलुक|रह्याका,रह्याका,मुलुक|रहनु,रहनु,2,1,0.1904761904761904,0.1076923076923077,0.0827838827838827,1,0,मुलुक,,मुलुक,,छाउनी|एकपल्ट,छाउनी,0.1746031746031746,0.07692307692307693
,data/oldNepali_fullset/oldNepali/images/DNA_2_00000115_result/eSc_line_2fd945c0.png,यणमल्लकोसलाम्‌.पूर्वकपत्रमिदं.इतनीकताँहाँपाउकुशलमंगलभया,यणमलकोसलाम्.पूर्वकपत्रमिदं.इतनीकताँहाँपाउकुशलमंगलभया,0.0545454546809196,कुशल|मंगल,कुशल|मंगल,कुशल|मङ्गल,कुशल|मङ्गल,2,2,0.1454545454545454,0.1538461538461538,-0.0083916083916084,0,0,,,,,पूर्वक|इतनी,पूर्वक|इतनी,0.18181818181818182,0.19230769230769232
,data/oldNepali_fullset/oldNepali/images/DNA_0001_0006/eSc_line_e174d72c.png,द्धान्तव्रह्मसिद्धान्त.सोमसिद्धान्त.मुक्तावलीभैसकियावाकि १ वाटजोवर्षाशन,द्धान्तव्रहिद्धान्त.सोमसिद्धान्त.मुक्तावलीभैसकियावाकि १ वाटजोवर्षाशन,0.0422535203397274,सोमसिद्धान्त|मुक्तावली|सकिया|वर्षाशन,सोमसिद्धान्त|मुक्तावली|सकिया|वर्षाशन,सोमसिद्धान्त|मुक्तावली|सकिनु|बर्खासन,सोमसिद्धान्त|मुक्तावली|सकिनु|बर्खासन,4,4,0.4647887323943662,0.4852941176470588,-0.0205053852526926,0,0,,,,,सिद्धान्त,,0.1267605633802817,0.0
,data/oldNepali_fullset/oldNepali_100/images/DNA 2_00000141_result/eSc_line_1c20c438.png,हालनानीहरूलेभाइछुट्टिदामलाइघरहरूकानिमित्तशिवप्रसादहाति,हालनानीहरूलेभाइछुदिदामलाइघरहरूकानिमित्तशिवप्रसादहाति,0.0555555559694767,नानीहरू|छुट्टिदा|घरहरू|निमित्त|प्रसाद,नानीहरू|घरहरू|निमित्त|प्रसाद,नानि|छुटिनु|घर|निमित्त|प्रसाद,नानि|घर|निमित्त|प्रसाद,5,4,0.6111111111111112,0.4807692307692308,0.1303418803418803,1,0,छुटिनु,,छुट्टिदा,,मलाइ,मलाइ,0.07407407407407407,0.07692307692307693
,data/oldNepali_fullset/oldNepali/images/CA__The Cambridge Manuscript_Page_006/eSc_line_a058c687.png,हरूप्रकाशगराईगयाकापनिछन्.वस्याकापनिछन्॥ ॥ताहांपछि.तिधर्मपालराजाकासन्तानले.राज,हरूप्रकाशगराईगयाकापनिछन्.वस्याकापनिछन्॥ ॥ताहांपछि.तिधर्मपालराजाकासन्तानले.राज,0.0,गराई|गयाका|वस्याका|सन्तान,गराई|गयाका|वस्याका|सन्तान,गराउनु|जानु|बस्नु|सन्तान,गराउनु|जानु|बस्नु|सन्तान,4,4,0.2857142857142857,0.2857142857142857,0.0,0,0,,,,,प्रकाश|धर्मपाल,प्रकाश|धर्मपाल,0.16883116883116883,0.16883116883116883
,data/oldNepali_fullset/oldNepali_100/images/CA__The Cambridge Manuscript_Page_025/eSc_line_74080ea5.png,किरामात्रैवगीआयाकोदेषि.आश्चर्य्यमानिआफ्नादर्वारजाईवस्या.भोलिवेर.ठुलोहल्लाउ,किरामात्रिंवगीआयाकोदेषि.आश्चर्य्यमानिआफ्नादर्वारजाईवस्या.भोलिवेर.ठुलोहब्लाउ,0.0405405387282371,आयाको|दर्वार,आयाको|दर्वार,आउनु|दरबार,आउनु|दरबार,2,2,0.1486486486486486,0.1466666666666666,0.0019819819819819,0,0,,,,,,,0.0,0.0
,data/oldNepali_fullset/oldNepali/images/CA__The Cambridge Manuscript_Page_007/eSc_line_afee5a5e.png,अर्थवताउनसक् न्याछैन.भनि.मंजुश्रीगुरूकादर्शनगर्नजाउंभनि.वारानसीवाट.आउदा.ति.स्वयंभू,अर्थवताउनसकन्याछैन.भनि.मंजुश्रीगुरूकादर्शनगर्नजाउंभनि.वारानसीवाट.आउदा.ति.स्वयंभू,0.0243902429938316,दर्शन|आउदा,दर्शन|आउदा,दर्शन|आउनु,दर्शन|आउनु,2,2,0.1097560975609756,0.1125,-0.0027439024390243,0,0,,,,,,,0.0,0.0
,data/oldNepali_fullset/oldNepali_100/images/CA__The Cambridge Manuscript_Page_028/eSc_line_fef0b1e2.png,हासनकावतीस्३२लक्षणसवैपुतलीभैकनअनेकज्ञानधर्म्मविक्रमाजितकावर्ननाकथाहाभनि.ए,हासनकावतीस्३२लक्षणसवैपुतलीभैकनअनेकज्ञानधर्म्मविक्रमाजनकावर्ननाकथाहाभनि.ए,0.0273972600698471,लक्षण|पुतली,लक्षण|पुतली,लक्षण|पुतलि,लक्षण|पुतलि,2,2,0.136986301369863,0.1388888888888889,-0.0019025875190258,0,0,,,,,अनेक,अनेक,0.0547945205479452,0.05555555555555555
,data/oldNepali_fullset/oldNepali/images/12/eSc_line_f82cb691.png,ग्मतीकोरकेशावतीका.संगममध्यस्थानविषयेवसी.नेमुनीले.तपस्यागर्दा.श्रीस्वयंभूकाप्रसादले.श्रीवज्रयोगिनी,ग्मतीकोरकेशावतीका.संगममध्यस्थानविषयेवसी.नेमुनीले.तपापागर्दा.श्रीस्वयंभूकाप्रसादले.श्रीवनुयोगिनी,0.0618556700646877,प्रसाद,प्रसाद,प्रसाद,प्रसाद,1,1,0.0618556701030927,0.0631578947368421,-0.0013022246337493,0,0,,,,,तपस्या|वज्रयोगिनी,योगिनी,0.16494845360824742,0.06315789473684211
,data/oldNepali_fullset/oldNepali_100/images/CA__The Cambridge Manuscript_Page_037/eSc_line_3a19d165.png,ईनेपालकामाहात्म्य.सवैवताई.सवप्रत्यक्षदेषाई.स्वयंभूकावर्णनाप्रकाशगरी.ताहांवाटगै.श्रीगुह्येश्वरीका,ईनेपालकामाहात्म्य.सवैवताई.सवप्रत्यक्षदेषाई.स्वयंभूकावर्णनाप्रकाशगरी.ताहांवाटगै.श्रीगुह्येश्वरीका,0.0,नेपाल|देषाई,नेपाल|देषाई,नेपाल|देखाउनु,नेपाल|देखाउनु,2,2,0.1041666666666666,0.1041666666666666,0.0,0,0,,,,,माहात्म्य|प्रत्यक्ष|वर्णना|प्रकाश|गुह्येश्वरी,माहात्म्य|प्रत्यक्ष|वर्णना|प्रकाश|गुह्येश्वरी,0.4270833333333333,0.4270833333333333
,data/oldNepali_fullset/oldNepali/images/DNA_2_00000110_result/eSc_line_a4eecd02.png,शुभम्,शुभम्,0.0,शुभम्,शुभम्,शुभम्,शुभम्,1,1,1.0,1.0,0.0,0,0,,,,,,,0.0,0.0
,data/oldNepali_fullset/oldNepali/images/DNA_0012_0007/eSc_line_82fbd940.png,वमोजीम्.नीजवसहीय़ामठ्अस्थानकातालुक्‌कोजगाभोगचलन्गर्नु,वमोजीम्.नीजषसहीय़ामठअस्थानकातालुक्‌कोजगाभोगचलन्‌गर्नु,0.0566037744283676,वमोजीम्,वमोजीम्,बमोजिम,बमोजिम,1,1,0.1320754716981132,0.1320754716981132,0.0,0,0,,,,,अस्थान,अस्थान,0.11320754716981132,0.11320754716981132
,data/oldNepali_fullset/oldNepali/images/DNA_0001_0368/eSc_line_9a6686ac.png,९७ सालमितिभाद्रवदि ९रोज ६मो,म७ सालमितिभाद्रवदि ९ रोज६मो,0.1111111119389534,,,,,0,0,0.0,0.0,0.0,0,0,,,,,,,0.0,0.0
,data/oldNepali_fullset/oldNepali_100/images/CA__The Cambridge Manuscript_Page_032/eSc_line_0eada45d.png,ईन्.इरानिले.श्रीगुह्येश्वरीमाजाईनिराहारगरीतपस्यागरीरहंदा.देवीप्रसन्नभैवरदानदिईन्.हेरानी,ईन्.इरानिले.श्रीगुह्येश्वरीमाजाईनिराहारगरीतपस्यागरीरहंदा.देवीप्रसन्नभैवरदानदिईत्.हेरामी,0.0229885056614875,,,,,0,0,0.0,0.0,0.0,0,0,,,,,गुह्येश्वरी|निराहार|तपस्या|प्रसन्न|वरदान,गुह्येश्वरी|निराहार|तपस्या|प्रसन्न|वरदान,0.41379310344827586,0.41379310344827586
,data/oldNepali_fullset/oldNepali/images/DNA_0001_0367/eSc_line_1e3a2b92.png,ह्राईपठाउला.महाराजारन्जितसिंहर.लार्डअकलन्दकामुलाकातकावञान,ह्राईपठाउला. महाराजारन्जितसिंहर. लार्डअकलन्दकामुलाकातकावञान,0.0350877195596694,पठाउला|महाराजा|मुलाकात,पठाउला|महाराजा|मुलाकात,पठाउनु|महाराजा|मुलाकात,पठाउनु|महाराजा|मुलाकात,3,3,0.3508771929824561,0.3389830508474576,0.0118941421349985,0,0,,,,,अकल,अकल,0.05263157894736842,0.05084745762711865
,data/oldNepali_fullset/oldNepali/images/DNA_0012_0006/eSc_line_b78dd6e5.png,सोमहन्त्याञीमैले२०सालमाचलायाकोथिञा२१सालमाअघिभयाकोवेहोरा,सोमहन्त्याञीमैले२०सालमाघलायाकोथिञा२१सालमाअघिनय़ाकोवेहोरा,0.0545454546809196,भयाको|वेहोरा,वेहोरा,हुनु|बेहोरा,बेहोरा,2,1,0.2,0.1071428571428571,0.0928571428571428,1,0,हुनु,,भयाको,,,,0.0,0.0
,data/oldNepali_fullset/oldNepali/images/DNA_0014_0242/eSc_line_44d89cea.png,मारश्रीश्रीश्रीमद्दलमर्दनसाहदेवेषुतथाश्रीश्रीश्री,मारश्रीश्रीश्रीमद्दलमर्दनसाहदेवेषुतथाश्रीश्रीश्री,0.0,,,,,0,0,0.0,0.0,0.0,0,0,,,,,मर्दन,मर्दन,0.10204081632653061,0.10204081632653061
,data/oldNepali_fullset/oldNepali/images/DNA_2_00000036_result/eSc_line_f38d2bf1.png,राणोक्तःसहश्रकोटि सुभासिर्वादशुभम्,राणोक्तःसहश्रकोटि सुभासिर्वादशुभम्,0.0,शुभम्,शुभम्,शुभम्,शुभम्,1,1,0.1470588235294117,0.1470588235294117,0.0,0,0,,,,,,,0.0,0.0
,data/oldNepali_fullset/oldNepali/images/DNA_1_00000054/eSc_line_34072526.png,भन्दाठुलाछन्.पुछरकोचँदुवापनिसावुदछ.इदुवैमत्ताहाति १ का.सव़ा,भन्दाठुलाछन्.पुछरकोचँदुवापनिसावुदछ.इदुवैमत्ताहाति १ का.सव़ा,0.0,पुछर|चँदुवा|सावुद,पुछर|चँदुवा|सावुद,पुछर|चँदुवा|साबुत,पुछर|चँदुवा|साबुत,3,3,0.2542372881355932,0.2542372881355932,0.0,0,0,,,,,,,0.0,0.0
,data/oldNepali_fullset/oldNepali/images/CA__The Cambridge Manuscript_Page_009/eSc_line_b997f808.png,मध्यमण्डलमाराषिदियार.आचार्यले.यथाक्रमसित.पूजाभावगर्दा.नागहरूले.आफ्नु २ शरीरवाटरक्तनिकाली,मध्यमण्डलमाराषिदियार.आचार्यले.यथाक्रमसित.पूजाभावगर्दा.नागहरूले.आफ्नु२शरीरवाटरक्तनिकाली,0.0227272734045982,,,,,0,0,0.0,0.0,0.0,0,0,,,,,मध्यम|दियार|आचार्य|यथाक्रम|शरीर|वाटर,मध्यम|दियार|आचार्य|यथाक्रम|शरीर|वाटर,0.3522727272727273,0.36046511627906974
,data/oldNepali_fullset/oldNepali/images/CA__The Cambridge Manuscript_Page_007/eSc_line_9fe199e8.png,गुरू.सोहीस्वयंभूक्षेत्रमाप्राप्तभै १ जग्गामा.कृषिकर्मगर्न्याकोभेषभै.सिंहशार्दूलगोरूजस्तोगरीषेत,गुरू.सोहीस्वयंभूक्षेत्रमाप्तभै १जग्गामा.कृषिकर्मगर्न्याकोभेषभै.सिंहशाईलगोरूजस्तोगरीषेत,0.0957446843385696,,,,,0,0,0.0,0.0,0.0,0,0,,,,,भूक्षेत्र|कृषिकर्म|शार्दूल,भूक्षेत्र|कृषिकर्म,0.2553191489361702,0.19767441860465115
,data/oldNepali_fullset/oldNepali_100/images/E3420_00000347/eSc_line_7e4d15b7.png,सुवागरिदिञ्यूरुपिञा६०सालवसालसर्कारकोसिर्तो,सुवागरिदिञ्यू रुपिञा६०सालवसालसर्कारकासितो,0.095238097012043,सालवसाल|सर्कार,सालवसाल|सर्कार,सालबसाल|सर्कार,सालबसाल|सर्कार,2,2,0.3095238095238095,0.3170731707317073,-0.0075493612078977,0,0,,,,,,,0.0,0.0
,data/oldNepali_fullset/oldNepali_100/images/DNA 4_00000552/eSc_line_13acd961.png,लमोहरवमोजीमदोहरोउर्दिनेपाल,लमोहरवमोजीमदेइहरोउर्दिनेपाल,0.0769230797886848,मोहर|वमोजीम|दोहरो|नेपाल,मोहर|वमोजीम|नेपाल,मोहर|बमोजिम|दोहोरो|नेपाल,मोहर|बमोजिम|नेपाल,4,3,0.7692307692307693,0.5555555555555556,0.2136752136752137,1,0,दोहोरो,,दोहरो,,,,0.0,0.0
,data/oldNepali_fullset/oldNepali/images/DNA_0013_0433/eSc_line_a31e1618.png,चाषुराकोमाउमार्न्याकेडंडरूपैया ५०,चाषुराकोमाउमार्न्याकेडंडरूपैया ५०,0.0,चाषुरा|रूपैया,चाषुरा|रूपैया,चाखुरो|रुपैयाँ,चाखुरो|रुपैयाँ,2,2,0.3636363636363636,0.3636363636363636,0.0,0,0,,,,,,,0.0,0.0
,data/oldNepali_fullset/oldNepali_100/images/DNA 1_00000609/eSc_line_bdb7e3b2.png,नं.११२,नं.११२,0.0,,,,,0,0,0.0,0.0,0.0,0,0,,,,,,,0.0,0.0
,data/oldNepali_fullset/oldNepali/images/DNA_0014_0242/eSc_line_b771d64f.png,नरनारायेणेत्यादिवि,नरनारायणेसादिवि,0.2222222238779068,,,,,0,0,0.0,0.0,0.0,0,0,,,,,,,0.0,0.0
,data/oldNepali_fullset/oldNepali/images/CA__The Cambridge Manuscript_Page_009/eSc_line_dff5320d.png,भनिकवूलदीसुवृष्टिगरी.नागहरूआफ्ना २ स्वस्थानमागया॥ ॥ ताहापछिगुणकामदेवराजाकासंतानले,भनिकवूलदीसुवृष्टिगरी.नागहरूआफ्ना२स्वस्थानमागया॥ ॥ताहापछिगुणकामदेवराजाकासंतानले,0.0370370373129844,संतान,संतान,सन्तान,सन्तान,1,1,0.0617283950617283,0.0641025641025641,-0.0023741690408357,0,0,,,,,स्वस्थान|गुणकामदेव,स्वस्थान|गुणकामदेव,0.20987654320987653,0.21794871794871795
,data/oldNepali_fullset/oldNepali_100/images/CA__The Cambridge Manuscript_Page_028/eSc_line_5b96a81e.png,रोपापसवैछुटियो॥एतिदेवीवाटआज्ञाभयाकासुनी.देवीलाईवारंवारनमस्कारगरीतहावा,रोपापसवैछुटियो॥एतिदेवीवाटआज्ञाभयाकासुनी.देवीलाईवारंवारनमस्कारगरीतहावा,0.0,भयाका|वारंवार,भयाका|वारंवार,हुनु|बारम्बार,हुनु|बारम्बार,2,2,0.1739130434782608,0.1739130434782608,0.0,0,0,,,,,नमस्कार,नमस्कार,0.10144927536231885,0.10144927536231885
,data/oldNepali_fullset/oldNepali_100/images/DNA 1_00000631/eSc_line_52dff2fa.png,म्पनीरुपैया१सैकादरलेवर्ष१कोकम्पनी,म्पनीरुपैया१सैकादरलेवर्ष१कोकम्पनी,0.0,रुपैया|कम्पनी,रुपैया|कम्पनी,रुपैयाँ|कम्पनी,रुपैयाँ|कम्पनी,2,2,0.3636363636363636,0.3636363636363636,0.0,0,0,,,,,,,0.0,0.0
,data/oldNepali_fullset/oldNepali/images/DNA_1_00000054/eSc_line_5a66a29e.png,कौनैकुराकोविसंभारहुनपाउन्याछैन.दुवैमत्ताकोनापडोरिमात्रचह्राईपठा,कौनैकुराकोविसंभारहुनपाउन्याछैन.दुवैमत्ताकोनापडोरिमात्रचह्राईपठा,0.0,विसंभार|पाउन्या|नापडोरि|चह्राई,विसंभार|पाउन्या|नापडोरि|चह्राई,विसम्भार|पाउनु|नापडोरी|चड़ाइ,विसम्भार|पाउनु|नापडोरी|चड़ाइ,4,4,0.4285714285714285,0.4285714285714285,0.0,0,0,,,,,,,0.0,0.0
,data/oldNepali_fullset/oldNepali/images/DNA_1_00000054/eSc_line_11640de7.png,सन्देह १ मापर्नजाला.मैले.पाल्हितप्पाकोवंजरियामा.हातिसारैमाडेराग,सन्देह १ मापर्नजाला.मैले.पाल्हितप्पाकोवंजरियामा.हातिसारैमाडेराग,0.0,सन्देह|वंजरिया|हातिसारै,सन्देह|वंजरिया|हातिसारै,सन्देह|बंजरिया|हात्तीसार,सन्देह|बंजरिया|हात्तीसार,3,3,0.3333333333333333,0.3333333333333333,0.0,0,0,,,,,,,0.0,0.0
,data/oldNepali_fullset/oldNepali_100/images/E3420_00000318/eSc_line_578c5deb.png,रोग२शुभम्,रोना२शुभम्,0.2222222238779068,शुभम्,शुभम्,शुभम्,शुभम्,1,1,0.5555555555555556,0.5,0.0555555555555555,0,0,,,,,,,0.0,0.0
,data/oldNepali_fullset/oldNepali_100/images/DNA 1_00000116/eSc_line_b71db15c.png,जाई.काश्मेरकोभरमगढ.किल्लाहान्नजाँदा.दुईहज्जार.पचिस्सैजवान.रनजीत्‌सिंकोषर्चपनी,जाई.काश्मेरकोभरमगढ.किल्लाहान्नजाँदा.दुईहज्जार.पचिस्सैजवान.रनजीत्‌सिंकोषर्चपनी,0.0,काश्मेर|भरमगढ|हज्जार|जवान,काश्मेर|भरमगढ|हज्जार|जवान,काश्मीर|भरमगढ|हजार|जुवान,काश्मीर|भरमगढ|हजार|जुवान,4,4,0.2857142857142857,0.2857142857142857,0.0,0,0,,,,,,,0.0,0.0
,data/oldNepali_fullset/oldNepali/images/DNA_0013_0333/eSc_line_1ac95ce0.png,लभन्‌जन्‌पाडेँ.साधलाउन्यासधियार.थरघरमोदनाथअर्ज्याल्.मित्रसर्मापंथ.गोकु,लभन्‌जन्‌पाडे.साधलाऊन्यासधियार.थरघरमोदनाथअर्ज्याल.मित्रसर्मापंथ.गोकु,0.0428571440279483,लाउन्या|थरघर,लाऊन्या|थरघर|अर्ज्याल,लाउनु|थरघर,लाउनु|थरघर|अर्ज्याल,2,3,0.1571428571428571,0.2794117647058823,-0.1222689075630252,1,2,,अर्ज्याल,लाउन्या,अर्ज्याल|लाऊन्या,,,0.0,0.0
,data/oldNepali_fullset/oldNepali/images/DNA_1_00000285/eSc_line_cf8a84ec.png,मरहेमतहोवे।सोमाफिकबन्दाबजीलाचे।,मरहेमतहोवे।सोमाफ़िकबन्दाबजाल्यावे।,0.1612903177738189,माफिक,,माफिक,,1,0,0.1612903225806451,0.0,0.1612903225806451,1,0,माफिक,,माफिक,,,,0.0,0.0
,data/oldNepali_fullset/oldNepali_100/images/DNA 4_00000552/eSc_line_ac0c2893.png,कोमुलुकमागैडाँकाचोरिगर्‍यौभन्याज्यूजहान्‌मापर्लाभनि१५।१५दिन्‌माउर्दि,कोमुलुकमागैडाँकार्‌चोरिगर्‍यौभन्याज्यूजहान्‌मापर्लाभनि१५।१५दिन्‌माउदि,0.073529414832592,मुलुक,मुलुक,मुलुक,मुलुक,1,1,0.0735294117647058,0.072463768115942,0.0010656436487638,0,0,,,,,,,0.0,0.0
,data/oldNepali_fullset/oldNepali_100/images/CA__The Cambridge Manuscript_Page_039/eSc_line_8eb588f4.png,१८,१८,0.0,,,,,0,0,0.0,0.0,0.0,0,0,,,,,,,0.0,0.0
,data/oldNepali_fullset/oldNepali_100/images/CA__The Cambridge Manuscript_Page_038/eSc_line_8076e512.png,ईराजाकापालामा.पाटलीपुत्रसहरका.अशोकनामराजालेआफ्नागुरुउपगुप्तभिक्षुकाशरणमाजाईअ,इराजाकापालामा.पाटलीपुत्रसहरका.अशोकनामराजालेआफ्नांगुरूडपगुप्तभिक्षुकाशरणमाजाईअ,0.0526315793395042,सहर,सहर,सहर,सहर,1,1,0.0394736842105263,0.0389610389610389,0.0005126452494873,0,0,,,,,पाटलीपुत्र|अशोक|शरण,पाटलीपुत्र|अशोक|शरण,0.2236842105263158,0.22077922077922077
,data/oldNepali_fullset/oldNepali/images/CA__The Cambridge Manuscript_Page_008/eSc_line_ebb17ff7.png,तमनि.आग्नेयतरफनागशिलाभनिनामप्रख्यातभैप्रत्यक्षभैरह्याकाछन्.नागल्यायाकावाटो.नागवाटा,तमनि.आग्नेयतरफनागशिलाभनिनामप्रख्यातभैप्रत्यक्षभैरह्याकाछन्.नागल्यायाकावाटो.नागवाटा,0.0,तरफ|रह्याका,तरफ|रह्याका,तरफ|रहनु,तरफ|रहनु,2,2,0.1219512195121951,0.1219512195121951,0.0,0,0,,,,,आग्नेय|प्रख्यात|प्रत्यक्ष,आग्नेय|प्रख्यात|प्रत्यक्ष,0.2804878048780488,0.2804878048780488
,data/oldNepali_fullset/oldNepali_100/images/DNA 1_00000671/eSc_line_fd8c69c0.png,लमा:उहीपनितलझर्‍यो:षजनापनि१८पीपाथी:य़ोसवैलग्यो२पी,लमा:उहिपनितलझसो:षजनापनि१८पीपाथीय़ोसवैलम्यो२पा,0.1632653027772903,,,,,0,0,0.0,0.0,0.0,0,0,,,,,,,0.0,0.0
,data/oldNepali_fullset/oldNepali/images/DNA_2_00000293_result/eSc_line_0c28b7d5.png,कोपरमेश्वरजानकर्के।बारंबार।प्रार्थना कर्त्ताहूँ,कोपरमेश्वरजानकर्के।बारंबार।प्रार्थनाकर्त्ताहूँ,0.0212765950709581,प्रार्थना,प्रार्थना,प्रार्थना,प्रार्थना,1,1,0.1914893617021276,0.1956521739130435,-0.0041628122109158,0,0,,,,,परमेश्वर,परमेश्वर,0.1702127659574468,0.17391304347826086
,data/oldNepali_fullset/oldNepali/images/DNA_0013_0165/eSc_line_0270b374.png,डोसाधलुहुकिलदछिणरैकरवाझोकाल्होसाधलुहुकिलपश्चिमरैकरषेतकोकाल्होसाधलुहुकिलउत्तरडोलछीषेतको,डोसाधलुहुकिलदछिणरैकरवाझोकाल्होसाधलुहुकिलपश्चिमरैकरषेतकोकाल्होसाधलुहुकिलउत्तरडोलषेतको,0.0232558138668537,रैकर|पश्चिम|रैकर|उत्तर,रैकर|पश्चिम|रैकर|उत्तर,रैकर|पश्चिम|रैकर|उत्तर,रैकर|पश्चिम|रैकर|उत्तर,4,4,0.2209302325581395,0.2261904761904762,-0.0052602436323366,0,0,,,,,,,0.0,0.0
,data/oldNepali_fullset/oldNepali_100/images/DNA 1_00000356/eSc_line_f4ece4eb.png,कोप्रसादआईपुग्यो.च,कोप्रसादआईपुग्यो.च,0.0,प्रसाद,प्रसाद,प्रसाद,प्रसाद,1,1,0.3333333333333333,0.3333333333333333,0.0,0,0,,,,,,,0.0,0.0
,data/oldNepali_fullset/oldNepali/images/DNA_2_00000115_result/eSc_line_2bad0d4d.png,वाटआ‌उन्यातिर्थवासिलेकह्याकोसमाचार.विंतिलेषीचर्‍हाइपठायाको,वाटआउन्यातिर्थवासिलेकह्याकोसमाचार.विंतिलेषीचह्राहपठायाको,0.0862068980932235,कह्याको|समाचार|पठायाको,आउन्या|कह्याको|समाचार|पठायाको,कहनु|समाचार|पठाउनु,आउनु|कहनु|समाचार|पठाउनु,3,4,0.3448275862068966,0.4642857142857143,-0.1194581280788177,0,1,,आउनु,,आउन्या,,,0.0,0.0
,data/oldNepali_fullset/oldNepali/images/DNA_2_00000264_result/eSc_line_5a1e7f2d.png,हजुरषाविन्दमातापिताअन्दाताहैईतिसम्वत१८९१सालमी:माघव,हजुरषाविन्दमातापिताअन्दाताहैईतिसम्वत१८९१सालमी:माघव,0.0,हजुर|सम्वत,हजुर|सम्वत,हजुर|संवत्,हजुर|संवत्,2,2,0.18,0.18,0.0,0,0,,,,,मातापिता,मातापिता,0.16,0.16
,data/oldNepali_fullset/oldNepali_100/images/CA__The Cambridge Manuscript_Page_026/eSc_line_51561171.png,२६,२६,0.0,,,,,0,0,0.0,0.0,0.0,0,0,,,,,,,0.0,0.0
,data/oldNepali_fullset/oldNepali_100/images/DNA 3_00000610/eSc_line_7d1ef543.png,हरुर.नीजकपतान्‌‌वसी.ल्हासावसंज्यालभरमकदुर.विक्रिगरुंला.भरमकदुरगर्दामा,हरूर.नीजकमतान्‌वसी.ल्हासावसंत्यालभरमकडर.विक्रिगरूंला.भरमकडरगर्दामा,0.1304347813129425,भरमकदुर|गरुंला|भरमकदुर,,भरमग्दुर|गर्नु|भरमग्दुर,,3,0,0.2898550724637681,0.0,0.2898550724637681,2,0,गर्नु|भरमग्दुर,,गरुंला|भरमकदुर,,,भरम|भरम,0.0,0.09090909090909091
,data/oldNepali_fullset/oldNepali/images/CA__The Cambridge Manuscript_Page_008/eSc_line_65317b7d.png,धनागर्दा.नागदहमारहन्या.कर्कोटकनागनआउंदा.शांतिकरआचार्य्यले.मंत्रगरीदुर्वाकुन्दपुष्पदी.गुणका,धनागर्दा.नागदहमारहन्या.कर्कोटकनागनआउदा.शांतिकरआचार्य्यले.मंत्रगरीदुर्वाकुन्दपुष्पदी.गुणका,0.0111111113801598,रहन्या|आउंदा,रहन्या|आउदा,रहनु|आउनु,रहनु|आउनु,2,2,0.1222222222222222,0.1123595505617977,0.0098626716604244,1,1,,,आउंदा,आउदा,नागदह|कर्कोटक|कुन्दपुष्प,नागदह|कर्कोटक|कुन्दपुष्प,0.24444444444444444,0.24719101123595505
,data/oldNepali_fullset/oldNepali_100/images/DNA 4_00000551/eSc_line_7e59dfed.png,ताकितगर्न्याकामगर्दैरहनुभन्न्यावेव़राकोरहेछयेसैयेकोहरावेव़रालेअंग्रेज,ताकितगर्न्याकामगर्दैरहनुभन्न्यावेव़राकोरहेछयेसैयेकोहरावेव़रालेअंग्रेज,0.0,रहनु|रहेछ,रहनु|रहेछ,रहनु|रहनु,रहनु|रहनु,2,2,0.1159420289855072,0.1159420289855072,0.0,0,0,,,,,,,0.0,0.0
,data/oldNepali_fullset/oldNepali_100/images/CA__The Cambridge Manuscript_Page_034/eSc_line_d7ab083c.png,भनि.संपूर्णदेवताहरूमिली.मनुष्यकनराजातुल्याउनईछागर्‍या॥ ॥तस्‌पछिकलियुगभया॥ ॥अथनैपाल,भनि.संपूर्णदेवताहरूमिली.मनुष्यकनराजातुल्याउनईछागर्‍या॥ ॥तस्‌पछिकलियुगभया॥ ॥अथनैपाल,0.0,संपूर्ण|देवता|मनुष्य,संपूर्ण|देवता|मनुष्य,सम्पुर्न|देउता|मनुष्य,सम्पुर्न|देउता|मनुष्य,3,3,0.2195121951219512,0.2195121951219512,0.0,0,0,,,,,कलियुग|नैपाल,कलियुग|नैपाल,0.13414634146341464,0.13414634146341464
,data/oldNepali_fullset/oldNepali_100/images/CA__The Cambridge Manuscript_Page_034/eSc_line_e0672d43.png,ऋषिगणै.स्तत्रगौतमादयोदेवाःप्रतिष्ठा.पाशुपतेश्वरभट्टारके.श्लेष्मान्तकवनेविराजतेऽत्रस्थितगोपालोना,ऋषिगणै.स्तत्रगौतमादयोदेवा.प्रतिष्ठाँ.पाशुपतेश्वरभट्टारके.श्लेष्यान्तकवनेविराजते।ज्रस्थितगोपालोना,0.0526315793395042,,,,,0,0,0.0,0.0,0.0,0,0,,,,,प्रतिष्ठा,,0.09473684210526316,0.0
,data/oldNepali_fullset/oldNepali_100/images/DNA 2_00000365_result/eSc_line_9901f375.png,लकप्रसाद.हजुर्मा.चर्‍हाईपठायाकोछ.दाषिलहोला.राँगा,लकप्रसाद.हजुर्मा.चर्‍हाईपठायाकोछ.दाषिलहोला.राँगा,0.0,प्रसाद|पठायाको|दाषिल,प्रसाद|पठायाको|दाषिल,प्रसाद|पठाउनु|दाखिल,प्रसाद|पठाउनु|दाखिल,3,3,0.375,0.375,0.0,0,0,,,,,,,0.0,0.0
,data/oldNepali_fullset/oldNepali/images/18/eSc_line_fc2c978d.png,वाटप्रवाहगरीवाग्मतीमापठाया.तस् दिनदेषिन्.त्योनदीकानाम.रत्नद्रव्यप्रवाहगर्नालाईउत्पत्ति.गर्‍याकाहुना,वाटप्रवाहगरीवाग्मतीमापठाया.तस् दिनदेषिन्.त्वोनदीकानाम.रत्द्रव्यप्रवाहगर्नालाईउत्पत्तिगर्‍याकाहुना,0.0303030312061309,पठाया,पठाया,पठाउनु,पठाउनु,1,1,0.0505050505050505,0.0515463917525773,-0.0010413412475268,0,0,,,,,प्रवाह|वाग्मती|प्रवाह|उत्पत्ति,प्रवाह|वाग्मती|प्रवाह|उत्पत्ति,0.2727272727272727,0.27835051546391754
,data/oldNepali_fullset/oldNepali/images/DNA_1_00000054/eSc_line_2e6548b1.png,याकोछ.हाल्‌षमारिमात्रलाग्याका‌छन्.अरुअंगअंगसवैनापि.तपसिल,याकोछ.हाल्‌षमारिमात्रलाग्याका‌छन्.अरुअंगअंगसवैनापि.तपसिल,0.0,षमारि|तपसिल,षमारि|तपसिल,खमारी|तपसिल,खमारी|तपसिल,2,2,0.1785714285714285,0.1785714285714285,0.0,0,0,,,,,,,0.0,0.0
,data/oldNepali_fullset/oldNepali/images/DNA_2_00000327_result/eSc_line_6e5ac8a0.png,फर्क्याकोडव़ल्‌वूझिन्छ‌उस्‌जगादेषिआजकालइनहरुराजिरह्याजस्ताकुरागर्दैनन्‌.उस्काजमामा,फ्‌क्यांकोउवल्‌वूतिन्छउस्‌जगादेषिआजकालइनहरूराजिरह्याजस्ताकुरागर्दैनन्.उस्काजमामा,0.1097560971975326,आजकाल,आजकाल|गर्दैनन्,आजकाल,आजकाल|गर्नु,1,2,0.0609756097560975,0.1625,-0.1015243902439024,0,1,,गर्नु,,गर्दैनन्,नहरु,,0.04878048780487805,0.0
,data/oldNepali_fullset/oldNepali_100/images/DNA 4_00000506/eSc_line_2b54048f.png,ऊप्राँत.गरीप्रवर.श्रावणसुदी२।३रोज१।२मासानुपानीपर्दाव्युकोवचाउसम्मभयाकोहालश्राव,ऊप्रांत.गरीप्रवर.श्रावणसुदी२।३रोज१।२मासानुपानीपर्दायुकोवचाउस्‌म्मभयाकोहालश्राव,0.0641025677323341,गरीप्रवर|श्रावण|भयाको,ऊप्रांत|गरीप्रवर|श्रावण|भयाको,गरिबपरवर|श्रावण|हुनु,उप्रान्त|गरिबपरवर|श्रावण|हुनु,3,4,0.2435897435897435,0.3333333333333333,-0.0897435897435897,0,1,,उप्रान्त,,ऊप्रांत,,,0.0,0.0
,data/oldNepali_fullset/oldNepali_100/images/DNA 4_00000048/eSc_line_5354757d.png,लेमुलुकपनिविग्रीरहेछभनिमैलेजवाफदियूँनीजसाहेवलेकीतमेरा,लेमुलुकपनिविग्रीरहेछभनिमैलेजवाफछिँनीजमाहेवलेकीतमेरा,0.0754716992378234,मुलुक|रहेछ|साहेव,मुलुक|रहेछ,मुलुक|रहनु|साहेब,मुलुक|रहनु,3,2,0.2641509433962264,0.1764705882352941,0.0876803551609322,1,0,साहेब,,साहेव,,जवाफ,जवाफ,0.07547169811320754,0.0784313725490196
,data/oldNepali_fullset/oldNepali/images/DNA_1_00000116/eSc_line_39a6f6ce.png,कि.आषाढवदि१४रोज५मा.पठाऊनुभयाको.कृपापत्र.श्राव़णशुदि५रोज५माआईपुग्यो,कि.आषाढवदि१४रोज५मा.पठाऊनुभयाको.कृपोपत्र.श्रावणशुदि५रोज५माआईपुज्यो,0.0454545468091964,आषाढ|पठाऊनु|भयाको|कृपापत्र,आषाढ|पठाऊनु|भयाको|श्रावण,आषाढ़|पठाउनु|हुनु|कृपापत्र,आषाढ़|पठाउनु|हुनु|श्रावण,4,4,0.3484848484848485,0.3230769230769231,0.0254079254079254,1,1,कृपापत्र,श्रावण,कृपापत्र,श्रावण,,,0.0,0.0
,data/oldNepali_fullset/oldNepali_100/images/3/eSc_line_a64890b6.png,नलाग्यार.अमीर.र.रैयत्‌हरुले.इंगलिस्तान्कावादशाह,नलाग्यार.अमीर.र.रैयत्‌हरूले.इंगलिस्तान्कावादणह,0.0638297870755195,अमीर|वादशाह,अमीर,अमिर|बादशाह,अमिर,2,1,0.2127659574468085,0.0869565217391304,0.125809435707678,1,0,बादशाह,,वादशाह,,,,0.0,0.0
,data/oldNepali_fullset/oldNepali/images/CA__The Cambridge Manuscript_Page_008/eSc_line_70c1e1a4.png,नागलाईसमातील्यायार.वाटामाठकीगयोर.वाटामाविसायाकाजग्गामा.कर्कोटकनागकामूर्त्ति.स्वयंभूपर्व,नागलाईसमातील्यायार.वाटामाठकीगंयोर.वाटामाविसायाकाजग्गामा.दर्कोटकनागकामूर्त्ति.स्वयंभूपर्व,0.0229885056614875,,,,,0,0,0.0,0.0,0.0,0,0,,,,,कर्कोटक,,0.08045977011494253,0.0
,data/oldNepali_fullset/oldNepali_100/images/CA__The Cambridge Manuscript_Page_040/eSc_line_57c5be7d.png,नेपालभित्र.फुल्लोचमनिगोदावरीसन्निधानमादर्वारवनाईवसी.आनन्दसँगराजगर्दाभया॥राजाहरूकानाउ,नेपालभित्र.फुल्लोचमनिगोदावरीसन्तिधानमादर्वारवनाईवसी.आनन्दसंगराजगर्दाभया॥राजाहरूकाना,0.0357142873108387,नेपाल|दर्वार|वनाई|आनन्द|राजाहरू,नेपाल|दर्वार|वनाई|आनन्द|राजाहरू,नेपाल|दरबार|बनाउनु|आनन्द|राजा,नेपाल|दरबार|बनाउनु|आनन्द|राजा,5,5,0.3214285714285714,0.3253012048192771,-0.0038726333907056,0,0,,,,,गोदावरी|सन्निधान,गोदावरी,0.17857142857142858,0.08433734939759036
,data/oldNepali_fullset/oldNepali/images/CA__The Cambridge Manuscript_Page_009/eSc_line_7e8979e8.png,अघि२कामानिस् हरूवंधनमाराषीछोडन्या.कोईहातनभयाका.कोईँषुटानभयाका.कोईकाहाडमात्रैवाकीरह्या,अघि२कामानिस्‌हरूवंधनमाराषीछोउन्या.कोईहातनभयाका.कोईषुँटानभयाका.कोईकाहाउमात्रैवाकीरह्या,0.0588235296308994,मानिस्|छोडन्या|भयाका|भयाका,भयाका|भयाका,मानिस|छोड़्नु|हुनु|हुनु,हुनु|हुनु,4,2,0.2705882352941176,0.1176470588235294,0.1529411764705882,2,0,छोड़्नु|मानिस,,छोडन्या|मानिस्,,,,0.0,0.0
,data/oldNepali_fullset/oldNepali_100/images/DNA 4_00000201/eSc_line_61b51842.png,निहाम्रागुणकोप्रकासरहाम्रोउद्धार,निहाम्रागुणकोप्रकासर.हाम्रोउद्धार,0.03125,प्रकास|उद्धार,प्रकास|उद्धार,प्रकाश|उद्धार,प्रकाश|उद्धार,2,2,0.375,0.3636363636363636,0.0113636363636363,0,0,,,,,,,0.0,0.0
,data/oldNepali_fullset/oldNepali/images/CA__The Cambridge Manuscript_Page_007/eSc_line_fe9c4316.png,कानगीचगै.हेमहापुरूष.तिमिकोहौ.महाचीनजान्यावाटकाहाहोभनिसोधदा.सोहीपुरूषलेभ,कानगीचगै.हेमहापुरूष.तिमिकोहौ.महाचीनजान्यावाटकाहाहोभनिसोधदा.सोहीपुरुषलेभ,0.0140845067799091,,,,,0,0,0.0,0.0,0.0,0,0,,,,,महाचीन,महाचीन|पुरुष,0.08450704225352113,0.15492957746478872
,data/oldNepali_fullset/oldNepali_100/images/CA__The Cambridge Manuscript_Page_033/eSc_line_941a60ec.png,या.योवृत्तांतसवैइन्द्रानीघाटकादेवीलेजानीअव.ईनेपालमासदासर्वदाराजीकहुन्याछन्‌भनि.नेपालआई.मना,या.योवृत्तातसवैइन्द्रानीपाटकादेवीलेजानीअव.ईनेपालमासदासर्वदाराजीकहाछन् भनिनेपालआई.मना,0.0888888910412788,नेपाल|सर्वदा|नेपाल,नेपाल|सर्वदा|नेपाल,नेपाल|सर्वदा|नेपाल,नेपाल|सर्वदा|नेपाल,3,3,0.1777777777777777,0.1904761904761904,-0.0126984126984126,0,0,,,,,,,0.0,0.0
,data/oldNepali_fullset/oldNepali_100/images/9/eSc_line_1d3eccda.png,रैयत्‌लाइसुखीगराया२४वर्षराज्यगरीमर्‍याइन्कापाला,रैयत्‌लाइसुरवीगराया२४वर्षराज्यगरीमर्‍याइन्कापाला,0.0425531901419162,गराया,गराया,गराउनु,गराउनु,1,1,0.1063829787234042,0.1041666666666666,0.0022163120567375,0,0,,,,,,,0.0,0.0
,data/oldNepali_fullset/oldNepali/images/DNA_2_00000394_result/eSc_line_2d0d5d27.png,तोप्‌६८भया.भन्न्याकुरासुनिया.अष्‌तर्लोनीसाहव.फौतभ,तोप्‌६८भय़ा.भन्न्याकुरासुनिय़ा.अष्‌तर्लोनीसाहव.फौतभ,0.0408163256943225,साहव,साहव,साहेब,साहेब,1,1,0.0816326530612244,0.0784313725490196,0.0032012805122048,0,0,,,,,,,0.0,0.0
,data/oldNepali_fullset/oldNepali_100/images/E3420_00000318/eSc_line_086f81ea.png,चसिं भन्या कालिम्वुले गाउँतलाई हुदैननियावाट मैले,चासिं भन्या कालिम्वुले गाउँ तलाई हुदैन नियावाट मैले,0.0625,हुदैन,हुदैन,हुनु,हुनु,1,1,0.1041666666666666,0.0980392156862745,0.0061274509803921,0,0,,,,,तलाई,तलाई,0.08333333333333333,0.0784313725490196
,data/oldNepali_fullset/oldNepali_100/images/3/eSc_line_753ba867.png,प्रजाहरुउन्‌लाइवहुत्मान्थ्यार.२०लाषरुपैयादीति,प्रजाहरुउन्‌लाइवहुत्‌मान्थ्यार.२०लाषरुपैयादीत,0.0444444455206394,प्रजाहरु|रुपैया,प्रजाहरु|रुपैया,प्रजा|रुपैयाँ,प्रजा|रुपैयाँ,2,2,0.3111111111111111,0.3111111111111111,0.0,0,0,,,,,,,0.0,0.0
,data/oldNepali_fullset/oldNepali/images/CA__The Cambridge Manuscript_Page_001/eSc_line_3f88adee.png,आश्विनशुदिपूर्णिमाकादिन,आश्विनशुदिपूर्णिमाकादिन,0.0,आश्विन,आश्विन,आश्विन,आश्विन,1,1,0.2608695652173913,0.2608695652173913,0.0,0,0,,,,,पूर्णिमा,पूर्णिमा,0.34782608695652173,0.34782608695652173
,data/oldNepali_fullset/oldNepali_100/images/DNA 1_00000116/eSc_line_c83a6940.png,८७१सालमितिश्राव़णसुदि६रोज६मोकामअर्किशुभम्,८७१सालमितिश्राव़णसुदि६रोज६मोकामअर्किशुभम्,0.0,मोकाम|शुभम्,मोकाम|शुभम्,मुकाम|शुभम्,मुकाम|शुभम्,2,2,0.2439024390243902,0.2439024390243902,0.0,0,0,,,,,,,0.0,0.0
,data/oldNepali_fullset/oldNepali_100/images/CA__The Cambridge Manuscript_Page_032/eSc_line_affec14e.png,आवाहनागारीवडोअगमपूजागरी.कज्जललगाई.नित्यभावगरी,आवाहनागरीवडोअगमपूजागरी.कजललगाई.नित्यभावगरी,0.0666666701436042,लगाई,गरीव|लगाई,लगाउनु,गरिब|लगाउनु,1,2,0.0888888888888888,0.1904761904761904,-0.1015873015873015,0,1,,गरिब,,गरीव,अगम|कज्जल,अगम,0.17777777777777778,0.07142857142857142
,data/oldNepali_fullset/oldNepali_100/images/DNA 4_00000191/eSc_line_58ce96d1.png,लाठसाहेवलेमौकुफ्‌गर्‍यामौकुफगर्‍याकाफौजकावदलामाकंपनिकोफौजकन्टिल्,लाठसाहेवलेमौकुफ्‌गर्‍यामौकुफगर्‍याकाफौजवावदलामाकंपनिकोफौजकन्‌टिल्‌,0.046875,लाठसाहेव|वदला|कंपनि,लाठसाहेव|जवाव|कंपनि,लाटसाहेब|बदला|कम्पनी,लाटसाहेब|जबाब|कम्पनी,3,3,0.265625,0.2575757575757575,0.0080492424242424,1,1,बदला,जबाब,वदला,जवाव,,,0.0,0.0
,data/oldNepali_fullset/oldNepali_100/images/E3345_00000286/eSc_line_63ee7033.png,या.हामिहरुलेपनिनगरापाउन्याहुंभनि.तिमिहरुले.हाम्राहजुरमा.विंतिपार्दाजाहेर,यो.हामिहरूलेपनिनगरापाउन्याडभनि.तिमिहरूले.हाम्राहसुरमा.विंनिपार्दाजाहेर,0.1111111119389534,हामिहरु|नगरा|पाउन्या|तिमिहरु|हजुर|जाहेर,हामिहरू|नगरा|पाउन्या|तिमिहरू|जाहेर,हामी|नगरा|पाउनु|तिमी|हजुर|जाहेर,हामी|नगरा|पाउनु|तिमी|जाहेर,6,5,0.4722222222222222,0.4285714285714285,0.0436507936507936,3,2,हजुर,,तिमिहरु|हजुर|हामिहरु,तिमिहरू|हामिहरू,,सुरमा,0.0,0.07142857142857142
,data/oldNepali_fullset/oldNepali_100/images/DNA 1_00000671/eSc_line_8fabfa43.png,वैवीस्तार.वीन्तीगर्नान्‌:सरअपसर.माफराषीसीक्षाउपदेस,वैवीस्तार.वीन्तीगर्नान्‌:साअपमर.माफराषीसीकाउपदेस,0.0799999982118606,,,,,0,0,0.0,0.0,0.0,0,0,,,,,पसर,,0.06,0.0
,data/oldNepali_fullset/oldNepali/images/CA__The Cambridge Manuscript_Page_009/eSc_line_a4446f59.png,आफ्नु २ मूर्त्तिलेखीदी.कैल्हे २ अनावृष्टिभयोभन्या.इनि.हामिहरूकामूर्त्तिमापूजागरनु.अनावृष्टिशांतिहोला,आफ्नु २मूर्त्तिलेखीदी.कैल्हे२अनावृष्टिभयोभन्या.इनि.हामिहरूकामूर्त्तिमापूजागरनु.अनावृष्टिशांतिहोला,0.0299999993294477,हामिहरू,हामिहरू,हामी,हामी,1,1,0.07,0.0721649484536082,-0.0021649484536082,0,0,,,,,अनावृष्टि|जागर|अनावृष्टि,अनावृष्टि|जागर|अनावृष्टि,0.22,0.2268041237113402
,data/oldNepali_fullset/oldNepali_100/images/DNA 3_00000065/eSc_line_9d42def7.png,षर्च.सातपगरीकातोसपगरिकोतनुषाँकोचाडैठेगानावाधि.पठाई.दिनुभयावढियाहोला.ताहावाट,षर्च.सातपगरीकातोसपगरिकोतनुषाँकोचाडैठेगानावाधि.पठाईदिनुभयावढिचाहोला.ताहावाट,0.0266666673123836,पगरी|पगरि|पठाई|वढिया,पगरी|पगरि|पठाई,पगरि|पगरि|पठाउनु|बढिया,पगरि|पगरि|पठाउनु,4,3,0.2266666666666666,0.1621621621621621,0.0645045045045044,1,0,बढिया,,वढिया,,ठेगाना,ठेगाना,0.08,0.08108108108108109
,data/oldNepali_fullset/oldNepali_100/images/E3345_00000307/eSc_line_a07c4e3d.png,स्वस्तिश्रीमन्महाराजा,स्वस्तिश्रीमन्महाराजा,0.0,,,,,0,0,0.0,0.0,0.0,0,0,,,,,स्वस्तिश्री,स्वस्तिश्री,0.5238095238095238,0.5238095238095238
,data/oldNepali_fullset/oldNepali_100/images/DNA 4_00000552/eSc_line_7af1325b.png,पर्लाभन्याझैंपनिलाग्योवन्दोवस्तकोलालमोहरमायेक्‌वेव़राउर्दीदिन्यालाल,पर्लाभन्यारैपनिलाग्योवन्दोवस्तकोलालमोहरमायेक्‌वेव़राउर्दादिन्यालाल,0.0447761192917823,वन्दोवस्त|लालमोहर,वन्दोवस्त|लालमोहर,बन्दोबस्त|लालमोहर,बन्दोबस्त|लालमोहर,2,2,0.2388059701492537,0.2424242424242424,-0.0036182722749887,0,0,,,,,,,0.0,0.0
,data/oldNepali_fullset/oldNepali/images/15/eSc_line_fa959125.png,तारिचाहीपनि.आफ्नापुत्रकोवियोगशोकलेवैरागीभैफिरंताभैगई.तस् पछि.कतिचित् वर्ष.वितीतभयापछि,तारिचाहीपनि.आफ्नापुत्रकोवियोगशोकलेवैरागीभैकिरंताभैगई.तस् पछि.कतिचित्वर्ष.वितीतभयापछि,0.0235294122248888,वैरागी,वैरागी,वैरागी,वैरागी,1,1,0.0705882352941176,0.0714285714285714,-0.0008403361344537,0,0,,,,,वियोग,वियोग,0.058823529411764705,0.05952380952380952
,data/oldNepali_fullset/oldNepali/images/DNA_2_00000293_result/eSc_line_f7622ca3.png,काहै।मेरेकुसूरमाफ,काहै।मेरेकुसूरमाफ,0.0,,,,,0,0,0.0,0.0,0.0,0,0,,,,,,,0.0,0.0
,data/oldNepali_fullset/oldNepali_100/images/DNA 3_00000540/eSc_line_b91d1fbe.png,साहेवका.दर्गाहमाचढाय़ापंषाचढायाकावषतमा.लाषज,साहेवकादगोहमाचहाय़ापंषाचढायाकाचषतमा.लाषज,0.1395348906517028,साहेव|दर्गाह|चढायाका|वषत,साहेव|चढायाका,साहेब|दरगाह|चढाउनु|बखत,साहेब|चढाउनु,4,2,0.4883720930232558,0.3,0.1883720930232558,2,0,दरगाह|बखत,,दर्गाह|वषत,,,,0.0,0.0
,data/oldNepali_fullset/oldNepali/images/DNA_1_00000356/eSc_line_9626168a.png,श्रीः\,श्रीः\,0.0,,,,,0,0,0.0,0.0,0.0,0,0,,,,,,,0.0,0.0
,data/oldNepali_fullset/oldNepali/images/CA__The Cambridge Manuscript_Page_003/eSc_line_126f33fa.png,भैगयो॥तसर्थमेषसंक्रांतिकादिन.क्रकुत्संदवुद्धकावाक्यलेप्रकाशभयेछर.वाग् द्वारभनिनामभयाका,भैगयो॥तसर्थमेषसंक्रांतिकादिन.क्रकुत्संदवुद्धकावाक्यलेप्रकाशभयेछर.वाग्‌द्वारभनिनामभयाका,0.0116279069334268,तसर्थ|भयेछ|भयाका,तसर्थ|भयेछ|भयाका,तसर्थ|हुनु|हुनु,तसर्थ|हुनु|हुनु,3,3,0.1627906976744186,0.1627906976744186,0.0,0,0,,,,,प्रकाश,प्रकाश,0.06976744186046512,0.06976744186046512
,data/oldNepali_fullset/oldNepali/images/DNA_0013_0165/eSc_line_12a84f4e.png,त्या.गुठिहारलेअर्घ्यालोनचापनु.स्वदत्तांपरदत्तांम्वायोहरेद्वैवसुंधराम्षष्टिवर्षसहश्राणिविष्टायांजायेतेक्रिमी.ईतिसम्व,त्या.गुठिहारलेअर्घ्यालोनचापनु.स्वदत्तांपरदत्तांम्वायोहरेद्धैवसुंधराम्‌षष्टिवर्षसहथासिविष्टायांजायेतेत्रिमी.तिसम्व,0.0695652142167091,अर्घ्यालो,अर्घ्यालो,अर्घेलो,अर्घेलो,1,1,0.0782608695652174,0.079646017699115,-0.0013851481338976,0,0,,,,,,,0.0,0.0
,data/oldNepali_fullset/oldNepali/images/19/eSc_line_b45b40fc.png,त्योकुलिकनागले.अघिदेषिवसीरह्याकानागवासह्रदहो.नाहाकमंजुश्रीलेहामिलाईनिकाली,त्योकुलिकनागले.अघिदेषिवसीरह्याकानागवासह्रदहो.नाहाकमजुश्रीलेहामिलाईनिकाली,0.0136986300349235,रह्याका,रह्याका,रहनु,रहनु,1,1,0.0958904109589041,0.0972222222222222,-0.0013318112633181,0,0,,,,,कुलिक|नागवास,कुलिक|नागवास,0.1506849315068493,0.1527777777777778
,data/oldNepali_fullset/oldNepali/images/DNA_0013_0427/eSc_line_fa25c0a5.png,ककाषतमानीतीस्मृतिगर्नु.जिय़नमासनुभनि,ककाषतमानीतीस्नटतिगर्नु.जियनमासनुभनि,0.0833333358168602,,,,,0,0,0.0,0.0,0.0,0,0,,,,,,,0.0,0.0
,data/oldNepali_fullset/oldNepali_100/images/E3420_00000341/eSc_line_63b13a3e.png,वाटनगरा वक्ष्याको पुरानु भै विग्र्याका तारो थपि नयाँवनाई,वाट नगरावक्स्याकोपुरानु भै विग्याका तावो थपि नयाँवनाई,0.125,नगरा|वनाई,नगरा|वक्स्याको|वनाई,नगरा|बनाउनु,नगरा|बक्सनु|बनाउनु,2,3,0.1428571428571428,0.320754716981132,-0.1778975741239892,0,1,,बक्सनु,,वक्स्याको,पुरानु,पुरानु,0.10714285714285714,0.11320754716981132
,data/oldNepali_fullset/oldNepali_100/images/DNA 3_00000065/eSc_line_76ea705c.png,लाजगाकोजाचवुझ.गर्नलागिरह्याछौ.ञाहाकाजगाकोउठतिपैदावारजोठहर्ला.सोविन्ति.गरिपठाउ,लाजगाकोनाचवुझ्नलागिरह्याछौ.ञाहाकानगाकोउठतिपैदावारजोठहर्ला.सोविन्तिगरिपठाउ,0.0779220759868621,पैदावार|ठहर्ला,पैदावार|ठहर्ला,पैदावार|ठहर्नु,पैदावार|ठहर्नु,2,2,0.1688311688311688,0.1780821917808219,-0.009251022949653,0,0,,,,,गरिप,गरिप,0.05194805194805195,0.0547945205479452
,data/oldNepali_fullset/oldNepali_100/images/DNA 2_00000036_result/eSc_line_cb9fa30d.png,१८९४ सालमिति कार्तिकवदि ८रोज ७मोकाम्‌कलकत्ता,१८९४ सालमिति कार्तिकवदि ८रोज ७मोकाम्‌कलकत्ता,0.0,कार्तिक|कलकत्ता,कार्तिक|कलकत्ता,कार्त्तिक|कलकत्ता,कार्त्तिक|कलकत्ता,2,2,0.3181818181818182,0.3181818181818182,0.0,0,0,,,,,,,0.0,0.0
,data/oldNepali_fullset/oldNepali_100/images/CA__The Cambridge Manuscript_Page_027/eSc_line_5fc8644a.png,२७,३७,0.5,,,,,0,0,0.0,0.0,0.0,0,0,,,,,,,0.0,0.0
,data/oldNepali_fullset/oldNepali_100/images/DNA 2_00000395_result/eSc_line_208c2594.png,रीवभय़ो.व़कीलसहरैमाछन्‌.दर्वारमकूफ्‌भय़ाकोदेष्‌ता.इन्हे,रीवभय़ोव़कीलसहरैमाछन्.दर्वारमकूफ्‌भय़ाकोदेष्‌ता.इन्हे,0.036363635212183,दर्वार,दर्वार,दरबार,दरबार,1,1,0.109090909090909,0.1132075471698113,-0.0041166380789022,0,0,,,,,,,0.0,0.0
,data/oldNepali_fullset/oldNepali_100/images/DNA 3_00000306/eSc_line_a3203934.png,आश्विनवदि३०रोज३मुकाम्‌दिल्लीचलीचलाव़शु,आश्विनवदि३रोज३मुकाम्‌दिल्लीचलीचलाव़शु,0.0263157896697521,आश्विन,आश्विन,आश्विन,आश्विन,1,1,0.1578947368421052,0.1621621621621621,-0.0042674253200569,0,0,,,,,,,0.0,0.0
,data/oldNepali_fullset/oldNepali_100/images/DNA 4_00000552/eSc_line_7d3ee801.png,भन्न्यापछिल्लोलालमोहरमाभन्याडाँकारचोरिमासावितभयोभन्याज्यूजहा,भन्न्यापछिल्लोलालमोहरमाभन्याडाँकारचोरिमासावितभयोभन्याज्या,0.050000000745058,लालमोहर,लालमोहर,लालमोहर,लालमोहर,1,1,0.1166666666666666,0.1228070175438596,-0.0061403508771929,0,0,,,,,पछिल्लो,पछिल्लो,0.11666666666666667,0.12280701754385964
,data/oldNepali_fullset/oldNepali/images/DNA_0013_0522/eSc_line_30342992.png,मशुषभोगेगरयोविर्तासंकल्पहुदासंकल्पवाक्येपर्‍हन्याप्रोहितयदुनाथपंडितअर्ज्यालपानिहालन्याश्रीजनरलः,मशुषभोगेयत्योवितासंकल्पहुदासंकल्पवाक्येपहुन्याप्रोहिंतयहुनाथपंडितअर्ज्याल्‌पानिहालन्याश्रीजनरल,0.1473684161901474,संकल्प|संकल्प|प्रोहित|पंडित|अर्ज्याल|हालन्या,संकल्प|संकल्प|पंडित|हालन्या|जनरल,सङ्कल्प|सङ्कल्प|पुरोहित|पण्डित|अर्ज्याल|हाल्नु,सङ्कल्प|सङ्कल्प|पण्डित|हाल्नु|जनरल,6,5,0.4105263157894737,0.2978723404255319,0.1126539753639417,2,1,अर्ज्याल|पुरोहित,जनरल,अर्ज्याल|प्रोहित,जनरल,गेगर,,0.042105263157894736,0.0
,data/oldNepali_fullset/oldNepali_100/images/CA__The Cambridge Manuscript_Page_031/eSc_line_18c19b7d.png,भैरह्याका.शून्यदेशमा.जानमनगरी.वुढानीलकण्ठसंधिवहीगै.अनेकतीर्थ.शान्तेश्वरी.ज्ञानेश्वरम,भैरह्याका.शून्यदेशमा.जानमनगरी.वुढानीलकण्ठसंधिवहीगै.अनेकतीर्थ.शान्तेश्वरी.ज्ञानेश्वरम,0.0,रह्याका,रह्याका,रहनु,रहनु,1,1,0.0833333333333333,0.0833333333333333,0.0,0,0,,,,,नमन|नीलकण्ठ|अनेक,नमन|नीलकण्ठ|अनेक,0.16666666666666666,0.16666666666666666
,data/oldNepali_fullset/oldNepali/images/DNA_2_00000293_result/eSc_line_23ab474e.png,उद्दारकर्नेकोसमर्थहैँ।मेरेबिगडनेमेकुछबाकीनहीँरही,समर्थहैँ।मेरेबिगडनेमेकुछबाकीनहीँरही,0.2708333432674408,,,,,0,0,0.0,0.0,0.0,0,0,,,,,कोसम,समर्थ,0.08333333333333333,0.14285714285714285
,data/oldNepali_fullset/oldNepali/images/13/eSc_line_405c1453.png,यस्ताप्रज्ञोपायश्रीस्वयंभूगुह्येश्वरीआफैआफप्रकाशहुनुभयाकाहेरी.उनैकादर्शननिमित्तर.मंजुश्रीकाकी,यस्ताप्रजोपायश्रीस्वयंभूराह्येश्वरीआफैआफप्रकाशहुनुभयाकाहेरी.उनैकादर्शननिमित्तर.मंजुश्रीकाकी,0.0430107526481151,भयाका|दर्शन|निमित्त,भयाका|दर्शन|निमित्त,हुनु|दर्शन|निमित्त,हुनु|दर्शन|निमित्त,3,3,0.1827956989247312,0.1868131868131868,-0.0040174878884556,0,0,,,,,गुह्येश्वरी|प्रकाश,प्रकाश,0.1827956989247312,0.06593406593406594
,data/oldNepali_fullset/oldNepali_100/images/DNA 4_00000201/eSc_line_ad31eb4a.png,कोछैन‌अध्ययनकाअर्थकनसिद्धान्तकौमुदीश्रीसूर्यसिद्धान्तलीलावती.वीजग,कोछैनअध्ययनकाअर्थकनसिद्धान्तकोमुदीश्रीसूयसिद्धान्तलीलावती.वीजगु,0.0769230797886848,अध्ययन|सिद्धान्तकौमुदी|सूर्यसिद्धान्त|लीलावती,अध्ययन|लीलावती,अध्ययन|सिद्धान्तकौमुदी|सूर्यसिद्धान्त|लीलावती,अध्ययन|लीलावती,4,2,0.6461538461538462,0.2063492063492063,0.4398046398046398,2,0,सिद्धान्तकौमुदी|सूर्यसिद्धान्त,,सिद्धान्तकौमुदी|सूर्यसिद्धान्त,,अर्थक,अर्थक|सिद्धान्त|सिद्धान्त,0.07692307692307693,0.36507936507936506
,data/oldNepali_fullset/oldNepali_100/images/DNA 4_00000552/eSc_line_775070bc.png,काकुराकोउर्दिदिउभन्यागाइभैसिवाप्राधानचोर्न्यालाइपनिचोरभनींछगा,काकुराकोउर्दिउभन्यागाइभैसिवाप्राधानचोर्न्यालाइपनिचोरभनीछया,0.0655737668275833,,,,,0,0,0.0,0.0,0.0,0,0,,,,,निचोर,निचोर,0.08196721311475409,0.08620689655172414
,data/oldNepali_fullset/oldNepali/images/DNA_2_00000394_result/eSc_line_74e35e5c.png,याकोमोकाम्‌सीनकोविस्तार.अंगरेजीहरफका.छापाकोन,य़ाकोमोकाम्‌सीनकोविस्तार.अंगरेजीहरफका.छापाकोन,0.0227272734045982,विस्तार|अंगरेजी|हरफ,विस्तार|अंगरेजी|हरफ,बिस्तार|अङ्ग्रेजि|हरफ,बिस्तार|अङ्ग्रेजि|हरफ,3,3,0.3863636363636363,0.3777777777777777,0.0085858585858585,0,0,,,,,,,0.0,0.0
,data/oldNepali_fullset/oldNepali/images/DNA_0010_0668/eSc_line_934b6505.png,धानचाव़लषरीदगरिताहिकादर्वारमावढिय़ाजगामाथनक्या,धातचाव़लषरीदगरिताहिकादर्वारमावढियाजगामाथन्‌क्या,0.0869565233588218,दर्वार,दर्वार|वढिया,दरबार,दरबार|बढिया,1,2,0.1304347826086956,0.2340425531914893,-0.1036077705827937,0,1,,बढिया,,वढिया,,,0.0,0.0
,data/oldNepali_fullset/oldNepali/images/DNA_1_00000410/eSc_line_4ced8a3a.png,१,२,1.0,,,,,0,0,0.0,0.0,0.0,0,0,,,,,,,0.0,0.0
,data/oldNepali_fullset/oldNepali_100/images/CA__The Cambridge Manuscript_Page_032/eSc_line_330da305.png,ध्येगरीवस्या.इसहर.उजरीगयापछि.एक१चोरलेज्ञानेश्वरलिंगभित्र.स्पर्शमणीछभनिवन्‌चरालेचिर्दाचि,ध्येगरीवस्या.इसहर.उजरीगयापछि.एक१चोरलेज्ञानेश्वरलिंगभित्र.स्यर्शमणीछभनिवन् चरालेचिर्दाचि,0.0229885056614875,गरीव|सहर,गरीव|सहर,गरिब|सहर,गरिब|सहर,2,2,0.0804597701149425,0.0804597701149425,0.0,0,0,,,,,,,0.0,0.0
,data/oldNepali_fullset/oldNepali_100/images/DNA 4_00000552/eSc_line_8871182d.png,दिंदातहाम्रारैयेत्‌हरुकोसार्‍हैमन्‌षस्‌नजालाअलिक्‌देसमापनिवदनाम,दिवातहाम्रारैयेत्‌हरूकोसाहैमन्‌यस्‌नजालाअलिक्‌देसमापनिवदनाम,0.1111111119389534,,,,,0,0,0.0,0.0,0.0,0,0,,,,,,,0.0,0.0
,data/oldNepali_fullset/oldNepali/images/CA__The Cambridge Manuscript_Page_004/eSc_line_0d73ae5f.png,या.तसर्थ.उस् दिनदेषि.जौनविष्णुजी.उस् वषत्.रसातलमाजाउंभनिगै.जस् ठाउवाटगुप्तभैग,या.तसर्थ.उस्‌दिनदेषि.जौनविष्णुजी.उस् वषत्.रसातलमाजाउंभनिगै.जस्ठाउवाटगुप्तभैग,0.0259740259498357,तसर्थ|वषत्,तसर्थ|वषत्,तसर्थ|बखत,तसर्थ|बखत,2,2,0.1168831168831168,0.1184210526315789,-0.001537935748462,0,0,,,,,रसातल,रसातल,0.06493506493506493,0.06578947368421052
,data/oldNepali_fullset/oldNepali/images/CA__The Cambridge Manuscript_Page_010/eSc_line_77caddb7.png,वंशा,वंशा,0.0,,,,,0,0,0.0,0.0,0.0,0,0,,,,,,,0.0,0.0
,data/oldNepali_fullset/oldNepali/images/DNA_1_00000285/eSc_line_6ae50e79.png,गुज़रे।०।ष़ाविन्दमेरे।दिल्लीमे।बतौर‌अफुवेके,गुज़रेँ।०।बाविन्दमेरे।दिल्लीमे।बतौरअफुवेके,0.0930232554674148,,,,,0,0,0.0,0.0,0.0,0,0,,,,,,,0.0,0.0
,data/oldNepali_fullset/oldNepali/images/DNA_1_00000054/eSc_line_726a8023.png,लेषि.अर्काहुलाक्‌माचह्राईपठाउन्याकाम्‌गरुला.औ.सुवेदारजसिवंतकँव,लेषि.अर्काहुलाक्‌माचर्‍हाईपठाउन्याकाम्‌गरुला.औ.सुवेदारजसिवंतकँव,0.0483870953321456,चह्राई|पठाउन्या|गरुला|सुवेदार|जसिवंत,पठाउन्या|गरुला|सुवेदार|जसिवंत,चड़ाइ|पठाउनु|गर्नु|सुबेदार|जसिवंत,पठाउनु|गर्नु|सुबेदार|जसिवंत,5,4,0.5161290322580645,0.4126984126984127,0.1034306195596518,1,0,चड़ाइ,,चह्राई,,,,0.0,0.0
,data/oldNepali_fullset/oldNepali/images/DNA_1_00000316/eSc_line_68ec996e.png,जानावुझिहेर्याकोछैन२।४दिनभीत्रनालनिसानषजानावुझि,जानावुझिहेर्याकोछैन२।४दिनभीत्रनालनिसानषजानावुझि,0.0,हेर्याको|निसान|षजाना,हेर्याको|निसान|षजाना,हेर्नु|निशान|खजाना,हेर्नु|निशान|खजाना,3,3,0.3829787234042553,0.3829787234042553,0.0,0,0,,,,,,,0.0,0.0
,data/oldNepali_fullset/oldNepali/images/DNA_0014_0296/eSc_line_35d21486.png,तापसिंहसाहवहादूर्सम्सेर्जङ्‌देवानाम्‌सदासमरविजयिनाम्,तापसिहसाहवहादूर्सम्सेर्जड्‌देवानाम्‌सदासमरविजयिनाम्,0.0384615398943424,साहव,साहव,साहेब,साहेब,1,1,0.0769230769230769,0.0784313725490196,-0.0015082956259426,0,0,,,,,समर,समर,0.057692307692307696,0.058823529411764705
,data/oldNepali_fullset/oldNepali_100/images/DNA 2_00000110_result/eSc_line_58e0227e.png,ष्याकोरहेछ.वारुदगोलिपत्थर.विषसर.केहिवंदूक्‌ञहांभयाअनुसारकाजिरेव़ंतक,ष्याकोरहेछ.वारुदगोलिपत्थर.विषसर.केहिवंदूक्‌ञहांभयाअनुसारकाजिरेव़ंतक,0.0,रहेछ|वारुद|पत्थर|अनुसार,रहेछ|वारुद|पत्थर|अनुसार,रहनु|बारुत|पत्थर|अनुसार,रहनु|बारुत|पत्थर|अनुसार,4,4,0.2985074626865671,0.2985074626865671,0.0,0,0,,,,,,,0.0,0.0
,data/oldNepali_fullset/oldNepali/images/DNA_1_00000212/eSc_line_d32f7339.png,सेवासतम्‌पुर्वकपत्रमिदम्.ताहाँकाकृपाले.ञाँहानीकाआनन्दछौँ.ताहाँचरणक्षेमकुसलमंगलहुनुभयाहाम्रोउद्धारहोला.आगेञाहाँकोसमाचारभलोछ.उ,सेवा.तसपुर्वकषभमिद्माहाँकाकपाले.ञाँहाञीकाआनन्दछौं.नाहाक्षाराक्षेम्‌कुतलमंगलहुलुभय़ाहारोउद्रारहोल्‌आगेजाहाँकोसमाचारभनि,0.2903225719928741,पुर्वक|आनन्द|चरण|क्षेमकुसल|मंगल|उद्धार|समाचार,पुर्वक|आनन्द|मंगल|समाचार,पूर्वक|आनन्द|चरण|क्षेमकुशल|मङ्गल|उद्धार|समाचार,पूर्वक|आनन्द|मङ्गल|समाचार,7,4,0.314516129032258,0.1794871794871795,0.1350289495450785,3,0,उद्धार|क्षेमकुशल|चरण,,उद्धार|क्षेमकुसल|चरण,,पत्रमिदम्,,0.07258064516129033,0.0
,data/oldNepali_fullset/oldNepali/images/DNA_1_00000523/eSc_line_a3f13c31.png,सेव़कलोकरमणोपाध्यायकोवेदो,सेवक्‌लोकरमणेपाध्यायकोवेदा,0.2000000029802322,,,,,0,0,0.0,0.0,0.0,0,0,,,,,करम,करम,0.12,0.11538461538461539
,data/oldNepali_fullset/oldNepali_100/images/DNA 2_00000161_result/eSc_line_51b3281b.png,श्रीपुतलीरानीभाउज्यू,श्रीपुतलीरानीभाउज्यू,0.0,पुतली,पुतली,पुतलि,पुतलि,1,1,0.25,0.25,0.0,0,0,,,,,भाउज्यू,भाउज्यू,0.35,0.35
,data/oldNepali_fullset/oldNepali/images/DNA_0013_0160/eSc_line_2bdab2ac.png,११७,११७,0.0,,,,,0,0,0.0,0.0,0.0,0,0,,,,,,,0.0,0.0
,data/oldNepali_fullset/oldNepali/images/CA__The Cambridge Manuscript_Page_002/eSc_line_bf6e00a2.png,क्लका.पूर्णिमाकादिन.दर्शनगरी.श्रीगुह्येश्वरीप्रकाशगरी.श्रीगुह्येश्वरीकापनि.विश्वरूपदर्शन.शुक्लादिमा,क्तका.पूर्णिमाकादिन.दर्शनगरी.श्रीगुह्येश्वरीप्रकाशगरी.श्रीगुह्येश्वरीकापनि.विश्वरूपदर्शनशुक्लादिमा,0.0202020201832056,दर्शन|दर्शन,दर्शन|दर्शन,दर्शन|दर्शन,दर्शन|दर्शन,2,2,0.101010101010101,0.1020408163265306,-0.0010307153164296,0,0,,,,,पूर्णिमा|गुह्येश्वरी|प्रकाश|गुह्येश्वरी|विश्वरूप,पूर्णिमा|गुह्येश्वरी|प्रकाश|गुह्येश्वरी|विश्वरूप,0.4444444444444444,0.4489795918367347
,data/oldNepali_fullset/oldNepali_100/images/CA__The Cambridge Manuscript_Page_038/eSc_line_3d4594fd.png,रोपनीआदिसवथोकदीषुसीगराई.समुझाई.वुझाई.आफ्नीपुत्रीचारुमतीसंगराषी.दुवैजनासितविदाली.अ,रोपनीआदिसवथोकदीषुसीगराई.समुझाई.वुझाई.आफ्नीपुत्रीचारुमतीसंगराषी.दुव़ैजनासितविदाली.अ,0.0123456791043281,गराई|वुझाई,गराई|वुझाई,गराउनु|बुझाउनु,गराउनु|बुझाउनु,2,2,0.1111111111111111,0.1097560975609756,0.0013550135501354,0,0,,,,,रोपनी|चारुमती,रोपनी|चारुमती,0.14814814814814814,0.14634146341463414
,data/oldNepali_fullset/oldNepali/images/DNA_1_00000116/eSc_line_c83a6940.png,८७१सालमितिश्राव़णसुदि६रोज६मोकामअर्किशुभम्,८७१सालमितिश्राव़णसुदि६रोज६मोकामअर्किशुभम्,0.0,मोकाम|शुभम्,मोकाम|शुभम्,मुकाम|शुभम्,मुकाम|शुभम्,2,2,0.2439024390243902,0.2439024390243902,0.0,0,0,,,,,,,0.0,0.0
,data/oldNepali_fullset/oldNepali/images/16/eSc_line_d1a77a26.png,ला लीजापगर्नलाग्योर.फेरीअसमर्थमानि.जापमालाछाडीगयो.ताहापछि.वाटामाएकपुरूषले.आफ्नाअंगुछामा,लानलीजापगर्नलाग्योर.फेरीअसमर्थसानि.जापमालाछाडीगयो.ताहापछिचाटामाएकपुरूषले.आफ्नाअंगुछामा,0.0459770113229751,,,,,0,0,0.0,0.0,0.0,0,0,,,,,असमर्थ,असमर्थ,0.06896551724137931,0.06976744186046512
,data/oldNepali_fullset/oldNepali/images/DNA_0014_0242/eSc_line_88f5ddf0.png,रिराजचक्रचूडामणिनरनारायणेत्यादिविविधविरू,रिराजचक्रचूडामणिनरनारायणेत्यादिविविधविरु,0.025000000372529,,,,,0,0,0.0,0.0,0.0,0,0,,,,,चूडामणि|विविध,चूडामणि|विविध,0.3,0.3
,data/oldNepali_fullset/oldNepali/images/DNA_0012_0007/eSc_line_46ae53a2.png,सिदासकोचेला.रामदास्‌लाइदीनु.आफुलेनपाउन्यामहन्त्याञी.मपाउन्या,सिदासकोचेला.रामदास्‌लाइदीनु.आफुलेनपाउन्यामहन्त्याञी.मपाउन्या,0.0,पाउन्या|पाउन्या,पाउन्या|पाउन्या,पाउनु|पाउनु,पाउनु|पाउनु,2,2,0.2333333333333333,0.2333333333333333,0.0,0,0,,,,,,,0.0,0.0
,data/oldNepali_fullset/oldNepali_100/images/CA__The Cambridge Manuscript_Page_036/eSc_line_ba9ed1c8.png,इन्कापालामाकलियुगकोपादलेपृथ्वीकनछोयोभनि.ज्योतीषजान्याहरूलेसुनाया.इन्‌दिनदेषिसंपूर्णप्राणी६,इन्कापालामाकलियुगकोपादलेपृथीकनछोयोभनि.त्योतीषजान्याहरूलेसुनाया.इन्‌दिनदेषिसपूर्णप्राणि,0.0666666701436042,संपूर्ण,,सम्पुर्न,,1,0,0.0777777777777777,0.0,0.0777777777777777,1,0,सम्पुर्न,,संपूर्ण,,कलियुग,कलियुग,0.06666666666666667,0.06976744186046512
,data/oldNepali_fullset/oldNepali/images/DNA_1_00000116/eSc_line_ba11c3ad.png,ऊप्रान्त.ग्रहणमा २ नुहाव़नजाँदा.कहलुर्‍याराजाले.मछेउभन्याकोस्माचार.रणजीतसिं,ऊप्रान्त.ग्रहणमा २ नुहाव़नजाँदा.कहलुर्‍याराजाले.मछेउभन्याकोस्माचार.रणजीतसिं,0.0,ऊप्रान्त|ग्रहण|भन्याको|रणजीत,ऊप्रान्त|ग्रहण|भन्याको|रणजीत,उप्रान्त|ग्रहण|भन्नु|रणजीत,उप्रान्त|ग्रहण|भन्नु|रणजीत,4,4,0.3333333333333333,0.3333333333333333,0.0,0,0,,,,,,,0.0,0.0
,data/oldNepali_fullset/oldNepali_100/images/DNA 4_00000490/eSc_line_81069c89.png,रोजकादिनकालिज्यामीरदाना२४कोपेरुंगा१डाक्‌वाटचढाइपठायाको,रोजकादिनकालिज्यावीरदाना२८कोपेरुंगा१डाक्‌वाटचढाइपठायाको,0.0370370373129844,पठायाको,पठायाको,पठाउनु,पठाउनु,1,1,0.1296296296296296,0.1296296296296296,0.0,0,0,,,,,चढाइ,चढाइ,0.07407407407407407,0.07407407407407407
,data/oldNepali_fullset/oldNepali_100/images/CA__The Cambridge Manuscript_Page_034/eSc_line_fc1db79e.png,भोगवर्ष१०००यस्‌पछि.शून्यवर्ष१०००फेरीविशालनगरकावर्षहज्जार२फेरीपिंगलोपाख्यानवर्षपचा,भोगवर्ष१००यस्‌पछि.शून्यवर्ष१०००फेरीविशालनगरकावर्षहजार२फेरीपिगलोपारष्यानवर्षपचा,0.0740740746259689,नगर|हज्जार,नगर|हजार,नगर|हजार,नगर|हजार,2,2,0.1111111111111111,0.0897435897435897,0.0213675213675213,1,1,,,हज्जार,हजार,विशाल,विशाल,0.06172839506172839,0.0641025641025641
,data/oldNepali_fullset/oldNepali_100/images/DNA 2_00000161_result/eSc_line_47d068e4.png,द्धायोकामगर्‍याको१५।१६वर्षभयोभंन्या.विंतिगर्‍या.अ,द्धायोकामगर्‍याको१५।१६वर्षभयोभंन्या.विंतिगर्‍या.अ,0.0,,,,,0,0,0.0,0.0,0.0,0,0,,,,,,,0.0,0.0
,data/oldNepali_fullset/oldNepali/images/DNA_0014_0296/eSc_line_cf4d681b.png,सावलेअमालिदारलेतिराइदिनु.वितलपकाकुरियामाहापनिति,सावलेअमालिदारलेतिराइदिनु.वितलपकाकुरियामाहापनिति,0.0,अमालिदार|तिराइ|वितलप|कुरिया,अमालिदार|तिराइ|वितलप|कुरिया,अमालिदार|तिराउनु|बितलब|कुरिया,अमालिदार|तिराउनु|बितलब|कुरिया,4,4,0.5106382978723404,0.5106382978723404,0.0,0,0,,,,,,,0.0,0.0
,data/oldNepali_fullset/oldNepali_100/images/CA__The Cambridge Manuscript_Page_033/eSc_line_f241f9d5.png,॥ ॥त्रेतायुगकाभोगवार्हलाषछयानन्यहज्जार१२९६०००मनुष्यकाआयुपाँचहज्जार५०००प्राणवायु॥,॥ ॥त्रेतायुगकाभोगवाहूलापछ्यानव्यहज्जार१२९६००मनुष्यकाआयुपाँवहज्जार५०००प्राणवायु॥,0.1000000014901161,हज्जार|मनुष्य|हज्जार,हज्जार|मनुष्य|हज्जार,हजार|मनुष्य|हजार,हजार|मनुष्य|हजार,3,3,0.225,0.2278481012658227,-0.0028481012658227,0,0,,,,,त्रेतायुग|प्राणवायु,त्रेतायुग|प्राणवायु,0.225,0.22784810126582278
,data/oldNepali_fullset/oldNepali_100/images/DNA 1_00000671/eSc_line_f94b2801.png,स्वस्तिश्रीसर्वोपमाज़ोग्येत्यादिसकलगुण:गम्भीर:राजभारोद्धरसामर्थसी,स्वस्तिश्रीसर्वोपमाजोग्येत्यादिसकलगुगा:गम्सीर:राजभारोद्धरसामर्थसी,0.0615384615957737,सामर्थ,सामर्थ,सामर्थ,सामर्थ,1,1,0.0923076923076923,0.0923076923076923,0.0,0,0,,,,,स्वस्तिश्री|सकल|गम्भीर,स्वस्तिश्री|सकल,0.3076923076923077,0.2153846153846154
,data/oldNepali_fullset/oldNepali/images/DNA_2_00000394_result/eSc_line_20339b7e.png,६कादिन्‌ .फौतभया.कंपनीकाषैरषाह.पुरानाआदमीथिया,६कादिन्‌.फौतभय़ा.कंपनीकाषैरषाह.पुरानाआदमीथिय़ा,0.0666666701436042,कंपनी|आदमी,कंपनी|आदमी,कम्पनी|आदमी,कम्पनी|आदमी,2,2,0.2,0.1956521739130435,0.0043478260869565,0,0,,,,,पुराना,पुराना,0.13333333333333333,0.13043478260869565
,data/oldNepali_fullset/oldNepali_100/images/13/eSc_line_00675c29.png,राज्यगर्छन्.कलकत्तादेषीतहासम्मजहाजकोवाटो,राज्यगर्छन्.कलकत्तादेषीतहासम्मजहाजकोवाटो,0.0,गर्छन्|कलकत्ता|जहाज,गर्छन्|कलकत्ता|जहाज,गर्नु|कलकत्ता|जहाज,गर्नु|कलकत्ता|जहाज,3,3,0.425,0.425,0.0,0,0,,,,,,,0.0,0.0
,data/oldNepali_fullset/oldNepali_100/images/DNA 2_00000126_result/eSc_line_cd63259f.png,उप्रांन्त:पूर्वअंग्रेजकोसर्हद्दमाआक्‌आयेवर.ककोइफकोईभंन्याव्रह्मावादसाह,उप्रांन्त:पूर्वअंग्रेजकोसर्हद्दमाआक्‌आयेवर.ककोइफकोईभंन्याव्रह्मावादसाह,0.0,उप्रांन्त|वादसाह,उप्रांन्त|वादसाह,उप्रान्त|बादशाह,उप्रान्त|बादशाह,2,2,0.2142857142857142,0.2142857142857142,0.0,0,0,,,,,,,0.0,0.0
,data/oldNepali_fullset/oldNepali/images/DNA_0012_0007/eSc_line_7b84a788.png,नु.कारोवारिमैलेहुनुतिम्रासेषपछीय़ोमहन्त्याञीमैलेचलाउनुभंन्या,नु.कारोवारिमैलेहुनुतिम्रासेषपछीयोमहन्त्याञीमैलेचलाउनुभंन्या,0.016666667535901,चलाउनु,चलाउनु,चलाउनु,चलाउनु,1,1,0.1,0.1016949152542373,-0.0016949152542372,0,0,,,,,,,0.0,0.0
,data/oldNepali_fullset/oldNepali/images/DNA_2_00000095_result/eSc_line_27679495.png,तैवढियागर्दारह्याछन्‌ञाहाकासाहेवा,तैवढिय़ागर्दारह्माइपन्‌आहाकासाहेवा,0.1818181872367859,वढिया,,बढिया,,1,0,0.1515151515151515,0.0,0.1515151515151515,1,0,बढिया,,वढिया,,,,0.0,0.0
,data/oldNepali_fullset/oldNepali/images/DNA_1_00000116/eSc_line_228f0c0e.png,यो.फ,यो.फ,0.0,,,,,0,0,0.0,0.0,0.0,0,0,,,,,,,0.0,0.0
,data/oldNepali_fullset/oldNepali_100/images/DNA 1_00000609/eSc_line_7d2a3be7.png,हजूरकापनितेहिजोग.पर्‍याकोछ.कुंडली.दशागन्याकोच,हजूरकापनितेहिजोग.पर्याकोछ.कुंडली.दशागर्न्याकोच,0.0666666701436042,हजूर,हजूर|पर्याको,हजुर,हजुर|पर्नु,1,2,0.0888888888888888,0.2391304347826087,-0.1502415458937198,0,1,,पर्नु,,पर्याको,,,0.0,0.0
,data/oldNepali_fullset/oldNepali/images/DNA_1_00000116/eSc_line_4882ee66.png,अर्जिजानिनजानिलेष्याको.माफ्‌भयाजाला.ईतिसम्वत्१,अर्जिजानिनजानिलेष्याको.माफ्‌भयाजाला.ईतिसम्वत्१,0.0,लेष्याको|सम्वत्,लेष्याको|सम्वत्,लेख्नु|संवत्,लेख्नु|संवत्,2,2,0.3043478260869565,0.3043478260869565,0.0,0,0,,,,,,,0.0,0.0
,data/oldNepali_fullset/oldNepali/images/DNA_0003_0551/eSc_line_e0ef34c9.png,गरीवपर्वरहाललखनऊकादरियाफ्तहुवाकिइसमहीनेमेँकइरइ,गरीवपर्वरहाललखनउकादरियाफ़ाहुवाकिइसमहीनेमेँकइरइ,0.0652173906564712,गरीव,गरीव,गरिब,गरिब,1,1,0.0869565217391304,0.0869565217391304,0.0,0,0,,,,,लखन|दरिया,लखन|दरिया,0.17391304347826086,0.17391304347826086
,data/oldNepali_fullset/oldNepali_100/images/DNA 4_00000552/eSc_line_800b3edf.png,वाटसजायगर्नुभन्न्यावेव़राकोअघिल्लोयोपाठकोवन्दोवस्तलाईतेरातजवीज,वाटसजायगर्नुभन्न्यावेव़राकोअघिल्लोयोपाठकोवन्दोवस्तलाईतेरातजवीज,0.0,वन्दोवस्त,वन्दोवस्त,बन्दोबस्त,बन्दोबस्त,1,1,0.1451612903225806,0.1451612903225806,0.0,0,0,,,,,सजाय|अघिल्लो,सजाय|अघिल्लो,0.1774193548387097,0.1774193548387097
,data/oldNepali_fullset/oldNepali/images/DNA_0001_0167/eSc_line_490f8014.png,कमारव़ानागर्नषोज्दाहल्काराहरूआइपुग्यारथामिय़ाकोहोइनहल्काराहस्तेचह्राइपठाउला.ञा,कमारव़ानागर्नषोज्दाहल्काराहरूआइपुग्यार थामिय़ाकोहोइनहल्काराहस्तेचहाइपठाउला.ञा,0.0384615398943424,हल्काराहरू|होइन|हल्कारा|चह्राइ|पठाउला,हल्काराहरू|होइन|हल्कारा|पठाउला,हल्कारो|हुनु|हल्कारो|चड़ाइ|पठाउनु,हल्कारो|हुनु|हल्कारो|पठाउनु,5,4,0.4230769230769231,0.3506493506493506,0.0724275724275724,1,0,चड़ाइ,,चह्राइ,,कमार,कमार,0.05128205128205128,0.05194805194805195
,data/oldNepali_fullset/oldNepali_100/images/DNA 1_00000054/eSc_line_5aef0a3c.png,अर्जि,अर्जि,0.0,,,,,0,0,0.0,0.0,0.0,0,0,,,,,,,0.0,0.0
,data/oldNepali_fullset/oldNepali/images/CA__The Cambridge Manuscript_Page_002/eSc_line_7aa74e9e.png,तिकादिन.वासदी.यस् क्षेत्रकाधनद्रव्यसवै.तम्राषुसिभयोभनि.कर्कोटकनागराजलाईवुझाई.ठुलोतलाउ,तिकादिन.वासदी.यस् क्षेत्रकाधनद्रव्यसवै.तम्राषुसिभयोभनि.कर्कोटकनागराजलाईवुझाई.ठुलोतलाउ,0.0,वुझाई,वुझाई,बुझाउनु,बुझाउनु,1,1,0.0588235294117647,0.0588235294117647,0.0,0,0,,,,,कर्कोटक|नागराज|तलाउ,कर्कोटक|नागराज|तलाउ,0.2,0.2
,data/oldNepali_fullset/oldNepali/images/DNA_0013_0160/eSc_line_7c607ef5.png,१,९,1.0,,,,,0,0,0.0,0.0,0.0,0,0,,,,,,,0.0,0.0
