page,image_path,ground_truth,prediction,cer,gt_words,pred_words,gt_lemmas,pred_lemmas,gt_word_count,pred_word_count,gt_coverage,pred_coverage,coverage_delta,lost_word_count,gained_word_count,lost_lemmas,gained_lemmas,lost_words,gained_words
,data/oldNepali_fullset/oldNepali/images/DNA_0012_0638/eSc_line_d107da76.png,हाये\,हाये\,0.0,,,,,0,0,0.0,0.0,0.0,0,0,,,,
,data/oldNepali_fullset/oldNepali/images/DNA_0013_0376/eSc_line_368ddd08.png,श्रीदुर्गासहाय\,श्रीदुर्गासहाय.\,0.0666666701436042,,,,,0,0,0.0,0.0,0.0,0,0,,,,
,data/oldNepali_fullset/oldNepali/images/DNA_0013_0160/eSc_line_49511b8c.png,तयदुनाथपंडितअर्ज्यालपानिहालन्याश्रीजनरलभीमसेनथापासाधलाउन्यासधियारमोदनाथअर्ज्यालमेघनाथपाडेव्राह्मणटोलकोअमितसिंडगोल,तपठुनापंडित‌अर्ज्यालपानिहालन्याश्रीजनरलभीमसिन्नधायासाधलाउन्यासधियारमोहनापञ्यालसेचनाथयाडेज्राहाराटोलकोआमिजासिंडगोला,0.2300885021686554,पंडित|अर्ज्याल|पानि|हालन्या|जनरल|सेन|थापा|साध|लाउन्या|अर्ज्याल|पाडे|व्राह्मण|टोल|डगोल,अर्ज्याल|पानि|हालन्या|जनरल|साध|लाउन्या|टोल,पण्डित|अर्ज्याल|पानि|हाल्नु|जनरल|सेन|थापा|साँध|लाउनु|अर्ज्याल|पाँड़े|ब्राह्मण|टोल|डङ्गोल,अर्ज्याल|पानि|हाल्नु|जनरल|साँध|लाउनु|टोल,14,7,0.6371681415929203,0.3157894736842105,0.32137866790870984,6,0,डङ्गोल|थापा|पण्डित|पाँड़े|ब्राह्मण|सेन,,डगोल|थापा|पंडित|पाडे|व्राह्मण|सेन,
,data/oldNepali_fullset/oldNepali_100/images/DNA 2_00000264_result/eSc_line_4c03d4cc.png,मकोवक्साजायेकेगुलाम‌अपनेहक्‌मतलव्‌कोपहुचेआगेगुलामषा,मकोवक्साजायेकेगुलाम‌अपनेहक्‌मतलव्‌कोपहुचेआगेगुलामषा,0.0,आगे,आगे,आगे,आगे,1,1,0.058823529411764705,0.058823529411764705,0.0,0,0,,,,
,data/oldNepali_fullset/oldNepali/images/DNA_0001_0367/eSc_line_65e0445f.png,भयाकाछन्भनि.ठोपिप्रेन्सिप्‌साहव.तेश्राकौसलिले.हाफिजअहमदकवि,भयाकाछन्भनि. ठोपिप्रेन्सिप्‌साहव.तेश्राकौसलिले. हाफिजअहमदकवि,0.0344827584922313,भयाका|साहव|तेश्रा|कौसलि,भयाका|साहव|तेश्रा|कौसलि,हुनु|साहेब|तेस्त्रो|कौसलि,हुनु|साहेब|तेस्त्रो|कौसलि,4,4,0.3448275862068966,0.3333333333333333,0.01149425287356326,0,0,,,,
,data/oldNepali_fullset/oldNepali/images/CA__The Cambridge Manuscript_Page_009/eSc_line_be8a1544.png,मिमागया.आर्यावलोकितेश्वरलेआज्ञाभयावमोजीम्.ताहावसीरह्याकोघोडाजो.वालाहनाम.अश्वराजलाई,मिमागया.आर्यावलोकितेश्वरलेआज्ञाभयावमोजीम्.ताहावसीरह्याकोद्योडाजो.वालाहनाम.अश्वराजलाई,0.0365853644907474,गया|आज्ञा|भया|वमोजीम्|ताहा|वसी|रह्याको|घोडा|नाम|राज|लाई,गया|आज्ञा|भया|वमोजीम्|ताहा|वसी|रह्याको|नाम|राज|लाई,जानु|आज्ञा|हुनु|बमोजिम|त्यहाँ|बस्नु|रहनु|घोडो|नाउँ|राज|लाई,जानु|आज्ञा|हुनु|बमोजिम|त्यहाँ|बस्नु|रहनु|नाउँ|राज|लाई,11,10,0.5487804878048781,0.4880952380952381,0.06068524970964001,1,0,घोडो,,घोडा,
,data/oldNepali_fullset/oldNepali/images/CA__The Cambridge Manuscript_Page_022/eSc_line_8d7b8df0.png,ले.पानिथुनीदियो.उसवषत्.त्योमंजुपत्तनसहरवासीभया.सांकाश्यानगरवासीभया.विशालनगर,ले.पानिथुनीदियो.उस् वषत.त्योमंजुपत्तनसहरवासीभया.सांकाश्यानगरवासीभया.विशालनगर,0.0399999991059303,पानि|दियो|सव|सहर|भया|नगर|भया|नगर,पानि|दियो|उस्|वषत|सहर|भया|नगर|भया|नगर,पानि|दिनु|सब|सहर|हुनु|नगर|हुनु|नगर,पानि|दिनु|ऊ|बखत|सहर|हुनु|नगर|हुनु|नगर,8,9,0.3333333333333333,0.3815789473684211,-0.04824561403508776,1,2,सब,ऊ|बखत,सव,उस्|वषत
,data/oldNepali_fullset/oldNepali_100/images/CA__The Cambridge Manuscript_Page_034/eSc_line_db42b8c4.png,गोपालानांक्रमेणराज्यभोगंप्रसास॥ ॥श्रीपशुपतिनाथकोअघिकोलिंगाकारदेवालयभत्‌कीछोपीरहदा.द्वा,गोपालानांक्रमेणराज्यभोगंप्रसास॥ ॥श्रीपशुपतिनाथकोअघिकोलिगाकारदेवालयभत्‌कीछोपीरहदा.द्वा,0.0116279069334268,पाला|राज्य|पशु|अघि|पीर,पाला|राज्य|पशु|अघि|पीर,पालो|राज्य|पशु|अघि|पिर,पालो|राज्य|पशु|अघि|पिर,5,5,0.20930232558139536,0.21176470588235294,-0.0024623803009575784,0,0,,,,
,data/oldNepali_fullset/oldNepali_100/images/CA__The Cambridge Manuscript_Page_024/eSc_line_f1f1719c.png,२४,२४,0.0,,,,,0,0,0.0,0.0,0.0,0,0,,,,
,data/oldNepali_fullset/oldNepali/images/DNA_2_00000365_result/eSc_line_5ce9c051.png,नं.१७८,नं.१८,0.1666666716337204,,,,,0,0,0.0,0.0,0.0,0,0,,,,
,data/oldNepali_fullset/oldNepali_100/images/CA__The Cambridge Manuscript_Page_028/eSc_line_50f4b93a.png,धन्यतेरापुरुषार्थजस्तोमैलेभन्या.तस्तैजंत्राकारले.वौद्धमन्दिरतयारगरीइहाआईस्.अवते,धन्यतेरापुरूषार्थजस्तोमैलेभन्या.तस्तैजंत्राकारले.वौद्धमन्दिरतयारगरीइहाआईस्.अवते,0.0126582281664013,तेरा|जस्तो|भन्या|तयार|गरी|इहा|आई|अव,तेरा|जस्तो|भन्या|तयार|गरी|इहा|आई|अव,तेरो|जस्तो|भने|तयार|गर्नु|यहाँ|आउनु|अब,तेरो|जस्तो|भने|तयार|गर्नु|यहाँ|आउनु|अब,8,8,0.35443037974683544,0.35443037974683544,0.0,0,0,,,,
,data/oldNepali_fullset/oldNepali/images/DNA_0011_0647/eSc_line_fd7920f6.png,आगेमहाकालीपूर्वमेचीपश्चिमभरपाहाडजगाजगाकाईजारादारतहसील्‌दार,ओगमहाकालीपूर्वमेचीपश्तिमभयाहाउजगाजगाकाईजागदारतहसील्‌दार,0.1379310339689254,आगे|महाकाली|पूर्व|पश्चिम|भर|पाहाड|जगाजगा|ईजारादार,महाकाली|पूर्व|भया|जगाजगा,आगे|महाकाली|पूर्व|पश्चिम|भर|पहाड|जगाजगा|इजारादार,महाकाली|पूर्व|हुनु|जगाजगा,8,4,0.7241379310344828,0.38181818181818183,0.34231974921630093,5,1,आगे|इजारादार|पश्चिम|पहाड|भर,हुनु,आगे|ईजारादार|पश्चिम|पाहाड|भर,भया
,data/oldNepali_fullset/oldNepali_100/images/CA__The Cambridge Manuscript_Page_027/eSc_line_0ab73ae4.png,गुरूः,गुरूः,0.0,,,,,0,0,0.0,0.0,0.0,0,0,,,,
,data/oldNepali_fullset/oldNepali_100/images/CA__The Cambridge Manuscript_Page_035/eSc_line_e3d02558.png,७वर्ष४२,७वर्ष४२,0.0,वर्ष,वर्ष,वर्ष,वर्ष,1,1,0.5714285714285714,0.5714285714285714,0.0,0,0,,,,
,data/oldNepali_fullset/oldNepali_100/images/11/eSc_line_32a9a7e4.png,ज्यादापर्नालेसर्दारहरुगरीवभयातर.अरुप्रजाहरुमिहीनत्,ज्यादापर्नालेसर्दारहरुगरीवभयातर.अरुप्रजाहरुमिहीनत,0.0199999995529651,ज्यादा|पर्ना|सर्दारहरु|गरीव|भया|तर|अरु|प्रजाहरु|मिहीनत्,ज्यादा|पर्ना|सर्दारहरु|गरीव|भया|तर|अरु|प्रजाहरु,ज्यादा|पर्नु|सर्दार|गरिब|हुनु|तर|अरु|प्रजा|मिहिनेत,ज्यादा|पर्नु|सर्दार|गरिब|हुनु|तर|अरु|प्रजा,9,8,0.94,0.8163265306122449,0.12367346938775503,1,0,मिहिनेत,,मिहीनत्,
,data/oldNepali_fullset/oldNepali_100/images/E3345_00000322/eSc_line_acb6e2e3.png,ङ्गीकाजचल्‌दाभारादारकासाथरहिनगराचलाउनुभन्यामोहरगरिवक्स्यौंआ,ङ्गीकाजचल्‌दाभारादारकासाथरहिनगराचलाउनुभन्न्यामोहरगरिवक्स्यौंआ,0.0338983051478862,काज|भारादार|साथ|रहि|नगरा|चलाउनु|भन्या|मोहर|गरि|वक्स्यौं,काज|भारादार|साथ|रहि|नगरा|चलाउनु|भन्न्या|मोहर|गरि|वक्स्यौं,काज|भारदार|साथ|रहनु|नगरा|चलाउनु|भने|मोहर|गर्नु|बक्सनु,काज|भारदार|साथ|रहनु|नगरा|चलाउनु|भन्ने|मोहर|गर्नु|बक्सनु,10,10,0.7796610169491526,0.7868852459016393,-0.007224228952486755,1,1,भने,भन्ने,भन्या,भन्न्या
,data/oldNepali_fullset/oldNepali/images/DNA_0001_0367/eSc_line_b01dafff.png,हवचिनगय़ापछिउन्काअसवावलिलामहुदालिलाम्‌घर्मादेष्याथ्याँ.पैल्हे,हवनिनगय़ापछिउन्काअसवावलिलामहुदालिलाम्‌घर्मादेष्याथ्या.पैल्हे,0.0327868834137916,चिन|पछि|हुदा|देष्या,पछि|हुदा|देष्या,चिन|पछि|हुनु|देख्नु,पछि|हुनु|देख्नु,4,3,0.26229508196721313,0.21666666666666667,0.045628415300546454,1,0,चिन,,चिन,
,data/oldNepali_fullset/oldNepali_100/images/DNA 2_00000413_result/eSc_line_eb43fad0.png,स्वस्तिश्रीमन्मेधावद्गुरूपशिक्षितनिर्मलसुमंत्रणकर्मचातुरीप्रवर्द्धितनिजक्षोणीना,स्वस्तिश्रीमन्मेकालड्धरूपशिक्षितनिर्मलसुमंत्रणकर्मचातुरीप्रवर्द्धितनिजक्षोरानि,0.101265825331211,स्वस्ति|निज,स्वस्ति|निज|रानि,स्वस्ति|निज,स्वस्ति|निज|रानि,2,3,0.12658227848101267,0.1794871794871795,-0.05290490100616682,0,1,,रानि,,रानि
,data/oldNepali_fullset/oldNepali/images/CA__The Cambridge Manuscript_Page_008/eSc_line_4432cdd7.png,पनि.आफ्नुचिन्ह.तिस् जग्गामा.केहीराषी.तिस् जग्गाकानाम.विक्रमशीलविहारभनिनामराषि.ता,पनि.आफ्नुचिह्र.तिस् जग्गामा.केहीराषी.तिस् जग्गाकानाम.विक्रमशीलविहारभनिनामराषि.ता,0.025000000372529,पनि|आफ्नु|तिस्|केही|राषी|तिस्|नाम|भनि|नाम|राषि,पनि|आफ्नु|तिस्|केही|राषी|तिस्|नाम|भनि|नाम|राषि,पनि|आफ्नो|तिस|केही|राख्नु|तिस|नाउँ|भनि|नाउँ|राख्नु,पनि|आफ्नो|तिस|केही|राख्नु|तिस|नाउँ|भनि|नाउँ|राख्नु,10,10,0.4625,0.4625,0.0,0,0,,,,
,data/oldNepali_fullset/oldNepali/images/14/eSc_line_6f88b683.png,रहन्यालोकहरूलाई.सुवृष्टिगराउनुपर्छभनि.यस् क्षेत्रमाजत्तिद्रव्यछ.तिसवैतम्रैषुसिभयोभनिवुझा,रहन्यालोकहरूलाई.सुव्ठिगराउनुपर्छभनि.यस् क्षेत्रमाजन्तिद्रव्यछ.तिसवैतम्‌सिभयोभनिठुझा,0.1022727265954017,रहन्या|लोक|लाई|गराउनु|पर्छ|भनि|यस्|द्रव्य|सवै|षुसि|भयो|भनि,रहन्या|लोक|लाई|गराउनु|पर्छ|भनि|यस्|द्रव्य|सवै|भयो|भनि,रहनु|लोक|लाई|गराउनु|पर्नु|भनि|यो|द्रब्य|सब|खुसि|हुनु|भनि,रहनु|लोक|लाई|गराउनु|पर्नु|भनि|यो|द्रब्य|सब|हुनु|भनि,12,11,0.5340909090909091,0.5180722891566265,0.016018619934282552,1,0,खुसि,,षुसि,
,data/oldNepali_fullset/oldNepali_100/images/DNA 2_00000413_result/eSc_line_9005015c.png,श्रीदुर्गाजीसहाय\,श्रीदुर्गाजीसहाय\,0.0,,,,,0,0,0.0,0.0,0.0,0,0,,,,
,data/oldNepali_fullset/oldNepali_100/images/DNA 4_00000201/eSc_line_d7e2ea8f.png,म्‌चरणारविन्दकाकुशलतालेहाम्रोप्रतिपालभैआयाकोछउप्रान्त,म्‌चरणारविन्दकाकुशलतालेहाम्रोप्रतिपालभैआयाकोछ.उप्रान्त,0.0188679248094558,रवि|कुशलता|हाम्रो|प्रतिपाल|आयाको|उप्रान्त,रवि|कुशलता|हाम्रो|प्रतिपाल|आयाको|उप्रान्त,रवि|कुशलता|हाम्रो|प्रतिपाल|आउनु|उप्रान्त,रवि|कुशलता|हाम्रो|प्रतिपाल|आउनु|उप्रान्त,6,6,0.6792452830188679,0.6666666666666666,0.012578616352201255,0,0,,,,
,data/oldNepali_fullset/oldNepali_100/images/CA__The Cambridge Manuscript_Page_024/eSc_line_23feb0d3.png,सायाकोहो.मपनिजलशयनवुढानीलकण्ठकाशरणमाजाउंभनिगै.विन्तिगर्दाभयार.श्रीभगवा,सायाकोहो.मपनिजलशयनवुढानीलकण्ठकाशरणमाजाउंभनिगै.विन्तिगर्दाभयार.श्रीभगवा,0.0,पनि|वुढा|रण|भनि|विन्ति|गर्दा|भया,पनि|वुढा|रण|भनि|विन्ति|गर्दा|भया,पनि|बुड़ो|रण|भनि|बिन्ती|गर्नु|हुनु,पनि|बुड़ो|रण|भनि|बिन्ती|गर्नु|हुनु,7,7,0.37142857142857144,0.37142857142857144,0.0,0,0,,,,
,data/oldNepali_fullset/oldNepali/images/13/eSc_line_95340597.png,नंचलप्स्यसि॥योगिनांतथ्यमेवेति.वचःकृत्वागृहंययौ॥ ६ ॥संमंत्रासहभूपोसौ.वुद्धिक्षेमेनमंत्रिणा॥अभिषेकं,नंचलप्यसि॥योगिनांतथ्यमेवेति.वचकृत्वागृहंययौ॥६ ॥संमंत्रासहभूमोसौ.वुद्धिक्षेमेनमंत्रिण॥अभिषेक,0.0721649453043937,वुद्धि,वुद्धि,बुद्धि,बुद्धि,1,1,0.061855670103092786,0.06593406593406594,-0.00407839583097315,0,0,,,,
,data/oldNepali_fullset/oldNepali/images/16/eSc_line_8e0e2f6f.png,पानि,पनि,0.25,पानि,पनि,पानि,पनि,1,1,1.0,1.0,0.0,1,1,पानि,पनि,पानि,पनि
,data/oldNepali_fullset/oldNepali/images/DNA_0013_0333/eSc_line_ceb0d61c.png,घड्यारिस्मेत्विर्त्तागरिवक्स्याकोमोहरताम्वापत्रगरिवक्स्यौं.पाटनकाअंवलमध्येमनोहरा.म,घड्यारिस्मेत्‌विर्त्तागरिवक्स्याकोमोहरताम्वापत्रगरिवक्स्यौं.पाटनकाअंवलमध्येमनोहराम,0.0243902429938316,घड्यारि|गरि|वक्स्याको|मोहर|ताम्वापत्र|गरि|वक्स्यौं|पाटन|अंवल|मध्ये,घड्यारि|विर्त्ता|गरि|वक्स्याको|मोहर|ताम्वापत्र|गरि|वक्स्यौं|पाटन|अंवल|मध्ये,घडेरी|गर्नु|बक्सनु|मोहर|ताम्रपत्र|गर्नु|बक्सनु|पाटन|अम्बल|मध्य,घडेरी|बिर्ता|गर्नु|बक्सनु|मोहर|ताम्रपत्र|गर्नु|बक्सनु|पाटन|अम्बल|मध्य,10,11,0.6951219512195121,0.7926829268292683,-0.09756097560975618,0,1,,बिर्ता,,विर्त्ता
,data/oldNepali_fullset/oldNepali_100/images/CA__The Cambridge Manuscript_Page_036/eSc_line_12f195fa.png,२ पालराजालाईजिती.नेपालमाराजाभया.राजाहरू,२ पालराजालाईजिती.नेपालमाराजाभया.राजाहरू,0.0,राजा|लाई|नेपाल|राजा|भया|राजाहरू,राजा|लाई|नेपाल|राजा|भया|राजाहरू,राजा|लाई|नेपाल|राजा|हुनु|राजा,राजा|लाई|नेपाल|राजा|हुनु|राजा,6,6,0.6666666666666666,0.6666666666666666,0.0,0,0,,,,
,data/oldNepali_fullset/oldNepali/images/CA__The Cambridge Manuscript_Page_005/eSc_line_1ebe3bd9.png,छन् भनि.साछिलेवकाउदा.कामधेनुले.मुखवाटभन्याहोभनिदिया.पुछारवाटभन्या.होइन२भनिसंकेतवता,छन् भनिसाछिलेवकाउदा.कामधेनुले.पुखवाटभन्याहोमनिदिया.पुद्धारवाटभन्या.होईन २भनिसकेतवता,0.1097560971975326,छन्|भनि|काम|वाट|भन्या|भनि|दिया|वाट|भन्या|होइन|भनि|तव,छन्|भनि|काम|वाट|भन्या|होम|दिया|वाट|भन्या|होईन|भनि|तव,हुनु|भनि|काम|बाट|भने|भनि|दिनु|बाट|भने|हुनु|भनि|तब,हुनु|भनि|काम|बाट|भने|होम|दिनु|बाट|भने|हुनु|भनि|तब,12,12,0.5,0.4939759036144578,0.006024096385542188,1,2,,होम,होइन,होईन|होम
,data/oldNepali_fullset/oldNepali/images/DNA_0013_0472/eSc_line_d74884fa.png,आगे १ लाईसम्वत्१८६३सालमितिकार्तिकशुदि१२रोज७कादिन २ कावाहुलिवाटचतुरमासाकापुरा,आगे १ लाईसम्वत्१८६३सालमितिकार्तिकशुदि१२रोज७कादिन २ कावाहुलिवाटचतरमासाकापरा,0.0263157896697521,आगे|लाई|सम्वत्|साल|मिति|कार्तिक|शुदि|रोज|दिन|वाट,आगे|लाई|सम्वत्|साल|मिति|कार्तिक|शुदि|रोज|दिन|वाट|तर,आगे|लाई|संवत्|साल|मिति|कार्त्तिक|सुदि|रोज|दिनु|बाट,आगे|लाई|संवत्|साल|मिति|कार्त्तिक|सुदि|रोज|दिनु|बाट|तर,10,11,0.5131578947368421,0.5540540540540541,-0.04089615931721191,0,1,,तर,,तर
,data/oldNepali_fullset/oldNepali/images/DNA_2_00000293_result/eSc_line_8400d72d.png,की।,की।,0.0,,,,,0,0,0.0,0.0,0.0,0,0,,,,
,data/oldNepali_fullset/oldNepali_100/images/DNA 4_00000552/eSc_line_4e382d90.png,माकस्तोठहर्छभनिरुक्काकोमसौदापठाइवक्सनुभयाकोचाहिंमाभन्यादोहरोउर्दीदि,माकस्तोठहछभनिरुक्काकोमसौदापठाइवक्सनुभयाकोचाहिंमाभन्यादोहरोउर्दीदि,0.0298507455736398,कस्तो|ठहर्छ|भनि|पठाइ|वक्सनु|भयाको|भन्या|दोहरो,कस्तो|भनि|पठाइ|वक्सनु|भयाको|भन्या|दोहरो,कस्तो|ठहर्नु|भनि|पठाउनु|बक्सनु|हुनु|भने|दोहोरो,कस्तो|भनि|पठाउनु|बक्सनु|हुनु|भने|दोहोरो,8,7,0.5671641791044776,0.5076923076923077,0.05947187141216992,1,0,ठहर्नु,,ठहर्छ,
,data/oldNepali_fullset/oldNepali/images/DNA_0014_0296/eSc_line_743871e2.png,स्वस्तिश्रीगिरिराजचक्रचुडामणिनरनारायणेत्यादिविविधविरुदाव,स्वस्तिश्रीगिरिराजचवडाडारनारायणेत्यादिविविधावरुदाव,0.1964285671710968,स्वस्ति|राज|चक्र,स्वस्ति|राज|वडा,स्वस्ति|राज|चक्र,स्वस्ति|राज|बडो,3,3,0.25,0.26,-0.010000000000000009,1,1,चक्र,बडो,चक्र,वडा
,data/oldNepali_fullset/oldNepali/images/DNA_2_00000051_result/eSc_line_ee2258c3.png,मिदम्.ईतनिकतांहांचरणछेमकुसलभय़ाहाम्रोउद्धारप्रतिपा,मिदम्.ईतनिकतांहांचरणछेमकुसलभय़ाहाम्रोउद्धारप्रतिपा,0.0,ईत|तांहां|चरण|छेमकुसल|हाम्रो|उद्धार|प्रति,ईत|तांहां|चरण|छेमकुसल|हाम्रो|उद्धार|प्रति,यता|त्यहाँ|चरण|क्षेमकुशल|हाम्रो|उद्धार|प्रति,यता|त्यहाँ|चरण|क्षेमकुशल|हाम्रो|उद्धार|प्रति,7,7,0.7,0.7,0.0,0,0,,,,
,data/oldNepali_fullset/oldNepali_100/images/DNA 2_00000264_result/eSc_line_60bb77d4.png,अर्जि,अर्जि,0.0,अर्जि,अर्जि,अर्जी,अर्जी,1,1,1.0,1.0,0.0,0,0,,,,
,data/oldNepali_fullset/oldNepali/images/DNA_2_00000293_result/eSc_line_9743e022.png,स्वस्तिश्रीगिरिराजचक्रचूडामणिनरनारायणेत्यादिविविधविरूदावलीविराज,स्वस्तिश्रीगिरिराजचक्रचूडामणिनरनारायणेत्यादिविविधविरुदावलीविराज,0.0158730167895555,स्वस्ति|राज|चक्र|वली|राज,स्वस्ति|राज|चक्र|वली|राज,स्वस्ति|राज|चक्र|बलि|राज,स्वस्ति|राज|चक्र|बलि|राज,5,5,0.31746031746031744,0.31746031746031744,0.0,0,0,,,,
,data/oldNepali_fullset/oldNepali_100/images/CA__The Cambridge Manuscript_Page_030/eSc_line_96917c14.png,वोधिसत्वलेआफ्नाअंशराषीगयाकोहो.तसर्थलोकलाईआनन्ददिनामामूललोकेश्वरैहुन्.भनिय,वोधिसत्वलेआफ्नाअंशराषीगयाकोहो.तसर्थ.लोकलाईआनन्ददिनामामूललोकेश्वरैहुन्.भनिय,0.0136986300349235,आफ्ना|राषी|गयाको|तसर्थ|लोक|लाई|आनन्द|हुन्|भनि,आफ्ना|राषी|गयाको|तसर्थ|लोक|लाई|आनन्द|हुन्|भनि,आफ्नो|राख्नु|जानु|तसर्थ|लोक|लाई|आनन्द|हुनु|भनि,आफ्नो|राख्नु|जानु|तसर्थ|लोक|लाई|आनन्द|हुनु|भनि,9,9,0.5068493150684932,0.5,0.006849315068493178,0,0,,,,
,data/oldNepali_fullset/oldNepali/images/17/eSc_line_bd8c365d.png,अतिलोभले.इन्द्रकाधनपाउनइछागरि.१२वर्षसम्मवाग्मतीकातीरमावसी.पंचाग्नितापस,अतिलोभले.इन्द्रकाधनपाउनइछागरि.१२वर्षसम्मवाग्मतीकातीरमावसी.पंचाग्नितापस,0.0,धन|पाउ|गरि|वर्ष|सम्म|तीर|वसी,धन|पाउ|गरि|वर्ष|सम्म|तीर|वसी,धन|पाउनु|गर्नु|वर्ष|सम्म|तिर|बस्नु,धन|पाउनु|गर्नु|वर्ष|सम्म|तिर|बस्नु,7,7,0.3142857142857143,0.3142857142857143,0.0,0,0,,,,
,data/oldNepali_fullset/oldNepali_100/images/CA__The Cambridge Manuscript_Page_038/eSc_line_19909c0a.png,र्थजात्रागर्ननिमित्त.नेपालआईपुक्‌दा.क्रमैसिततीर्थस्नानगरी.श्रीस्वयंभूश्रीगुह्येश्वरीकादर्शनगरी,र्थजात्रागर्ननिमित्त.नेपालआईपुक्दा.क्रमैसिततीर्थस्नानगरी.श्रीस्वयंभूश्रीगुह्येश्वरीकादर्शनगरी,0.010638297535479,गर्न|निमित्त|नेपाल|आई|सित|गरी|दर्शन|गरी,गर्न|निमित्त|नेपाल|आई|सित|गरी|दर्शन|गरी,गर्नु|निमित्त|नेपाल|आउनु|सित|गर्नु|दर्शन|गर्नु,गर्नु|निमित्त|नेपाल|आउनु|सित|गर्नु|दर्शन|गर्नु,8,8,0.3404255319148936,0.34408602150537637,-0.003660489590482763,0,0,,,,
,data/oldNepali_fullset/oldNepali/images/DNA_2_00000126_result/eSc_line_e9090325.png,सव्‌वडाधूमधाम्‌सगमटकलप्‌साहेवलाईदिन्याकामगर्‍या.गोघाराकोत,सव्‌वडाधूमधाम्‌सगमटकलप्‌साहेवलाईदिन्याकामगर्‍या.गोघाराकोत,0.0,वडा|सग|साहेव|लाई|दिन्या|काम,वडा|सग|साहेव|लाई|दिन्या|काम,बडो|सँग|साहेब|लाई|दिनु|काम,बडो|सँग|साहेब|लाई|दिनु|काम,6,6,0.38596491228070173,0.38596491228070173,0.0,0,0,,,,
,data/oldNepali_fullset/oldNepali/images/CA__The Cambridge Manuscript_Page_003/eSc_line_f7956e6f.png,माथीपुगीताहावसी.आफुसंगआयाकालोकहरूकन.ज्योतीरूपस्वयंभूर.गुह्येश्वरीकामाहात्म्यवताई,माथीपुगीताहावसी.आफुसंगआयाकालोकहरूकन.ज्योतीरूपस्वयंभूर.गुह्येश्वरीकामाहात्म्यवताई,0.0,माथी|ताहा|वसी|आफु|संग|आयाका|लोक|कन|माहा,माथी|ताहा|वसी|आफु|संग|आयाका|लोक|कन|माहा,माथि|त्यहाँ|बस्नु|आफु|सँग|आउनु|लोक|कन|मा,माथि|त्यहाँ|बस्नु|आफु|सँग|आउनु|लोक|कन|मा,9,9,0.3875,0.3875,0.0,0,0,,,,
,data/oldNepali_fullset/oldNepali/images/CA__The Cambridge Manuscript_Page_001/eSc_line_6f0e4920.png,औ.चैत्यविंवस्थापनागर्न्यालेभया.औ.श्रद्धाहुन्यालेभयाअहोरात्रव्रतगर्छं,औ.चैत्यविंवश्थाघनागर्न्यालेभया.अौ.अद्धादन्त्यःकेभया अद्रोराजंनगर्छ,0.3529411852359772,गर्न्या|भया|हुन्या|भया,गर्न्या|भया|भया,गर्नु|हुनु|हुनु|हुनु,गर्नु|हुनु|हुनु,4,3,0.27941176470588236,0.19696969696969696,0.0824420677361854,1,0,,,हुन्या,
,data/oldNepali_fullset/oldNepali_100/images/DNA 1_00000671/eSc_line_20c47079.png,हेछ:ईन्‌लाईक्याजवापदिन्याहोजोआग्यासोसहि.:ईक्याडवल,हेछ:ईन्‌लाईक्याजवापदिन्याहोजोआग्गासोसहि.ईक्माउवल,0.0816326513886451,लाई|दिन्या|आग्या,लाई|दिन्या,लाई|दिनु|आगे,लाई|दिनु,3,2,0.2857142857142857,0.1875,0.0982142857142857,1,0,आगे,,आग्या,
,data/oldNepali_fullset/oldNepali_100/images/DNA 4_00000551/eSc_line_5118c56d.png,गर्नुभन्यादोहराडाँकुकालिन्‌दिन्‌कावेव़राकारुक्काकोकुराअघितँलाइपनीलेषिग,गर्नुभन्न्यादोहराडाँकुकालिन्‌दिन्‌कावेव़राकारुक्काकोकुराअघितैलाइपनीलेषिग्‌,0.0714285746216774,गर्नु|भन्या|कुरा|अघि|लाइ|पनी|लेषि,गर्नु|भन्न्या|कुरा|अघि|लाइ|पनी|लेषि,गर्नु|भने|कुरो|अघि|लाई|पनि|लेख्नु,गर्नु|भन्ने|कुरो|अघि|लाई|पनि|लेख्नु,7,7,0.38571428571428573,0.3918918918918919,-0.006177606177606154,1,1,भने,भन्ने,भन्या,भन्न्या
,data/oldNepali_fullset/oldNepali_100/images/CA__The Cambridge Manuscript_Page_026/eSc_line_08c362a9.png,पाई.रात्रीकाविषये.धेरैकपराफिजि.नित्यनित्य.निचोरिपानीलीईठूपारि१२वर्षलाईकन.तेहीवौद्धमं,पाई.रात्रीकाविषये.धेरैकपराफिजि.नित्यनित्य.निचोरिपानीलीइट्टपारि१२वर्षलाईकन.तेहीवौद्धम,0.0595238097012043,पाई|विष|कपरा|नित्य|नित्य|पानी|पारि|वर्ष|लाई|कन,पाई|विष|कपरा|नित्य|नित्य|पानी|पारि|वर्ष|लाई|कन,पाउनु|विष|कपड़ा|नित्य|नित्य|पानि|पार्नु|वर्ष|लाई|कन,पाउनु|विष|कपड़ा|नित्य|नित्य|पानि|पार्नु|वर्ष|लाई|कन,10,10,0.44047619047619047,0.44047619047619047,0.0,0,0,,,,
,data/oldNepali_fullset/oldNepali/images/CA__The Cambridge Manuscript_Page_009/eSc_line_89b91ca0.png,मा.सार्थवाहसुतीरहदा.उस्काघरजाई.वत्तीवालीराष्याकावत्तीमापसी.आर्यावलोकितेश्वरले.आफ्नासरूपदेषाई.आज्ञाग,मा.सार्थवाहसुतीरहदा.उस्काघरजाई.वत्तीवानीराष्याकावत्तीमापसी.आर्यावलोकितेश्वरले.आफ्नासरूपदेषाईआज्ञाग,0.0202020201832056,तीर|घर|जाई|राष्याका|आफ्ना|देषाई|आज्ञा,तीर|घर|जाई|राष्याका|आफ्ना|देषाई|आज्ञा,तिर|घर|जानु|राख्नु|आफ्नो|देखाउनु|आज्ञा,तिर|घर|जानु|राख्नु|आफ्नो|देखाउनु|आज्ञा,7,7,0.31313131313131315,0.3163265306122449,-0.003195217480931767,0,0,,,,
,data/oldNepali_fullset/oldNepali_100/images/DNA 2_00000161_result/eSc_line_1d88292a.png,श्री५सर्कार,श्री५सर्कार,0.0,सर्कार,सर्कार,सर्कार,सर्कार,1,1,0.5454545454545454,0.5454545454545454,0.0,0,0,,,,
,data/oldNepali_fullset/oldNepali_100/images/12/eSc_line_02e3ca78.png,पालामा.टेपुर.फराँसीस्‌अंगरेजहरुलेजित्याइनैकापाला,पालामा.टेपुर.फरासीस्‌अंगरेजहरुलेजित्याइनैकापाला,0.020833333954215,पाला|अंगरेज|जित्या|इनै|पाला,पाला|अंगरेज|जित्या|इनै|पाला,पालो|अङ्ग्रेज|जित्नु|यिनी|पालो,पालो|अङ्ग्रेज|जित्नु|यिनी|पालो,5,5,0.4791666666666667,0.48936170212765956,-0.010195035460992874,0,0,,,,
,data/oldNepali_fullset/oldNepali_100/images/DNA 3_00000158/eSc_line_d00325b1.png,सेबहोतपर्वर्शकाउम्मैदवारहै।जोकारखिजममेरे,सेबहोतपर्वर्शकाउम्मैदवारहै।जोकारखिजममेरे,0.0,पर्व|वार,पर्व|वार,पर्व|बार,पर्व|बार,2,2,0.175,0.175,0.0,0,0,,,,
,data/oldNepali_fullset/oldNepali/images/DNA_0014_0135/eSc_line_307933c8.png,जेन्द्रविक्रमसाहवहादुरसमसेरजङ्गदेवानांसदासमरविजयिनाम्‌,जेत्रविक्रमसाहवहादुसमसेरजङ्गदेवानांसदासमरविजषिनाम्,0.1111111119389534,साहव|जङ्ग|सदा|रवि,साहव|जङ्ग|सदा|रवि,साहेब|जङ्ग|सदा|रवि,साहेब|जङ्ग|सदा|रवि,4,4,0.25925925925925924,0.28,-0.020740740740740782,0,0,,,,
,data/oldNepali_fullset/oldNepali/images/DNA_0001_0167/eSc_line_fa6f2d19.png,श्रीदुर्गाज्यू,श्रीदुर्गाज्यू,0.0,,,,,0,0,0.0,0.0,0.0,0,0,,,,
,data/oldNepali_fullset/oldNepali_100/images/CA__The Cambridge Manuscript_Page_027/eSc_line_cb87e97e.png,२७,२७,0.0,,,,,0,0,0.0,0.0,0.0,0,0,,,,
,data/oldNepali_fullset/oldNepali_100/images/DNA 4_00000551/eSc_line_0b4d3e88.png,हिसुदि३रोज३कादिंन‌आइपुग्योहरफ्‌हरफ्‌पढिअर्थविस्तारसिरचर्‍हाञाउप्रान्तःहा,हिसुदि३रोज३कादिनआइपुग्योहरफहरफ्‌पढिअथविस्तारसिरचह्राञाउप्रान्त:हा,0.1388888955116272,सुदि|रोज|आइ|पुग्यो|पढि|अर्थ|विस्तार|सिर,सुदि|रोज|दिन|आइ|पुग्यो|हरफ|पढि|विस्तार|सिर|उप्रान्त,सुदि|रोज|आउनु|पुग्नु|पढ्नु|अर्थ|बिस्तार|सिर,सुदि|रोज|दिनु|आउनु|पुग्नु|हरफ|पढ्नु|बिस्तार|सिर|उप्रान्त,8,10,0.4444444444444444,0.6461538461538462,-0.20170940170940177,1,3,अर्थ,उप्रान्त|दिनु|हरफ,अर्थ,उप्रान्त|दिन|हरफ
,data/oldNepali_fullset/oldNepali_100/images/DNA 4_00000490/eSc_line_bec390ea.png,उप्रान्त,उप्रान्त,0.0,उप्रान्त,उप्रान्त,उप्रान्त,उप्रान्त,1,1,1.0,1.0,0.0,0,0,,,,
,data/oldNepali_fullset/oldNepali_100/images/DNA 2_00000394_result/eSc_line_8c3a1483.png,वुरुग्‌साहेवलेसपुर्दगर्‍याभन्न्यासुनिय़ोथ्यो.सोअषवारलेप,वुरुग्‌साहेवलेसपुर्दगर्‍याभन्न्यासुनियोथ्यो.सोअषवारलेप,0.0181818176060915,साहेव|सपुर्द|भन्न्या|सुनि|अषवार,साहेव|सपुर्द|भन्न्या|सुनि|अषवार,साहेब|सपुर्द|भन्ने|सुन्नु|अखबार,साहेब|सपुर्द|भन्ने|सुन्नु|अखबार,5,5,0.4909090909090909,0.5,-0.009090909090909094,0,0,,,,
,data/oldNepali_fullset/oldNepali_100/images/11/eSc_line_519b0d3a.png,फेरीनयावन्यो॥ ॥इंन्काभाइदोश्राजम्स्॥ ॥इन्कापाला,फरीनयावन्यो॥ ॥इन्काभाइदोश्राजम्स्॥ ॥इन्कापाला,0.0425531901419162,फेरी|नया|वन्यो|भाइ|दोश्रा|जम्स्|पाला,नया|वन्यो|भाइ|दोश्रा|जम्स्|पाला,फेरि|नयाँ|बन्नु|भाइ|दोस्त्रो|जम्स|पालो,नयाँ|बन्नु|भाइ|दोस्त्रो|जम्स|पालो,7,6,0.6382978723404256,0.5777777777777777,0.06052009456264784,1,0,फेरि,,फेरी,
,data/oldNepali_fullset/oldNepali/images/DNA_0012_0007/eSc_line_e7ce9286.png,र्न्याहोतापनी.आफ्नाज्यूताभरमहन्त्याञीचलाउनुअरुचेलानतुल्याउ,र्न्याहोतापनी.आफ्‌नाज्यूताभरमहन्त्याञीचलाउनुअरुचेलानतुल्याउ,0.0172413792461156,तापनी|आफ्ना|भर|चलाउनु|अरु|चेला|तुल्या,तापनी|भर|चलाउनु|अरु|चेला|तुल्या,तापनि|आफ्नो|भर|चलाउनु|अरु|चेलो|तुल्या,तापनि|भर|चलाउनु|अरु|चेलो|तुल्या,7,6,0.5344827586206896,0.4406779661016949,0.0938047925189947,1,0,आफ्नो,,आफ्ना,
,data/oldNepali_fullset/oldNepali/images/DNA_1_00000137/eSc_line_2a544dd6.png,सवैलेआचर्यमान्याऐतिकोदौलथदियारछोरिलाई.नाल्‌किमाचह्र,सवैलेआचर्यनान्याऐतिकोदौलथदियारछोरिलाई.नालकिमाचहु,0.0980392172932624,सवै|मान्या|दौलथ|दिया|छोरि|लाई,सवै|दौलथ|दिया|छोरि|लाई|नाल,सब|मान्नु|दौलत|दिनु|छोरी|लाई,सब|दौलत|दिनु|छोरी|लाई|नाल,6,6,0.47058823529411764,0.4375,0.03308823529411764,1,1,मान्नु,नाल,मान्या,नाल
,data/oldNepali_fullset/oldNepali_100/images/DNA 2_00000161_result/eSc_line_bf676ee7.png,श्री५माहिलावडामहारनी,श्रीदपाहिलावडामदारानी,0.2000000029802322,वडा|महा,वडा|रानी,बडो|मा,बडो|रानि,2,2,0.3,0.3333333333333333,-0.033333333333333326,1,1,मा,रानि,महा,रानी
,data/oldNepali_fullset/oldNepali_100/images/DNA 1_00000356/eSc_line_36727847.png,उप्रान्त.सल्ल्यानकादसैकोप्रसादअघिचर्‍हाईपठाय़ाकोपु,उप्रान्त.सल्ल्यानकादसैकोप्रसादअघिचर्‍हाईपठाय़ाकोपु,0.0,उप्रान्त|सल्ल्यान|दसै|प्रसाद|अघि,उप्रान्त|सल्ल्यान|दसै|प्रसाद|अघि,उप्रान्त|सल्लयान|दसै̃|प्रसाद|अघि,उप्रान्त|सल्लयान|दसै̃|प्रसाद|अघि,5,5,0.56,0.56,0.0,0,0,,,,
,data/oldNepali_fullset/oldNepali_100/images/DNA 2_00000395_result/eSc_line_094af442.png,ल्‌छ.भन्न्याकुरासुनाय़ा.भन्न्यासुनिय़ो.दिनन्‌.ञाँहाँकाव,ल्‌छ.भन्न्याकुरासुनाय़ा.भन्न्यासुनिय़ो.दिनन्‌.ञाँहाँकाव,0.0,भन्न्या|कुरा|सुना|भन्न्या|सुनि|दिन|ञाँहाँ,भन्न्या|कुरा|सुना|भन्न्या|सुनि|दिन|ञाँहाँ,भन्ने|कुरो|सुन|भन्ने|सुन्नु|दिनु|यहाँ,भन्ने|कुरो|सुन|भन्ने|सुन्नु|दिनु|यहाँ,7,7,0.6363636363636364,0.6363636363636364,0.0,0,0,,,,
,data/oldNepali_fullset/oldNepali_100/images/E3345_00000300/eSc_line_24f4cf35.png,हरूलाइपनिदसलिम्वुसुवाकासरहमा.नगराकमाईजंङ्गिकाजचल्दाभारदार.का,हरूलाइपनिदसलिपुसुवाकासरहमा.नगराकमाईजङ्गिकाजचल्दाभारादारका,0.1000000014901161,लाइ|पनि|दस|लिम्वु|सुवा|सरह|नगरा|कमाई|जंङ्गि|काज|चल्दा|भारदार,लाइ|पनि|दस|सुवा|सरह|नगरा|कमाई|काज|चल्दा|भारादार,लाई|पनि|दस|लिम्बु|सुब्बा|सरह|नगरा|कमाउनु|जङ्गी|काज|चल्नु|भारदार,लाई|पनि|दस|सुब्बा|सरह|नगरा|कमाउनु|काज|चल्नु|भारदार,12,10,0.8166666666666667,0.6666666666666666,0.15000000000000002,3,1,जङ्गी|लिम्बु,,जंङ्गि|भारदार|लिम्वु,भारादार
,data/oldNepali_fullset/oldNepali/images/CA__The Cambridge Manuscript_Page_001/eSc_line_6ede596b.png,पी.ली.श्रीस्वयंभूज्योतीरूपलाईचढाईपर्वतकनभविष्यकुरावताई.तेरोनामआजदेषिन् फुल्लोच्चप,दी.ली.श्रीस्वयंभूज्योतीरूपलाईचढाईपर्वतकनभविष्यकुरावताई.तेरोनामआजदेषिन् फुल्चप,0.0617283955216407,लाई|चढाई|पर्व|तक|कुरा|नाम|आज|देषि,लाई|चढाई|पर्व|तक|कुरा|नाम|आज|देषि,लाई|चड़ाइ|पर्व|तक|कुरो|नाउँ|आज|देखि,लाई|चड़ाइ|पर्व|तक|कुरो|नाउँ|आज|देखि,8,8,0.32098765432098764,0.33766233766233766,-0.016674683341350027,0,0,,,,
,data/oldNepali_fullset/oldNepali_100/images/DNA 1_00000356/eSc_line_7ba74392.png,ग्यहुन्यारहेछर.प्रसादचर्‍हाईपठाउनढिलहुनगयाकोहो,ग्यहुन्यारहेछर.प्रसादचर्‍हाईपठाउनढिलहुनगयाकोहो,0.0,हुन्या|रहेछ|प्रसाद|पठाउन|ढिल|हुन|गयाको,हुन्या|रहेछ|प्रसाद|पठाउन|ढिल|हुन|गयाको,हुनु|रहनु|प्रसाद|पठाउनु|ढिल|हुनु|जानु,हुनु|रहनु|प्रसाद|पठाउनु|ढिल|हुनु|जानु,7,7,0.6956521739130435,0.6956521739130435,0.0,0,0,,,,
,data/oldNepali_fullset/oldNepali/images/CA__The Cambridge Manuscript_Page_003/eSc_line_c539e2c4.png,मनगरवाटक्रकुछंदनामवुद्धप्राप्तभै.श्रीस्वयंभूज्योतीरूपकार.गुह्येश्वरीकादर्शनगरी.योषादलउत्तर,मनगरवाटक्रकुछंदनामवुद्धप्राप्तभै.श्रीस्वयंभूज्योतीरूपकार.गुह्येश्वरीकादर्शनगरी.पोषादलउत्तर,0.0111111113801598,मन|गर|वाट|नाम|दर्शन|गरी|उत्तर,मन|गर|वाट|नाम|दर्शन|गरी|उत्तर,मन|गर्नु|बाट|नाउँ|दर्शन|गर्नु|उत्तर,मन|गर्नु|बाट|नाउँ|दर्शन|गर्नु|उत्तर,7,7,0.25555555555555554,0.25555555555555554,0.0,0,0,,,,
,data/oldNepali_fullset/oldNepali/images/DNA_2_00000394_result/eSc_line_ebe78b1d.png,५कादिन.कलकत्ताकौसल्‌मा.सामेलभया.सिपहसालारजर्नै,५कादिन.कलकत्ताकौसल्‌मा.सामेलभय़ा.सिपहसालारजर्नै,0.0217391308397054,दिन|कलकत्ता|सामेल|भया,दिन|कलकत्ता|सामेल,दिनु|कलकत्ता|सामेल|हुनु,दिनु|कलकत्ता|सामेल,4,3,0.391304347826087,0.3191489361702128,0.07215541165587419,1,0,हुनु,,भया,
,data/oldNepali_fullset/oldNepali_100/images/CA__The Cambridge Manuscript_Page_036/eSc_line_4e7db8b0.png,६ जितेदास्तिराजालेकुरुक्षेत्रमा.पाण्डवहरूकायुद्धहु,६ जितेदास्तिराजालेकुरुक्षेत्रमा.पाण्डवहरूकायुद्धहु,0.0,राजा,राजा,राजा,राजा,1,1,0.08,0.08,0.0,0,0,,,,
,data/oldNepali_fullset/oldNepali_100/images/DNA 1_00000116/eSc_line_7a68132d.png,न्यालिनुगाह्रैछभंन्न्यास्माचारछभन्या.रणजीतसिंकाश्मेरमाचढ्दा.कावेलकोपनिघरसचि,न्यालिनुगाह्रैछभंन्न्यास्माचारछभन्या.रणजीतसिंकाश्मेरमाचढ्दा.कावेलकोपनिघरसचि,0.0,लिनु|भंन्न्या|चार|भन्या|रणजीत|काश्मेर|चढ्दा|कावेल|पनि|घर,लिनु|भंन्न्या|चार|भन्या|रणजीत|काश्मेर|चढ्दा|कावेल|पनि|घर,लिनु|भने|चार|भने|रणजीत|काश्मीर|चड़्नु|कावेल|पनि|घर,लिनु|भने|चार|भने|रणजीत|काश्मीर|चड़्नु|कावेल|पनि|घर,10,10,0.6266666666666667,0.6266666666666667,0.0,0,0,,,,
,data/oldNepali_fullset/oldNepali_100/images/4/eSc_line_5241b745.png,स्‌थिया.तरअभागीहुनालेआफ्नाछोराहरुसितल,स्‌थिया.तरअभागीहुनालेआफ्नाछोराहरुसितल,0.0,थिया|तर|अभागी|हुना|आफ्ना|छोराहरु|सित,थिया|तर|अभागी|हुना|आफ्ना|छोराहरु|सित,हुनु|तर|अभागि|हुनु|आफ्नो|छोरो|सित,हुनु|तर|अभागि|हुनु|आफ्नो|छोरो|सित,7,7,0.8108108108108109,0.8108108108108109,0.0,0,0,,,,
,data/oldNepali_fullset/oldNepali/images/DNA_0012_0007/eSc_line_3cd0a031.png,चलाइ.रामदासलाइकरोवारितुल्याइमहन्तमोहन्‌दास्‌ले.चर्चीआय़ा,चलाइ.रामदासलाइकारोवारितुल्याइमहन्तमोहन्‌दास्‌ले.वचीआय़ा,0.0714285746216774,चलाइ|दास|लाइ|वारि|तुल्या,चलाइ|दास|लाइ|वारि|तुल्या,चलाउनु|दास|लाई|बारि|तुल्या,चलाउनु|दास|लाई|बारि|तुल्या,5,5,0.35714285714285715,0.36363636363636365,-0.006493506493506496,0,0,,,,
,data/oldNepali_fullset/oldNepali_100/images/CA__The Cambridge Manuscript_Page_035/eSc_line_70f93f02.png,वसीरह्याकोथियो.इन्‌कागाईदुददुहनदिनैनथीन्.एकलैगै.वाग्मतीकोतीरमाजाईदुग्धधारागर्थिन्.नित्यते,वसीरह्याकोथियो.इन्‌कागाईउदुहनदिनैनथीन्.एकलैगै.वाग्मतीकोतीरमाजाईदुग्धधारागर्थिन्.नित्यते,0.0337078645825386,वसी|रह्याको|थियो|गाई|दुद|एक|तीर|जाई|नित्य,वसी|रह्याको|थियो|गाई|एक|तीर|जाई|नित्य,बस्नु|रहनु|हुनु|गाइ|दुद|एक|तिर|जानु|नित्य,बस्नु|रहनु|हुनु|गाइ|एक|तिर|जानु|नित्य,9,8,0.3707865168539326,0.3448275862068966,0.025958930647036027,1,0,दुद,,दुद,
,data/oldNepali_fullset/oldNepali/images/DNA_0012_0638/eSc_line_58b8c0ad.png,यिनाम्,यिनाम्,0.0,,,,,0,0,0.0,0.0,0.0,0,0,,,,
,data/oldNepali_fullset/oldNepali/images/DNA_2_00000095_result/eSc_line_852dc52e.png,निदेष्यौंगोराकोपल्‌‌टन्‌‌जम्‌‌न्या.तोपको,निदेष्यौंगोराकोपल्‌टन्‌जम्‌न्या.तोपको,0.0750000029802322,देष्यौं|गोरा|तोप,देष्यौं|गोरा|तोप,देख्नु|गोरा|तोप,देख्नु|गोरा|तोप,3,3,0.35,0.3783783783783784,-0.02837837837837842,0,0,,,,
,data/oldNepali_fullset/oldNepali/images/DNA_0013_0165/eSc_line_2d1ea056.png,पाषोजगाषेतरोपनी१५गुठीराषिवक्स्याकोमोहरतांम्वांपत्रगरिवक्स्यौं.योजगाआवादगुलजारगरिफुलवारीवनाइनि,पाषोजगाषेतरोपनी१५गुटिराषिवक्स्याकोमोहरातोम्रगरिपागरिवक्स्यौं.योजगाआवादगुलजारगरीफुलचारीवनाइनि,0.1505376398563385,पाषो|जगा|षेत|पनी|गुठी|राषि|वक्स्याको|मोहर|पत्र|गरि|वक्स्यौं|जगा|गरि|फुल|वनाइ,पाषो|जगा|षेत|पनी|गुटि|राषि|वक्स्याको|गरि|गरि|वक्स्यौं|जगा|गरी|फुल|वनाइ,पाखो|जगा|खेत|पनि|गुठ|राख्नु|बक्सनु|मोहर|पत्र|गर्नु|बक्सनु|जगा|गर्नु|फुल|बनाउनु,पाखो|जगा|खेत|पनि|गुठ|राख्नु|बक्सनु|गर्नु|गर्नु|बक्सनु|जगा|गर्नु|फुल|बनाउनु,15,14,0.6666666666666666,0.6195652173913043,0.047101449275362306,3,2,पत्र|मोहर,,गुठी|पत्र|मोहर,गरी|गुटि
,data/oldNepali_fullset/oldNepali_100/images/DNA 1_00000671/eSc_line_01582a41.png,म्याराजाकोवनाय़ाथीउ:उहीपापलेउहीधारहाम्राकपाल.मापर्‍यो:,म्याराजाकोवनाय़ाथीउ.उहीपापलेउहीधारहाम्राकपाल्‌.मापयो,0.1296296268701553,राजा|हाम्रा,राजा|हाम्रा,राजा|हाम्रो,राजा|हाम्रो,2,2,0.18518518518518517,0.19230769230769232,-0.0071225071225071435,0,0,,,,
,data/oldNepali_fullset/oldNepali_100/images/DNA 4_00000551/eSc_line_f5d98dfd.png,ष्टांगदँडवत्‌कोटिकोटिसेव़ासेव़ासेव़ापूर्वकपत्रमिदम्‌चरणकाआसिर्वादलेञाहाँनीक,ट्टगँगर्दँडवत्‌कोटिकोटिसेव़ासेव़ायूर्वकपत्रमिदस्‌चरणकाआसिर्वादलेञाहाँनीक,0.1599999964237213,कोटि|कोटि|पूर्व|पत्र|चरण|आसिर्वाद|ञाहाँ,कोटि|कोटि|पत्र|चरण|आसिर्वाद|ञाहाँ,कोटि|कोटि|पूर्व|पत्र|चरण|आशिर्बाद|यहाँ,कोटि|कोटि|पत्र|चरण|आशिर्बाद|यहाँ,7,6,0.44,0.3888888888888889,0.05111111111111111,1,0,पूर्व,,पूर्व,
,data/oldNepali_fullset/oldNepali/images/18/eSc_line_74d756b9.png,ष्याका धनम ध्ये ४खण्डमा१खण्ड.आफ्नावासतौदहमाराषी.वाकीसवै.नदीउत्पत्तिगरीनदी,ष्याकाधनम ४्ये ४खण्डमा१खण्ड.आफ्नावासतौदहमाराषी.वाकीसवै.नदीउत्पत्तिगरीनदी,0.0273972600698471,धन|आफ्ना|वास|राषी|वाकी|सवै|नदी|गरी|नदी,धन|आफ्ना|वास|राषी|वाकी|सवै|नदी|गरी|नदी,धन|आफ्नो|बास|राख्नु|बाँकि|सब|नदि|गर्नु|नदि,धन|आफ्नो|बास|राख्नु|बाँकि|सब|नदि|गर्नु|नदि,9,9,0.410958904109589,0.4166666666666667,-0.005707762557077667,0,0,,,,
,data/oldNepali_fullset/oldNepali/images/DNA_2_00000365_result/eSc_line_6d650bbc.png,उप्रान्त.य़स्‌पालाकावडादसैं.वहुतैवढियाभयो.सदाका.मामु,उप्रान्त.य़स्‌पालाकावडादसैं.वहुतैवढियाभयो.सदाका.मामु,0.0,उप्रान्त|पाला|वडा|दसैं|वहुतै|वढिया|भयो|सदा,उप्रान्त|पाला|वडा|दसैं|वहुतै|वढिया|भयो|सदा,उप्रान्त|पालो|बडो|दसै̃|बहुत|बढिया|हुनु|सदा,उप्रान्त|पालो|बडो|दसै̃|बहुत|बढिया|हुनु|सदा,8,8,0.6730769230769231,0.6730769230769231,0.0,0,0,,,,
,data/oldNepali_fullset/oldNepali_100/images/DNA 2_00000036_result/eSc_line_4f6a9653.png,नरभय़ाको१७फएरतोपको सलामिकिल्लावाट भय़ो.मेगनाटन्‌ साहवसिकृट,नरभय़ाको१७ फूइरनोपकोसलामिकिल्लावाटभय़ो.येगनाउन्‌साहवसिकृट,0.1551724076271057,फएर|तोप|सलामि|किल्ला|वाट|साहव,कोस|किल्ला|वाट|नाउ|साहव,फएर|तोप|सलामी|किल्ला|बाट|साहेब,कोस|किल्ला|बाट|नाउँ|साहेब,6,5,0.41379310344827586,0.3333333333333333,0.08045977011494254,3,2,तोप|फएर|सलामी,कोस|नाउँ,तोप|फएर|सलामि,कोस|नाउ
,data/oldNepali_fullset/oldNepali/images/DNA_1_00000285/eSc_line_b2edb7cb.png,कुसूरमाफ़होवे।सं१९०२जेष्टवदी१३रोज२,कुसूरमाफ़होवे।सं१९०२जेष्टवदी१३रोज२,0.0,जेष्ट|वदी|रोज,जेष्ट|वदी|रोज,ज्येष्ठ|बदि|रोज,ज्येष्ठ|बदि|रोज,3,3,0.3235294117647059,0.3235294117647059,0.0,0,0,,,,
,data/oldNepali_fullset/oldNepali_100/images/E3345_00000322/eSc_line_1da7e38e.png,आगे.जिल्लैचैनपूरकाअम्वलमध्ये.मैव़ापिलुव़ा.षोलाकोसुवा.दलकर्न.सुवायुनन्द,आगे.जिल्लैचैनपूरकाअम्वलमध्ये.मैव़ाषिलुवा.षोलाकोसुवा.दलकर्न.सुवायुनन्द,0.0285714287310838,आगे|जिल्लै|चैनपूर|अम्वल|मध्ये|षोला|सुवा|सुवा,आगे|जिल्लै|चैनपूर|अम्वल|मध्ये|षोला|सुवा|सुवा,आगे|जिल्ला|चैनपुर|अम्बल|मध्य|खोलो|सुब्बा|सुब्बा,आगे|जिल्ला|चैनपुर|अम्बल|मध्य|खोलो|सुब्बा|सुब्बा,8,8,0.5285714285714286,0.5362318840579711,-0.007660455486542483,0,0,,,,
,data/oldNepali_fullset/oldNepali_100/images/DNA 2_00000030_result/eSc_line_ad678d10.png,फिरंगीलाइदिगादिमावस्याछन्‌ मुन्नाय्यान्‌भंन्यागादिमावस्तारा,फिरंगीलाइदिगादिमावस्याछन्‌ मुन्नाय्यान्‌भंन्यागादिमावस्तारा,0.0,फिरंगी|लाइ|गादि|वस्या|मुन्ना|भंन्या|गादि,फिरंगी|लाइ|गादि|वस्या|मुन्ना|भंन्या|गादि,फिरङ्गी|लाई|गादि|बस्नु|मुन्ना|भने|गादि,फिरङ्गी|लाई|गादि|बस्नु|मुन्ना|भने|गादि,7,7,0.576271186440678,0.576271186440678,0.0,0,0,,,,
,data/oldNepali_fullset/oldNepali/images/DNA_0013_0522/eSc_line_fa275fac.png,धर्मानन्दषनालधंजुजैसीषनाल्‌पुण्यसिलजैसिषनाल्‌हरिजैसिषनाल्‌रामनरसिंमाहान्याभिमनारान्‌मा,धर्मानन्दषनालधंजुजेसीपनालपुण्यसिलजैसिषनाल्‌हीरैजैसिषनाल्‌रामनरसिमाहान्याभिमनारानमा,0.1046511605381965,धर्मा|नाल|धंजु|जैसी|पुण्य|मन|माहा,धर्मा|नाल|धंजु|नाल|पुण्य|मन|सिमा,धर्मा|नाल|धंजु|जैसी|पुण्य|मन|मा,धर्मा|नाल|धंजु|नाल|पुण्य|मन|सीमा,7,7,0.313953488372093,0.3170731707317073,-0.0031196823596142953,2,1,जैसी|मा,सीमा,जैसी|माहा,सिमा
,data/oldNepali_fullset/oldNepali/images/DNA_2_00000365_result/eSc_line_9af11af8.png,कुर्णेस्.कुर्णेस्.कुर्णेस्,कुर्णेस्.कुर्णेस्.कुर्णेस्,0.0,,,,,0,0,0.0,0.0,0.0,0,0,,,,
,data/oldNepali_fullset/oldNepali/images/DNA_2_00000095_result/eSc_line_97269a3e.png,गरिष्ठराजभारासामर्थश्री३लेफटैनभव़ा,गरिष्टराजभारासामर्थश्मी३लेफ्‌टैनभव़ा,0.1176470592617988,गरि|राज|भारा|सामर्थ,गरि|राज|भारा|सामर्थ,गर्नु|राज|भारा|सामर्थ,गर्नु|राज|भारा|सामर्थ,4,4,0.47058823529411764,0.4444444444444444,0.02614379084967322,0,0,,,,
,data/oldNepali_fullset/oldNepali/images/DNA_2_00000394_result/eSc_line_efd83da7.png,ल्‌छ.भन्न्याकुरासुनाया.भन्न्यासुनियो.दिनन्‌.ञाँहाँकाव,ल्‌छ.भन्न्याकुरासुनाय़ा.भन्न्यासुनिय़ो.दिनन्‌.ञाँहाँकाव,0.0377358496189117,भन्न्या|कुरा|सुना|भन्न्या|सुनि|दिन|ञाँहाँ,भन्न्या|कुरा|सुना|भन्न्या|सुनि|दिन|ञाँहाँ,भन्ने|कुरो|सुन|भन्ने|सुन्नु|दिनु|यहाँ,भन्ने|कुरो|सुन|भन्ने|सुन्नु|दिनु|यहाँ,7,7,0.660377358490566,0.6363636363636364,0.02401372212692965,0,0,,,,
,data/oldNepali_fullset/oldNepali/images/DNA_0013_0160/eSc_line_734442c4.png,श्रीपशुपतीज्यू,श्रीपशुपतीज्यू,0.0,पशु,पशु,पशु,पशु,1,1,0.21428571428571427,0.21428571428571427,0.0,0,0,,,,
,data/oldNepali_fullset/oldNepali/images/DNA_0014_0242/eSc_line_e563be9d.png,मद्वहादूर्साहदेवेषुसदासमरविजयिषु. पूर्वक,मद्धहादूर्साहदेवेषुसदासमरविजयिषु,0.2249999940395355,सदा|रवि|पूर्व,सदा|रवि,सदा|रवि|पूर्व,सदा|रवि,3,2,0.275,0.1875,0.08750000000000002,1,0,पूर्व,,पूर्व,
,data/oldNepali_fullset/oldNepali_100/images/DNA 2_00000395_result/eSc_line_51d18f41.png,नाकारजीडन्‌ट.जर्नैलअष्‌तर्लोनीसाहव.मोकाम्‌.मेरट्‌मा,नाकारजीडन्‌ट.जर्नैलअष्‌तर्लोनीसाहव.मोकाम्‌.मेरट्‌मा,0.0,साहव,साहव,साहेब,साहेब,1,1,0.0784313725490196,0.0784313725490196,0.0,0,0,,,,
,data/oldNepali_fullset/oldNepali_100/images/DNA 1_00000671/eSc_line_50dfb31e.png,उथापाज्यूःकाचरनतलश्रीसुव्वाजये़न्तषत्रिकस्यसलाम:सतम्‌पू,उप्यापाज्यू:काचरनतलश्रीसुघाजयन्तषत्रिकस्यसलाम्‌:सतस्‌पू,0.2181818187236786,थापा|सुव्वा|सलाम,जय,थापा|सुब्बा|सलाम,जय,3,1,0.2545454545454545,0.03636363636363636,0.21818181818181814,3,1,थापा|सलाम|सुब्बा,जय,थापा|सलाम|सुव्वा,जय
,data/oldNepali_fullset/oldNepali/images/14/eSc_line_3edad467.png,लोकेश्वरले.विचारगरी.अढाईपठायेर.षुसिभै.आफैआफ.प्रत्यक्षभैदर्शनदी.उद्धारगरी.तहीविराजमानभै,लोकेश्वरले.विचारगरी.अढाईपठायेरषुसिभै.आफैआफ.प्रत्यक्षभैदर्शनदी.उक्दारगरी.तहीविराजमानभ,0.0465116277337074,विचार|गरी|षुसि|दर्शन|उद्धार|गरी|राज|मान,विचार|गरी|षुसि|दर्शन|गरी|राज|मान,बिचार|गर्नु|खुसि|दर्शन|उद्धार|गर्नु|राज|मान,बिचार|गर्नु|खुसि|दर्शन|गर्नु|राज|मान,8,7,0.37209302325581395,0.30952380952380953,0.06256921373200441,1,0,उद्धार,,उद्धार,
,data/oldNepali_fullset/oldNepali/images/CA__The Cambridge Manuscript_Page_010/eSc_line_b66a90a7.png,रीलाईदर्वारभित्रराषदाभया.ताहापछि २/४ दिनभयापछि १ रात.त्योराक्षीले.राजकुलमारहन्या.सवैलाईदेहदी,रीलाईदर्वारभित्रराषदाभया.ताहापछि२।४दिनभयापछि१रात.त्योराक्षीले.राजकुलमारहन्या.सवैलाईदेहदी,0.0543478243052959,लाई|दर्वार|भित्र|राष|भया|ताहा|पछि|दिन|भया|पछि|रात|राज|रहन्या|सवै|लाई,लाई|दर्वार|भित्र|राष|भया|ताहा|पछि|दिन|भया|पछि|रात|राज|रहन्या|सवै|लाई,लाई|दरबार|भित्र|राख्नु|हुनु|त्यहाँ|पछि|दिनु|हुनु|पछि|रात|राज|रहनु|सब|लाई,लाई|दरबार|भित्र|राख्नु|हुनु|त्यहाँ|पछि|दिनु|हुनु|पछि|रात|राज|रहनु|सब|लाई,15,15,0.5869565217391305,0.6136363636363636,-0.02667984189723316,0,0,,,,
,data/oldNepali_fullset/oldNepali_100/images/DNA 4_00000201/eSc_line_55b1adc4.png,काचरणकामेहेर्लेहुन्याछआ,काचरणकामेहेर्लेहुन्याछआ,0.0,चरण|हुन्या,चरण|हुन्या,चरण|हुनु,चरण|हुनु,2,2,0.391304347826087,0.391304347826087,0.0,0,0,,,,
,data/oldNepali_fullset/oldNepali/images/DNA_0001_0367/eSc_line_5c9f9ac1.png,अमीन्‌लाइअभिन्तरवुझ्नभनिलाञाथ्याँउन्‌लेकुराकाप्रसंगमासोधपुछ,अमीन्‌लाइ अभिन्तरवुझ्नभनिलाञाथ्याँ उन्‌लेकुराकाप्रसंगमासोधपुछ,0.0338983051478862,लाइ|वुझ्न|भनि|कुरा|संग,लाइ|वुझ्न|भनि|कुरा|संग,लाई|बुझ्नु|भनि|कुरो|सँग,लाई|बुझ्नु|भनि|कुरो|सँग,5,5,0.3050847457627119,0.29508196721311475,0.010002778549597136,0,0,,,,
,data/oldNepali_fullset/oldNepali/images/DNA_2_00000394_result/eSc_line_a032d4ab.png,ल्लत्‌र.राजगीकोषेताव.येतावाटगै.वनारस्मा.अगस्त्यस्‌,ल्लत्‌र.राजगीकोषेताव.ये़तावाटगै.वनारस्मा.अगस्त्यस्‌,0.0199999995529651,राज|वाट,राज|वाट,राज|बाट,राज|बाट,2,2,0.12,0.11764705882352941,0.0023529411764705854,0,0,,,,
,data/oldNepali_fullset/oldNepali/images/DNA_0003_0551/eSc_line_672f12f9.png,रोज४समत१९०४ शुभः,रोज४समत१९०४शुभः,0.0625,रोज,रोज,रोज,रोज,1,1,0.1875,0.2,-0.012500000000000011,0,0,,,,
,data/oldNepali_fullset/oldNepali_100/images/DNA 1_00000054/eSc_line_726a8023.png,लेषि.अर्काहुलाक्‌माचह्राईपठाउन्याकाम्‌गरुला.औ.सुवेदारजसिवंतकँव,लेषि.अर्काहुलाक्‌माचर्‍हाईपठाउन्याकाम्‌गरुला.औ.सुवेदारजसिवंतकँव,0.0483870953321456,लेषि|अर्का|चह्राई|पठाउन्या|गरुला|सुवेदार|जसिवंत,लेषि|अर्का|पठाउन्या|गरुला|सुवेदार|जसिवंत,लेख्नु|अर्को|चड़ाइ|पठाउनु|गर्नु|सुबेदार|जसिवंत,लेख्नु|अर्को|पठाउनु|गर्नु|सुबेदार|जसिवंत,7,6,0.6612903225806451,0.5555555555555556,0.10573476702508955,1,0,चड़ाइ,,चह्राई,
,data/oldNepali_fullset/oldNepali_100/images/DNA 3_00000540/eSc_line_80ab9168.png,रमाक्याकुराविंतिगरीपठायाभन्या.जरूरीमुद्दाको.अंगरेजी,इमाक्याकराविंतिगरीपठायाभन्या.जरूरीमुद्दाको.श्रंगरेजी,0.0980392172932624,कुरा|विंति|गरी|पठाया|भन्या|जरूरी|मुद्दा|अंगरेजी,विंति|गरी|पठाया|भन्या|जरूरी|मुद्दा,कुरो|बिन्ती|गर्नु|पठाउनु|भने|जरुरि|मुद्दा|अङ्ग्रेजि,बिन्ती|गर्नु|पठाउनु|भने|जरुरि|मुद्दा,8,6,0.7843137254901961,0.5576923076923077,0.22662141779788836,2,0,अङ्ग्रेजि|कुरो,,अंगरेजी|कुरा,
,data/oldNepali_fullset/oldNepali/images/CA__The Cambridge Manuscript_Page_021/eSc_line_8d9f821f.png,तपगरिरह्याकोथिया.तेस्तावेलामा.तिदानासुरदैत्यलेपानिथुनिदियोर.फेरतलाउभैग,तपगरिरह्याकोथिया.तेस्तावेलामा.तिदानासुरदैत्यलेपानिथुनिदियोर.फेरतलाउभैग,0.0,पगरि|रह्याको|थिया|वेला|पानि|दियो|फेर,पगरि|रह्याको|थिया|वेला|पानि|दियो|फेर,पगरि|रहनु|हुनु|बेला|पानि|दिनु|फेर,पगरि|रहनु|हुनु|बेला|पानि|दिनु|फेर,7,7,0.42857142857142855,0.42857142857142855,0.0,0,0,,,,
,data/oldNepali_fullset/oldNepali/images/DNA_0013_0472/eSc_line_bd39e1c3.png,रनुहव़स्.हामिलाईआसिरवादवक्सदैरहनुहव़स्.योविर्तावक्सदासंकल्पवाक्यपह्र्न्यायदुनाथपुरोहित.पा,रनुहवस्‌.हामिलाई.आसिरवादवक्सदैरहनुहवस्‌योविर्तावक्सदासंकल्पवाक्यपूर्यदुनाथपुरोहिकपा,0.1460674107074737,हामि|लाई|सिर|वक्सदै|रहनु|विर्ता|वक्स|संकल्प|पुरोहित,हामि|लाई|सिर|वक्सदै|रहनु|विर्ता|वक्स|संकल्प,हामी|लाई|सिर|बक्सनु|रहनु|बिर्ता|बक्सनु|सङ्कल्प|पुरोहित,हामी|लाई|सिर|बक्सनु|रहनु|बिर्ता|बक्सनु|सङ्कल्प,9,8,0.48314606741573035,0.43373493975903615,0.0494111276566942,1,0,पुरोहित,,पुरोहित,
,data/oldNepali_fullset/oldNepali_100/images/DNA 2_00000264_result/eSc_line_8cf2b037.png,हजुरमोतारिफहोताहैउपाध्याजिनेभिउसिमोताविक्‌चरणका,हजुरमोतारिफहोताहैउपाध्याजिनेभिउसिमोताविक्‌चरणका,0.0,हजुर|तारिफ|उपाध्या|चरण,हजुर|तारिफ|उपाध्या|चरण,हजुर|ताड़िफ|उपाध्या|चरण,हजुर|ताड़िफ|उपाध्या|चरण,4,4,0.40425531914893614,0.40425531914893614,0.0,0,0,,,,
,data/oldNepali_fullset/oldNepali_100/images/12/eSc_line_ecd1f49c.png,लाकाहातवाटवंगालाजीत्यापात्रोवनाउन्याहिक्‌मत्‌इनै,लाकाहातवाटवंगालाजील्यापात्रोवनाउन्याहिक्‌मत्‌इनै,0.020833333954215,काहा|वाट|वंगाला|पात्रो|वनाउन्या|इनै,काहा|वाट|वंगाला|पात्रो|वनाउन्या|इनै,कहाँ|बाट|बङ्गाल|पात्रो|बनाउनु|यिनी,कहाँ|बाट|बङ्गाल|पात्रो|बनाउनु|यिनी,6,6,0.625,0.625,0.0,0,0,,,,
,data/oldNepali_fullset/oldNepali_100/images/2/eSc_line_debf7e6b.png,पहिलाव़लीयम्‌काछोरीकाछोरा.इष्ट्युन्‌ले.जवर्दस्तिसँग,पहिलाव़लीयम्‌काछोरीकाछोरा.इष्युन्‌ले.जवर्दस्तिसँग,0.039215687662363,पहिला|छोरी|छोरा|जव|सँग,पहिला|छोरी|छोरा|जव|सँग,पैलो|छोरी|छोरो|जब|सँग,पैलो|छोरी|छोरो|जब|सँग,5,5,0.35294117647058826,0.3673469387755102,-0.014405762304921965,0,0,,,,
,data/oldNepali_fullset/oldNepali/images/CA__The Cambridge Manuscript_Page_005/eSc_line_4b28cc96.png,वाकिछदाभनि.भंछन्॥ ॥परंतु.इनिविष्णुर.व्रह्मा.दुव़ैले.शिवजीका.ज्योतीको.अंतपायेनर.इनिदुव़ै,वाकिछदाभनि.मंछन्॥ ॥परंतु.इनिविष्णुर.व्रह्मा.दुवैले.शिवजीका.ज्योतीको.अंतपायेनर.इनिदुव़ै,0.0229885056614875,वाकि|भनि|छन्|शिव,वाकि|भनि|छन्|दुवै|शिव,बाँकि|भनि|हुनु|शिब,बाँकि|भनि|हुनु|दुवै|शिब,4,5,0.14942528735632185,0.19767441860465115,-0.0482491312483293,0,1,,दुवै,,दुवै
,data/oldNepali_fullset/oldNepali_100/images/DNA 1_00000054/eSc_line_f1ce245b.png,ष्‌न्यामानिस्‌हरूर.सुन्दरीप्रसादैजस्तोरहेछभन्छन्.मेराचित्तमापनि.सुन्दरिप्रसा,ष्‌न्यामानिस्‌हरूर.सुन्दरीप्रसादैजस्तोरहेछभन्छन्.मेराचित्तमापनि.सुन्दरिप्रसा,0.0,सुन्दरीप्रसादै|जस्तो|रहेछ|भन्छन्|मेरा|चित्त|पनि,सुन्दरीप्रसादै|जस्तो|रहेछ|भन्छन्|मेरा|चित्त|पनि,सुन्दरीप्रसाद|जस्तो|रहनु|भन्नु|मेरो|चित्त|पनि,सुन्दरीप्रसाद|जस्तो|रहनु|भन्नु|मेरो|चित्त|पनि,7,7,0.5394736842105263,0.5394736842105263,0.0,0,0,,,,
,data/oldNepali_fullset/oldNepali_100/images/DNA 2_00000395_result/eSc_line_b149c16f.png,फिर्‍यापछि.वाटमाभेटनँगरी.ये़तैआय़ीहुगलीका१०।८कोस,फिर्यापछि.वाटमाभेटनँगरी.ये़तैआय़ीहुगलीका१०।८कोस,0.020833333954215,पछि|वाट|भेट|गरी|कोस,फिर्या|पछि|वाट|भेट|गरी|कोस,पछि|बाट|भेट|गर्नु|कोस,फिर्नु|पछि|बाट|भेट|गर्नु|कोस,5,6,0.3125,0.44680851063829785,-0.13430851063829785,0,1,,फिर्नु,,फिर्या
,data/oldNepali_fullset/oldNepali_100/images/14/eSc_line_7bf335d6.png,शीशालाइगर्मीगराउछन्.कपडाभन्यापश्मीनैलाउछन्,शीशालाइगर्मीगराउछन्.कपडाभन्यापश्मीनैलाउछन्,0.0,शीशा|लाइ|गर्मी|गराउछन्|कपडा|भन्या|पश्मीनै|लाउछन्,शीशा|लाइ|गर्मी|गराउछन्|कपडा|भन्या|पश्मीनै|लाउछन्,सिसा|लाई|गर्मि|गराउनु|कपड़ा|भने|पशमीन|लाउनु,सिसा|लाई|गर्मि|गराउनु|कपड़ा|भने|पशमीन|लाउनु,8,8,0.9761904761904762,0.9761904761904762,0.0,0,0,,,,
,data/oldNepali_fullset/oldNepali_100/images/DNA 1_00000609/eSc_line_ce4453e3.png,तिगर्‍याँ.सर्अप्सर्माफमेहेरचाहिन्छशुभम्,तिगर्याँ.सर्अप्सर्मोक्‌कोमेहेरचाहिन्छशुभम्‌,0.2051282078027725,मेहेर|शुभम्,मेहेर,मेहेर|शुभम्,मेहेर,2,1,0.2564102564102564,0.11627906976744186,0.14013118664281454,1,0,शुभम्,,शुभम्,
,data/oldNepali_fullset/oldNepali_100/images/CA__The Cambridge Manuscript_Page_034/eSc_line_4901b95f.png,३४,३४,0.0,,,,,0,0,0.0,0.0,0.0,0,0,,,,
,data/oldNepali_fullset/oldNepali_100/images/CA__The Cambridge Manuscript_Page_039/eSc_line_9da8b745.png,छोपीवस्यार.थुम्‌कोसिद्धभैगयोर.जंवूकदोभनिनाउभयो॥ ॥३९इन्कापुत्रपटुकराजा,छोपीवस्यार.थुम्‌कोसिद्धभैगयोर.जंकूकदोभनिनाउभयो॥ ॥३९इन्कापुत्रपदुकराजा,0.0289855077862739,वस्या|सिद्ध|गयो|भनि|नाउ|भयो|राजा,वस्या|सिद्ध|गयो|भनि|नाउ|भयो|राजा,बस्नु|सिद्ध|जानु|भनि|नाउँ|हुनु|राजा,बस्नु|सिद्ध|जानु|भनि|नाउँ|हुनु|राजा,7,7,0.37681159420289856,0.37681159420289856,0.0,0,0,,,,
,data/oldNepali_fullset/oldNepali/images/12/eSc_line_80a69dad.png,आफ्नादर्वारमास्थापनागरी.अग्रमाचैत्यप्रतिष्ठागरी.अहोरात्रव्रतगरी.आफ्नुपरियारसवैउद्धारभैगया.तस् दिनदे,आफ्नादर्वारमास्थापनागरी.अग्रमाचैत्यष्ठागरी.अहोरात्रव्रतगरी.आफुपरियारसवैउद्धारभैगया.तस्‌दिनदे,0.0808080807328224,आफ्ना|दर्वार|गरी|प्रति|गरी|गरी|आफ्नु|परि|सवै|उद्धार|गया|तस्|दिन,आफ्ना|दर्वार|गरी|गरी|गरी|आफु|परि|सवै|उद्धार|गया|दिन,आफ्नो|दरबार|गर्नु|प्रति|गर्नु|गर्नु|आफ्नो|पर्नु|सब|उद्धार|जानु|त्यो|दिनु,आफ्नो|दरबार|गर्नु|गर्नु|गर्नु|आफु|पर्नु|सब|उद्धार|जानु|दिनु,13,11,0.5151515151515151,0.44565217391304346,0.06949934123847168,3,1,त्यो|प्रति,आफु,आफ्नु|तस्|प्रति,आफु
,data/oldNepali_fullset/oldNepali_100/images/DNA 2_00000115_result/eSc_line_32a99885.png,पायासुन्याकोषैषवरविंतिगरिपठायाकोचिठिलेमालुम्‌‌हुदोहो.ञाँहाँ,पायासुन्याकोषैषवरविंतिगरिपठायाकोचिठिलेमालुम्‌‌हुदोहो.ञाँहाँ,0.0,पाया|सुन्याको|षैषवर|विंति|गरि|पठायाको|चिठि|हुदो|ञाँहाँ,पाया|सुन्याको|षैषवर|विंति|गरि|पठायाको|चिठि|हुदो|ञाँहाँ,पाउनु|सुन्नु|खैखबर|बिन्ती|गर्नु|पठाउनु|चिट्ठि|हुनु|यहाँ,पाउनु|सुन्नु|खैखबर|बिन्ती|गर्नु|पठाउनु|चिट्ठि|हुनु|यहाँ,9,9,0.7796610169491526,0.7796610169491526,0.0,0,0,,,,
,data/oldNepali_fullset/oldNepali/images/DNA_2_00000030_result/eSc_line_85ee1c09.png,जादर्सन्‌सिंकोमाम्‌मलापनिविग्रन्या.अरुअरुमिरउमराव़हरुलाइप,जादर्सन्‌सिंकीमाम्‌लापनिविग्रन्या.अरूअरुमिरउमराव़हरूलाइ५,0.0877192988991737,पनि|विग्रन्या|अरु|अरु|उमरा|लाइ,पनि|विग्रन्या|अरू|अरु|उमरा|लाइ,पनि|बिग्रनु|अरु|अरु|उमराउ|लाई,पनि|बिग्रनु|अरु|अरु|उमराउ|लाई,6,6,0.43859649122807015,0.44642857142857145,-0.007832080200501301,0,1,,,,अरू
,data/oldNepali_fullset/oldNepali/images/DNA_0014_0135/eSc_line_ec5ec167.png,ऊनुऔविराव़माफिककाषतमादंडसासनागर्नुजियनमासनु.भ,ऊनुऔविराव़माफिककायतमाडंडसासनागर्नुजियनमासनु.भ,0.0444444455206394,माफिक|षत|दंड|सासना|गर्नु|जिय,माफिक|डंड|सासना|गर्नु|जिय,माफिक|खत|दण्ड|शासना|गर्नु|जिउ,माफिक|डण्ड|शासना|गर्नु|जिउ,6,5,0.5111111111111111,0.4666666666666667,0.0444444444444444,2,1,खत|दण्ड,डण्ड,दंड|षत,डंड
,data/oldNepali_fullset/oldNepali/images/DNA_14_00000283/eSc_line_e17855a3.png,श्रीदुर्ग्गा\,श्रीदुर्ग्गा\,0.0,,,,,0,0,0.0,0.0,0.0,0,0,,,,
,data/oldNepali_fullset/oldNepali/images/DNA_1_00000285/eSc_line_ed27ee23.png,इत्तिलोहकेअरज़रषताहूँ।औरअरज़रषताहूँ,इत्तिलाहकेअरज़रषताहूँ।औरअरज़रषताहूं,0.0571428574621677,,,,,0,0,0.0,0.0,0.0,0,0,,,,
,data/oldNepali_fullset/oldNepali_100/images/DNA 4_00000551/eSc_line_b50cfd85.png,ताहाँपाव़कुसल‌आनन्दमंगलचरणारधीरहुनुभयाहाम्रोसववातकोप्रतिपाल‌उद्धार,ताहाँयाव़कुसलआनच्दमंगलचरणरधीरहनुभयाहाम्रोसववातकोप्रतिपालउद्धार,0.0909090936183929,ताहाँ|आनन्द|मंगल|धीर|हुनु|भया|हाम्रो|सव|वात|प्रति|उद्धार,ताहाँ|कुसल|मंगल|चरण|धीर|भया|हाम्रो|सव|वात|प्रतिपाल|उद्धार,त्यहाँ|आनन्द|मङ्गल|धीर|हुनु|हुनु|हाम्रो|सब|बात|प्रति|उद्धार,त्यहाँ|कुशल|मङ्गल|चरण|धीर|हुनु|हाम्रो|सब|बात|प्रतिपाल|उद्धार,11,11,0.696969696969697,0.7580645161290323,-0.061094819159335234,3,3,आनन्द|प्रति,कुशल|चरण|प्रतिपाल,आनन्द|प्रति|हुनु,कुसल|चरण|प्रतिपाल
,data/oldNepali_fullset/oldNepali_100/images/E3345_00000300/eSc_line_e59912d1.png,हरूलेपनिपाउन्याहौंभनितिमिहरूलेहाम्राहजुरमाविन्तिपार्दाजाहेरभयो.अवप्रान्ततिमि,हरूलेपनिपाउन्याहौँभवितिमिहरूलेहाम्राहजुरमाविन्तिपार्दाजाहेरभयो.अवप्रान्ततिमि,0.0263157896697521,पनि|पाउन्या|भनि|तिमिहरू|हाम्रा|हजुर|विन्ति|पार्दा|जाहेर|भयो|अवप्रान्त|तिमि,पनि|पाउन्या|तिमिहरू|हाम्रा|हजुर|विन्ति|पार्दा|जाहेर|भयो|अवप्रान्त|तिमि,पनि|पाउनु|भनि|तिमी|हाम्रो|हजुर|बिन्ती|पार्नु|जाहेर|हुनु|अबप्रान्त|तिमी,पनि|पाउनु|तिमी|हाम्रो|हजुर|बिन्ती|पार्नु|जाहेर|हुनु|अबप्रान्त|तिमी,12,11,0.8289473684210527,0.7894736842105263,0.03947368421052633,1,0,भनि,,भनि,
,data/oldNepali_fullset/oldNepali_100/images/CA__The Cambridge Manuscript_Page_031/eSc_line_ee3eabb9.png,गणेश.मणिमहाकाल.मनोहरा.एतिप्रत्यक्ष.प्रसिद्धनामभैगयाकाहुन्.यस्तोउत्तमजग्गामा.वश्न,गणेश.मणिमहाकाल.मनोहरा.एतिप्रत्यक्ष.प्रसिद्धनामभैगयाकाहुन.यस्तोउत्तमजग्गामा.वस्,0.0375000014901161,महा|एति|प्रसिद्ध|नाम|गयाका|हुन्|वश्न,महा|एति|प्रसिद्ध|नाम|गयाका|हुन,मा|यति|प्रसिद्ध|नाउँ|जानु|हुनु|बस्नु,मा|यति|प्रसिद्ध|नाउँ|जानु|हुनु,7,6,0.375,0.32051282051282054,0.05448717948717946,2,1,बस्नु,,वश्न|हुन्,हुन
,data/oldNepali_fullset/oldNepali_100/images/DNA 2_00000110_result/eSc_line_2276d718.png,विस्तारउनैकाअर्जिवाटजाहेरहोला.मलाईलेष्याकाचिठिकोनकलपनिचर्‍हाइपठायाको,विस्तारउनैकाअर्जिवाटजाहेरहोला.मलाईलेष्याकाचिठिकोनकलपनिचर्‍हाइपठायाको,0.0,विस्तार|उनै|अर्जि|वाट|जाहेर|होला|लाई|लेष्याका|चिठि|नकल|पनि|पठायाको,विस्तार|उनै|अर्जि|वाट|जाहेर|होला|लाई|लेष्याका|चिठि|नकल|पनि|पठायाको,बिस्तार|उनी|अर्जी|बाट|जाहेर|हुनु|लाई|लेख्नु|चिट्ठि|नकल|पनि|पठाउनु,बिस्तार|उनी|अर्जी|बाट|जाहेर|हुनु|लाई|लेख्नु|चिट्ठि|नकल|पनि|पठाउनु,12,12,0.8088235294117647,0.8088235294117647,0.0,0,0,,,,
,data/oldNepali_fullset/oldNepali/images/DNA_2_00000095_result/eSc_line_2f2f73d9.png,रिफ्‌गर्छन्‌नैपाल्‌जान्छौंभन्यारहामिले,र्‌क्‌गर्छनैपाल्‌जान्छौंभन्यारहाकिले,0.1842105239629745,जान्छौं|भन्या|हामि,जान्छौं|भन्या,जानु|भने|हामी,जानु|भने,3,2,0.42105263157894735,0.3333333333333333,0.08771929824561403,1,0,हामी,,हामि,
,data/oldNepali_fullset/oldNepali/images/CA__The Cambridge Manuscript_Page_009/eSc_line_fa0e686a.png,डोधर्म्मात्माथियो १ दिन् ५ सयवनीयासाथली.उत्तरापंथमासिंहलद्वीपमावेपारगर्नगयोर.वाटमा १ सुन् का,डोधर्म्मात्माथियो १ दिन् ५ सयवनीयासाथली.उत्तरापंथमासिहलद्वीपमावेपारगर्नगयोर.वाटमा १ सुन् का,0.0108695654198527,थियो|दिन्|सय|साथ|उत्तरा|सिंह|वेपार|गर्न|गयो|वाट,थियो|दिन्|सय|साथ|उत्तरा|हल|वेपार|गर्न|गयो|वाट,हुनु|दिन|सय|साथ|उत्तरा|सिंह|व्यापार|गर्नु|जानु|बाट,हुनु|दिन|सय|साथ|उत्तरा|हल|व्यापार|गर्नु|जानु|बाट,10,10,0.41304347826086957,0.3956043956043956,0.01743908265647398,1,1,सिंह,हल,सिंह,हल
,data/oldNepali_fullset/oldNepali_100/images/DNA 1_00000671/eSc_line_0e0dbcfc.png,पुरानाप्रजाप्रानीकोय़ोजहजातहुदा:जाउरवीन्तीगरीसरनपरी:,पुरानाय्रजाप्रानीकोय़ोजदजातहुदा:जाउरवीन्तीगरीसरनपरी:,0.0384615398943424,प्रजा|जात|हुदा|वीन्ती|गरी|सर,जात|हुदा|वीन्ती|गरी|सर,प्रजा|जात|हुनु|बिन्ती|गर्नु|शर,जात|हुनु|बिन्ती|गर्नु|शर,6,5,0.4423076923076923,0.34615384615384615,0.09615384615384615,1,0,प्रजा,,प्रजा,
,data/oldNepali_fullset/oldNepali_100/images/3/eSc_line_7dfdb842.png,लाइछोड्छुभन्दा.इन्‌लेयोषवर.आँफ्नाशहर्मापठाया,लाइछोडछुभन्दा.इन्‌लेयोषवर.आफ्नाशहर्मागठाया,0.0681818202137947,लाइ|छोड्छु|भन्दा|षवर|आँफ्ना|पठाया,लाइ|भन्दा|षवर|आफ्ना,लाई|छोड़्नु|भन्नु|खबर|आफ्नो|पठाउनु,लाई|भन्नु|खबर|आफ्नो,6,4,0.6363636363636364,0.38095238095238093,0.2554112554112554,3,1,छोड़्नु|पठाउनु,,आँफ्ना|छोड्छु|पठाया,आफ्ना
,data/oldNepali_fullset/oldNepali_100/images/DNA 3_00000158/eSc_line_b3827997.png,जाहै।सोसर्कारमेपहोँचताहै।सं१८९३द्वि.आषाढवदी१०,जाहैसोसर्कारमेपहोँचतांहै।सं१८९३दि०आषाढव्‌दी२,0.2000000029802322,सर्कार|आषाढ|वदी,सर्कार|आषाढ,सर्कार|आषाढ़|बदि,सर्कार|आषाढ़,3,2,0.28888888888888886,0.22727272727272727,0.0616161616161616,1,0,बदि,,वदी,
,data/oldNepali_fullset/oldNepali/images/DNA_0003_0551/eSc_line_71a89885.png,हरतशरीफनलेजायँगेऔरइनदिनौँमैख़र्चवगैरनिहायतदि,हरतशरीफनलेजायंगेऔरइनदिनौंमैखर्चवगेरनिहायतदि,0.0909090936183929,इन,इन|खर्च,यिनी,यिनी|खर्च,1,2,0.045454545454545456,0.13953488372093023,-0.09408033826638477,0,1,,खर्च,,खर्च
,data/oldNepali_fullset/oldNepali_100/images/DNA 4_00000551/eSc_line_bd95867d.png,दुषहुनजाँछतस्‌अर्थचारवर्णछत्तिसैजात्‌माडाँकारचोरिकाकुरामासावीत्,दुषहुनजाँछतस्‌अर्थचारवर्णछत्तिसैजात्‌माडाँकारचोरिकाकुरामासावीत्,0.0,दुष|हुन|अर्थ|चार|वर्ण|छत्तिसै|कुरा,दुष|हुन|अर्थ|चार|वर्ण|छत्तिसै|कुरा,दुख|हुनु|अर्थ|चार|वर्ण|छत्तिस|कुरो,दुख|हुनु|अर्थ|चार|वर्ण|छत्तिस|कुरो,7,7,0.4444444444444444,0.4444444444444444,0.0,0,0,,,,
,data/oldNepali_fullset/oldNepali_100/images/DNA 2_00000051_result/eSc_line_e1c9b113.png,लाकिल्लाभित्रपसिफयेरवोलेछभरतपुरलेपनिफयेरवोलि,लाकिल्लाभित्रपसिफयेरवोलेछभरतपुरलेपनिफयेरवोलि,0.0,किल्ला|भित्र|पसि|फयेर|वोलेछ|भरतपुर|पनि|फयेर|वोलि,किल्ला|भित्र|पसि|फयेर|वोलेछ|भरतपुर|पनि|फयेर|वोलि,किल्ला|भित्र|पस्नु|फएर|बोल्नु|भरतपुर|पनि|फएर|बोल्नु,किल्ला|भित्र|पस्नु|फएर|बोल्नु|भरतपुर|पनि|फएर|बोल्नु,9,9,0.9090909090909091,0.9090909090909091,0.0,0,0,,,,
,data/oldNepali_fullset/oldNepali_100/images/DNA 4_00000506/eSc_line_bfac0b4b.png,तीवाँदछुटी.पानीसवमोगलानातर्फगयोधेरैषर्चलगाईपक्कावादगराउनलाई.दुनीञाँहरुको,तीवाँदुटी.पानीसवमोगलानातर्फगयोधेरैषर्चलगाईपक्कावादगराउनलाई.दुनीञाँहरूको,0.0277777779847383,पानी|सव|तर्फ|गयो|षर्च|लगाई|पक्का|लाई,पानी|सव|तर्फ|गयो|षर्च|लगाई|पक्का|लाई,पानि|सब|तरफ|जानु|खर्च|लगाउनु|पक्का|लाई,पानि|सब|तरफ|जानु|खर्च|लगाउनु|पक्का|लाई,8,8,0.4027777777777778,0.4084507042253521,-0.0056729264475743335,0,0,,,,
,data/oldNepali_fullset/oldNepali/images/DNA_1_00000285/eSc_line_98a1ddda.png,आयाथा।सोहज़ूरकेचरणोमेअरज़कियाग,आयाथा।सोहजूरकेचरणोमेअरज़कियाग,0.0333333350718021,आया,आया|हजूर,आउनु,आउनु|हजुर,1,2,0.1,0.2413793103448276,-0.1413793103448276,0,1,,हजुर,,हजूर
,data/oldNepali_fullset/oldNepali/images/DNA_0003_0551/eSc_line_d19e2751.png,छावनीमेँनजानेपावेँअगरजातेदेखोफौरनउनकोगिरफ्तारकरोज,मेँनजानेपावेँअगरजातेदेखोफौरन‌उनकोगिरस्तारकरोज,0.1428571492433548,जाने|गर|रोज,जाने|गर|रोज,जानु|गर्नु|रोज,जानु|गर्नु|रोज,3,3,0.1836734693877551,0.2,-0.0163265306122449,0,0,,,,
,data/oldNepali_fullset/oldNepali_100/images/DNA 4_00000048/eSc_line_1ccf156e.png,नं,३,1.0,,,,,0,0,0.0,0.0,0.0,0,0,,,,
,data/oldNepali_fullset/oldNepali/images/16/eSc_line_51315b16.png,समर्थभै.मालाछाडीगयोर.एकाठाउमाएकजनापुरूषले.सुईकारासराषी.१/१सुईली.सुईले.केरीरूषढालनु,समर्थभै.मालाछाडीगयोर.एकाठाउमाएकजनापुरूषले.सुईकारासराषी११सुईली.सुईले.केरीरुषढालनु,0.0365853644907474,छाडी|गयो|ठाउ|एक|जना|रास|राषी,छाडी|गयो|ठाउ|एक|जना|रास|राषी,छाड़िनु|जानु|ठाउँ|एक|जना|रास|राख्नु,छाड़िनु|जानु|ठाउँ|एक|जना|रास|राख्नु,7,7,0.2682926829268293,0.275,-0.006707317073170738,0,0,,,,
,data/oldNepali_fullset/oldNepali/images/CA__The Cambridge Manuscript_Page_010/eSc_line_6f8149fa.png,ताहापछि.प्रजादुनियाहरूसवैमिलि.त्योसिंहलसार्थवाहलाईराजाथाप्या.तस्पछि.केहीकालसम्मरजाईगरीस,ताहापछि.प्रजादुनियाहरूसवैमिलि.त्योसिंहलसार्थवाहलाईराजाथाप्या.तस् पछि.केहीकालसम्मरजाईगरीस,0.0114942528307437,ताहा|पछि|प्रजा|रूस|मिलि|सिंह|लाई|राजा|केही|सम्म|जाई|गरी,ताहा|पछि|प्रजा|रूस|मिलि|सिंह|लाई|राजा|तस्|पछि|केही|सम्म|जाई|गरी,त्यहाँ|पछि|प्रजा|रुस|मिल्नु|सिंह|लाई|राजा|केही|सम्म|जानु|गर्नु,त्यहाँ|पछि|प्रजा|रुस|मिल्नु|सिंह|लाई|राजा|त्यो|पछि|केही|सम्म|जानु|गर्नु,12,14,0.5057471264367817,0.5681818181818182,-0.062434691745036575,0,1,,त्यो,,तस्
,data/oldNepali_fullset/oldNepali_100/images/CA__The Cambridge Manuscript_Page_025/eSc_line_c7c9393f.png,२५,२५,0.0,,,,,0,0,0.0,0.0,0.0,0,0,,,,
,data/oldNepali_fullset/oldNepali/images/DNA_1_00000404/eSc_line_6aaf0361.png,मचित्‌पुरशुभम्,मनिन्‌पुर्‌शुभम्,0.2857142984867096,शुभम्,शुभम्,शुभम्,शुभम्,1,1,0.35714285714285715,0.3125,0.04464285714285715,0,0,,,,
,data/oldNepali_fullset/oldNepali_100/images/CA__The Cambridge Manuscript_Page_024/eSc_line_5edd8b1a.png,शत्३२लक्षणयुक्तनरवलिंधारोपरिदद्यात्‌धारावन्धनप्रकाशोजायते॥राजाइतिवाक्यश्रुतं॥,शत्३२लक्षणयुक्तनरवलिधारोपरिदयात्‌धारावन्धनप्रकाशोजायते॥राजाइतिवाक्यश्रतं॥,0.0519480518996715,लक्षण|परि|राव|राजा|इति,लक्षण|परि|राव|राजा|इति,लक्षण|पर्नु|राव|राजा|इति,लक्षण|पर्नु|राव|राजा|इति,5,5,0.23376623376623376,0.2465753424657534,-0.01280910869951965,0,0,,,,
,data/oldNepali_fullset/oldNepali/images/DNA_2_00000327_result/eSc_line_739e5894.png,उपाध्यायस्यशुभाशीर्वादपूर्वकंपत्रंकृपालेञाहाआनन्दछताँहाँकोआनन्दमंगलसर्वदाचाहियेआ,उपाध्यापस्यशुभाएर्वादपूर्वकंपत्रकृपालेञाहाआनन्दछुताँहाँकोआनन्दमंगलसर्वदाचाहिपोआ,0.0874999985098838,उपाध्या|पूर्व|कृपा|ञाहा|आनन्द|ताँहाँ|आनन्द|मंगल|सर्वदा,उपाध्या|पूर्व|पत्र|कृपा|ञाहा|आनन्द|ताँहाँ|आनन्द|मंगल|सर्वदा,उपाध्या|पूर्व|कृपा|यहाँ|आनन्द|त्यहाँ|आनन्द|मङ्गल|सर्वदा,उपाध्या|पूर्व|पत्र|कृपा|यहाँ|आनन्द|त्यहाँ|आनन्द|मङ्गल|सर्वदा,9,10,0.575,0.6329113924050633,-0.05791139240506338,0,1,,पत्र,,पत्र
,data/oldNepali_fullset/oldNepali/images/DNA_2_00000095_result/eSc_line_b465f25c.png,पनिसल्लाहदिञौ.ईन्‌लाईनैपाल्‌पुग्न्या,पनिसल्लाहदिऔ:ईन्‌लाईनैपाल्‌पुग्न्या,0.0833333358168602,पनि|सल्लाह|दिञौ|लाई|पुग्न्या,पनि|सल्लाह|लाई|पुग्न्या,पनि|सल्लाह|दिनु|लाई|पुग्नु,पनि|सल्लाह|लाई|पुग्नु,5,4,0.6666666666666666,0.5714285714285714,0.09523809523809523,1,0,दिनु,,दिञौ,
,data/oldNepali_fullset/oldNepali_100/images/DNA 3_00000158/eSc_line_9f2cede3.png,गरीबपर्वरमेरे।सबबइसकायेहै।बन्दाअपनेछोटेभा,गरीबपर्वरमेरे।सबबइसकायेहै।बन्दाअपनेछोटेमा,0.0243902429938316,गरी|पर्व|सब,गरी|पर्व|सब,गर्नु|पर्व|सब,गर्नु|पर्व|सब,3,3,0.21951219512195122,0.21951219512195122,0.0,0,0,,,,
,data/oldNepali_fullset/oldNepali_100/images/DNA 2_00000394_result/eSc_line_4b20a863.png,गौर्नरसाहवकानाम्‌मा.पठाय़ाकोरहेछ.दाषीलहुँदा.वदरी,गौर्नरसाहवकानाम्‌मा.पठायाकोरहेछ.दाषीलहुँदा.वदरी,0.020833333954215,साहव|रहेछ|दाषील|हुँदा|दरी,साहव|पठायाको|रहेछ|दाषील|हुँदा|दरी,साहेब|रहनु|दाखिल|हुनु|दर्नु,साहेब|पठाउनु|रहनु|दाखिल|हुनु|दर्नु,5,6,0.4375,0.5957446808510638,-0.1582446808510638,0,1,,पठाउनु,,पठायाको
,data/oldNepali_fullset/oldNepali/images/DNA_2_00000110_result/eSc_line_fb91a361.png,व़रमार्फत्‌पठाञाँथ्युं.ढेरञहांपनिनहुदा.थोरैगयो.काजिरेव़न्तकव़रलाइपनिरात,व़रमार्फत्‌पठाञाँथ्युं.ढेरञहांपनिनहुदा.थोरैगयो.काजिरेव़न्तकव़रलाइपनिरात,0.0,ढेर|ञहां|पनि|हुदा|थोरै|गयो|काजि|लाइ|पनि|रात,ढेर|ञहां|पनि|हुदा|थोरै|गयो|काजि|लाइ|पनि|रात,ढेर|यहाँ|पनि|हुनु|थोरै|जानु|काजी|लाई|पनि|रात,ढेर|यहाँ|पनि|हुनु|थोरै|जानु|काजी|लाई|पनि|रात,10,10,0.4788732394366197,0.4788732394366197,0.0,0,0,,,,
,data/oldNepali_fullset/oldNepali_100/images/CA__The Cambridge Manuscript_Page_029/eSc_line_39cec71d.png,लामासिंहासनआकाशमार्गलेउडिजाईस्वस्थानमाप्राप्तहुंदोभयोकेहीकालपछि.ईराजागुमानीहुनाले,लामासिंहासुनआकाशमार्गलेउडिजाईस्वस्थानमाप्राफस्तदोभयोकेहीकालपछिईराजागुमानीहुनाले,0.086419753730297,लामा|सन|मार्ग|जाई|स्थान|भयो|केही|पछि|राजा|मानी|हुना,लामा|सुन|मार्ग|जाई|स्थान|भयो|केही|पछि|राजा|मानी|हुना,लामा|सन|मार्ग|जानु|स्थान|हुनु|केही|पछि|राजा|मान्नु|हुनु,लामा|सुन|मार्ग|जानु|स्थान|हुनु|केही|पछि|राजा|मान्नु|हुनु,11,11,0.5061728395061729,0.5316455696202531,-0.025472730114080244,1,1,सन,सुन,सन,सुन
,data/oldNepali_fullset/oldNepali_100/images/DNA 2_00000030_result/eSc_line_85ee1c09.png,जादर्सन्‌सिंकोमाम्‌मलापनिविग्रन्या.अरुअरुमिरउमराव़हरुलाइप,जादर्सन्‌सिंकीमाम्‌लापनिविग्रन्या.अरूअरुमिरउमराव़हरूलाइ५,0.0877192988991737,पनि|विग्रन्या|अरु|अरु|उमरा|लाइ,पनि|विग्रन्या|अरू|अरु|उमरा|लाइ,पनि|बिग्रनु|अरु|अरु|उमराउ|लाई,पनि|बिग्रनु|अरु|अरु|उमराउ|लाई,6,6,0.43859649122807015,0.44642857142857145,-0.007832080200501301,0,1,,,,अरू
,data/oldNepali_fullset/oldNepali_100/images/CA__The Cambridge Manuscript_Page_039/eSc_line_57889740.png,ष्ठागरी.आफुभिक्षुनीभै.उद्धारभैगया.ताहापछिदेवपालराजा.वडोशोकमानी.आफुलेवनायाकाविहारपनि,ष्ठागरी.आफुभिक्षुनीभै.उद्धारभैगया.ताहापछिदेवपालराजा.वडोशोकमानी.आफुलेवनायाकाविहारपनि,0.0,गरी|आफु|उद्धार|गया|ताहा|पछि|देव|राजा|वडो|कमानी|आफु|पनि,गरी|आफु|उद्धार|गया|ताहा|पछि|देव|राजा|वडो|कमानी|आफु|पनि,गर्नु|आफु|उद्धार|जानु|त्यहाँ|पछि|देव|राजा|बडो|कमानि|आफु|पनि,गर्नु|आफु|उद्धार|जानु|त्यहाँ|पछि|देव|राजा|बडो|कमानि|आफु|पनि,12,12,0.5180722891566265,0.5180722891566265,0.0,0,0,,,,
,data/oldNepali_fullset/oldNepali/images/DNA_2_00000110_result/eSc_line_2276d718.png,विस्तारउनैकाअर्जिवाटजाहेरहोला.मलाईलेष्याकाचिठिकोनकलपनिचर्‍हाइपठायाको,विस्तारउनैकाअर्जिवाटजाहेरहोला.मलाईलेष्याकाचिठिकोनकलपनिचर्‍हाइपठायाको,0.0,विस्तार|उनै|अर्जि|वाट|जाहेर|होला|लाई|लेष्याका|चिठि|नकल|पनि|पठायाको,विस्तार|उनै|अर्जि|वाट|जाहेर|होला|लाई|लेष्याका|चिठि|नकल|पनि|पठायाको,बिस्तार|उनी|अर्जी|बाट|जाहेर|हुनु|लाई|लेख्नु|चिट्ठि|नकल|पनि|पठाउनु,बिस्तार|उनी|अर्जी|बाट|जाहेर|हुनु|लाई|लेख्नु|चिट्ठि|नकल|पनि|पठाउनु,12,12,0.8088235294117647,0.8088235294117647,0.0,0,0,,,,
,data/oldNepali_fullset/oldNepali/images/CA__The Cambridge Manuscript_Page_008/eSc_line_453a20dd.png,क्षादी.यथाविधि.मंत्रदीक्षादीद्वादशाक्षरकाअर्थवताई.आफ्नाविहारमापठाया.आफूजोमंजुश्री,क्षादी.यथाविधि.मंत्रदाक्षादीद्वादशाक्षरकाअर्थवताई.आफ्नाविहारमापठाया.आफुजोमंजुश्री,0.0246913582086563,अर्थ|आफ्ना|पठाया,अर्थ|आफ्ना|पठाया|आफु,अर्थ|आफ्नो|पठाउनु,अर्थ|आफ्नो|पठाउनु|आफु,3,4,0.1728395061728395,0.20987654320987653,-0.037037037037037035,0,1,,आफु,,आफु
,data/oldNepali_fullset/oldNepali_100/images/CA__The Cambridge Manuscript_Page_040/eSc_line_8076f072.png,याकाअशोकराजासंगआयाकादेवपालनामराजवंशीक्षेत्रीले.आफूवसनाकनसानु१देवपत्तनना,याकाअशोकराजासंगआयाकादिवपालनामराजवंशीक्षेत्तीले.आफुवसनाकनसानु १ देवपत्तनना,0.0704225376248359,राजा|संग|आयाका|देव|पालना|राज|वस|कन|सानु|देव,राजा|संग|आयाका|पालना|राज|आफु|वस|कन|सानु|देव,राजा|सँग|आउनु|देव|पालना|राज|बस्नु|कन|सानु|देव,राजा|सँग|आउनु|पालना|राज|आफु|बस्नु|कन|सानु|देव,10,10,0.4788732394366197,0.4657534246575342,0.01311981477908547,0,1,,आफु,,आफु
,data/oldNepali_fullset/oldNepali/images/DNA_0013_0427/eSc_line_f4586e8f.png,स्वस्तिश्रीगिरिराजचक्रचूडामणिनरनारायणेत्यादि,स्वस्तिश्रीगिरिराजचक्रचूडामणिनरनारायणेत्यादि,0.0,स्वस्ति|राज|चक्र,स्वस्ति|राज|चक्र,स्वस्ति|राज|चक्र,स्वस्ति|राज|चक्र,3,3,0.3181818181818182,0.3181818181818182,0.0,0,0,,,,
,data/oldNepali_fullset/oldNepali_100/images/DNA 3_00000158/eSc_line_37403abe.png,॥स्वस्तिश्रीसर्वोपमानोपमेयशौर्योदार्यादिसकलसद्गुण,॥स्वस्तिश्रीसर्वोपमानोपमेयशौर्योदार्यादिसकलसद्‍गुण,0.0204081628471612,स्वस्ति,स्वस्ति,स्वस्ति,स्वस्ति,1,1,0.14285714285714285,0.14,0.002857142857142836,0,0,,,,
,data/oldNepali_fullset/oldNepali/images/DNA_0014_0296/eSc_line_7e2194e4.png,सहरि.थामि.हायु.सुनुव़ार.चेपांग.एतिजातका.घरहिएक्‌एक्,सहरि.थामि.हायु.सुनुव़ार.चेवांग.एतिजातका.घरहिएकएक्‌एक,0.0784313753247261,थामि|हायु|चेपांग|एति|जात|घरहि|एक्,थामि|हायु|चेवांग|एति|जात|घरहि|एक|एक,थाम्नु|हायू|चेपाङ्|यति|जात|घर|एक,थाम्नु|हायू|चेपाङ्|यति|जात|घर|एक|एक,7,8,0.5294117647058824,0.5384615384615384,-0.009049773755656076,2,2,,,एक्|चेपांग,एक|चेवांग
,data/oldNepali_fullset/oldNepali/images/DNA_0013_0382/eSc_line_69718c9a.png,अरूझारावैकरवेठवेगारमाफ‌औहुलाककोकाजकाये़मरहंज्याल,अरूझारावैकरवेटवेगारमाफऔहुलाककोकाजकायेमरहंज्याल,0.0625,अरू|झारा|वेठ|वेगार|हुलाक|काज,अरू|झारा|वेगार|माफ|हुलाक|काज,अरु|झारा|बेठ|बेगार|हुलाक|काज,अरु|झारा|बेगार|माफ|हुलाक|काज,6,6,0.4791666666666667,0.5,-0.020833333333333315,1,1,बेठ,माफ,वेठ,माफ
,data/oldNepali_fullset/oldNepali_100/images/E3345_00000314/eSc_line_462bbdcb.png,गीहौंदसलीम्वुव़ान्‌लेनगरापायाहामिहरूलेपनीनगरापाउन्याहुं,नीहौंदसलीस्वुव़ान्‌लेनगरापायाहामिहरूलेपनीनगरापाउन्याहुं,0.036363635212183,दस|लीम्वु|नगरा|पाया|हामिहरू|पनी|नगरा|पाउन्या,दस|नगरा|पाया|हामिहरू|पनी|नगरा|पाउन्या,दस|लिम्बु|नगरा|पाउनु|हामी|पनि|नगरा|पाउनु,दस|नगरा|पाउनु|हामी|पनि|नगरा|पाउनु,8,7,0.6727272727272727,0.5636363636363636,0.10909090909090913,1,0,लिम्बु,,लीम्वु,
,data/oldNepali_fullset/oldNepali/images/DNA_0014_0296 zuschn/eSc_line_996ee0ca.png,आगे. जिके.हाम्रोमुलुक्‌भरिकोजोगिकोमंडलाइचर्‍‍हाँ,आगे. जिके.हाम्रोमुलुक्‌भरिकोजोगिकोमंडलाइचर्‍‍हाँ,0.0,आगे|हाम्रो|भरि|जोगि|मंडलाइ,आगे|हाम्रो|भरि|जोगि|मंडलाइ,आगे|हाम्रो|भरि|योगी|मण्डलाइ,आगे|हाम्रो|भरि|योगी|मण्डलाइ,5,5,0.4583333333333333,0.4583333333333333,0.0,0,0,,,,
,data/oldNepali_fullset/oldNepali_100/images/9/eSc_line_ca5c8dc5.png,माजहाजीतोप्‌तयारभया॥ ॥इन्काछोराआठौँहनरी,माजहाजीतोप्‌तया।भया॥ ॥इन्काछोराआठौँहेनरी,0.0512820519506931,जहाजी|तयार|भया|छोरा|आठौँ|हनरी,जहाजी|भया|छोरा|आठौँ,जहाजि|तयार|हुनु|छोरो|आठौँ|हनरी,जहाजि|हुनु|छोरो|आठौँ,6,4,0.6153846153846154,0.4,0.2153846153846154,2,0,तयार|हनरी,,तयार|हनरी,
,data/oldNepali_fullset/oldNepali/images/DNA_0012_0638/eSc_line_281f9bd1.png,रगरिवक्स्यौँ.आफ्नाषातिरजामासँग.कुलाचारदेषी.भैआय़ा,रगरिवक्स्यौं.आफ्‌नाषातिरजामासँगुकुराचारदेषीभैआय़ी,0.122448980808258,गरि|वक्स्यौँ|आफ्ना|षातिरजामा|सँग|कुलाचार|देषी,गरि|वक्स्यौं|षातिरजामा|कुरा|चार|देषी,गर्नु|बक्सनु|आफ्नो|खातिरजमा|सँग|कुलाचार|देखि,गर्नु|बक्सनु|खातिरजमा|कुरो|चार|देखि,7,6,0.7959183673469388,0.6326530612244898,0.16326530612244894,4,3,आफ्नो|कुलाचार|सँग,कुरो|चार,आफ्ना|कुलाचार|वक्स्यौँ|सँग,कुरा|चार|वक्स्यौं
,data/oldNepali_fullset/oldNepali/images/CA__The Cambridge Manuscript_Page_005/eSc_line_2ae942fc.png,नाम.पशुपतिक्षेत्रभनिनामप्रख्यातभया॥औ.इनिपशुपतिविराजमानभयाको.त्योवनकोनाम.उ,नाम.पशुपतिक्षेत्रभनिनामप्रख्यातभया॥औ.इनिपशुपतिविराजमानभयाको.त्योवनकोनाम.उ,0.0,नाम|पशु|भनि|नाम|भया|पशु|राज|मान|भयाको|नाम,नाम|पशु|भनि|नाम|भया|पशु|राज|मान|भयाको|नाम,नाउँ|पशु|भनि|नाउँ|हुनु|पशु|राज|मान|हुनु|नाउँ,नाउँ|पशु|भनि|नाउँ|हुनु|पशु|राज|मान|हुनु|नाउँ,10,10,0.4383561643835616,0.4383561643835616,0.0,0,0,,,,
,data/oldNepali_fullset/oldNepali_100/images/CA__The Cambridge Manuscript_Page_032/eSc_line_34b741ee.png,वशा,वंशा,0.3333333432674408,,,,,0,0,0.0,0.0,0.0,0,0,,,,
,data/oldNepali_fullset/oldNepali/images/CA__The Cambridge Manuscript_Page_008/eSc_line_0d15ec5f.png,करूपधारणागर्न्याको.जोईपोइकाकुरागर्‍याकोसुनि.धंन्यगुरूएहीहोभन् थानी.उन् काकोठाकोढो,कूपधारणागर्न्याको.जोईपोइकाफुरागर्‍याकोसुनि.धंन्यगुरूएहीहोभन्‌क्षानी.उन्‌काकोठाकोढो,0.086419753730297,गर्न्या|कुरा|सुनि|गुरू|उन्|कोठा,गर्न्या|सुनि|गुरू|कोठा,गर्नु|कुरो|सुन्नु|गुरु|उन|कोठो,गर्नु|सुन्नु|गुरु|कोठो,6,4,0.32098765432098764,0.23170731707317074,0.0892803372478169,2,0,उन|कुरो,,उन्|कुरा,
,data/oldNepali_fullset/oldNepali/images/DNA_1_00000404/eSc_line_94b9014d.png,अर्जि,अर्जि,0.0,अर्जि,अर्जि,अर्जी,अर्जी,1,1,1.0,1.0,0.0,0,0,,,,
,data/oldNepali_fullset/oldNepali_100/images/DNA 2_00000413_result/eSc_line_b2c19391.png,वालकछु.लेखकोन्यूनाधिकक्षमाभयाजाला.किंवहुविज्ञेषुइतिसंवत्‌,वालकछु.लेखकोन्यूनाधिकक्षमाभयाजाला.किंवहुविज्ञेषुइतिसंवत्,0.0175438597798347,वालक|लेख|न्यूनाधिक|क्षमा|भया|जाला|इति,वालक|लेख|न्यूनाधिक|क्षमा|भया|जाला|इति|संवत्,बालक|लेख|न्यूनाधिक|क्षमा|हुनु|जानु|इति,बालक|लेख|न्यूनाधिक|क्षमा|हुनु|जानु|इति|संवत्,7,8,0.543859649122807,0.6428571428571429,-0.09899749373433586,0,1,,संवत्,,संवत्
,data/oldNepali_fullset/oldNepali/images/CA__The Cambridge Manuscript_Page_006/eSc_line_25444e73.png,ताहांवाटफर्कीजादा.गौडदेशमागै.ताहाकोराजाप्रचण्डदेववर्म्मन् ले.वुद्धप्राप्तभयोभनि.अनेकसत्का,ताहांवाटफर्कीजादा.गौडदेशमागै.ताहाकोराजाप्रचण्डदेववर्म्मन्ले.वुद्धप्राप्तभयोभनि.अनेकसत्का,0.011235955171287,वाट|जादा|ताहा|राजा|देव|भयो|भनि,वाट|जादा|ताहा|राजा|देव|भयो|भनि,बाट|जानु|त्यहाँ|राजा|देव|हुनु|भनि,बाट|जानु|त्यहाँ|राजा|देव|हुनु|भनि,7,7,0.2696629213483146,0.2727272727272727,-0.003064351378958108,0,0,,,,
,data/oldNepali_fullset/oldNepali/images/DNA_0014_0296 zuschn/eSc_line_b278b45e.png,सहरि.थामि.हायु.सुनुव़ार.चेपांग.एतिजातका.घरहिएक्‌एक्,सहरि.थामि.हायु.सुनुव़ार.चेवांग.एतिजातका.घरहिएक्‌एक,0.039215687662363,थामि|हायु|चेपांग|एति|जात|घरहि|एक्,थामि|हायु|चेवांग|एति|जात|घरहि|एक,थाम्नु|हायू|चेपाङ्|यति|जात|घर|एक,थाम्नु|हायू|चेपाङ्|यति|जात|घर|एक,7,7,0.5294117647058824,0.52,0.009411764705882342,2,2,,,एक्|चेपांग,एक|चेवांग
,data/oldNepali_fullset/oldNepali/images/DNA_2_00000293_result/eSc_line_65d27b22.png,उप्रांत।गरीबपर्वरमेरे।अर्सावहोतदिनका।गुजराहै।,उप्रांत।गरीबपर्वरमेरे।अर्साबहोतदिनका।गुजराहै।,0.0222222227603197,उप्रांत|गरी|पर्व|दिन,उप्रांत|गरी|पर्व|दिन,उप्रान्त|गर्नु|पर्व|दिनु,उप्रान्त|गर्नु|पर्व|दिनु,4,4,0.37777777777777777,0.37777777777777777,0.0,0,0,,,,
,data/oldNepali_fullset/oldNepali/images/DNA_1_00000137/eSc_line_926ba090.png,वस्नुजोआज्ञाआउछसोगरूलाजानाजानमाफविंति.ईतिसम्वत्‌१८९३सालमि,वश्णु.जोआज्ञाआउछसोरारूलाजानाजानमाफ्‌विंति.ईतिसम्वत्१८९३सार्लाम,0.2105263173580169,वस्नु|आज्ञा|आउछ|गरूला|जान|माफ|विंति|ईति|साल,आज्ञा|आउछ|जान|विंति|ईति|सम्वत्,बस्नु|आज्ञा|आउनु|गर्नु|जानु|माफ|बिन्ती|इति|साल,आज्ञा|आउनु|जानु|बिन्ती|इति|संवत्,9,6,0.6140350877192983,0.4032258064516129,0.2108092812676854,4,1,गर्नु|बस्नु|माफ|साल,संवत्,गरूला|माफ|वस्नु|साल,सम्वत्
,data/oldNepali_fullset/oldNepali/images/DNA_0013_0165/eSc_line_45c314ef.png,झोडाडोसाधलुहुकिलपश्चिमवाटोसाधलुहुकिलउत्तर्रैकरषेतकोआलीसाधलुहुकिल.येतीकिल्लाभित्रकोवाझोवगर,डोडाडोसाधलुहुकिलपश्चिमवाटोसाघलुह्राकिपाउत्तौंकरवेतकोआलीसाथलुहुकिल.येतीकिश्राभिर्त्रकोवाझोवगर,0.1910112351179123,साध|पश्चिम|वाटो|साध|षेत|आली|साध|किल्ला|भित्र|वाझो|गर,साध|पश्चिम|वाटो|पाउ|आली|साथ|वाझो|गर,साँध|पश्चिम|बाटो|साँध|खेत|आलि|साँध|किल्ला|भित्र|बाँझो|गर्नु,साँध|पश्चिम|बाटो|पाउनु|आलि|साथ|बाँझो|गर्नु,11,8,0.47191011235955055,0.30434782608695654,0.167562286272594,3,2,किल्ला|खेत|भित्र,पाउनु|साथ,किल्ला|भित्र|षेत,पाउ|साथ
,data/oldNepali_fullset/oldNepali/images/CA__The Cambridge Manuscript_Page_009/eSc_line_34336fbf.png,र्दाभया.हेसिंहलसार्थवाह.तिमिइहाक्यानवस्यौ.त्योसुंदरीकामोहमापरिरह्यौ.तिसुंदरीस्त्रीहोईन.राक्षसीपोहो.अवस्य,र्दाभया.हेसिंहलसार्थवाह.तिमिइहाक्यानवस्यौ.त्योसुंदरीकामोहमापरिरह्यौ.तिसुंदरीस्त्रीहोईन.राक्षसीपोहो.अवस्य,0.0,भया|सिंह|तिमि|इहा|दरी|परि|दरी|होईन|अवस्य,भया|सिंह|तिमि|इहा|दरी|परि|दरी|होईन|अवस्य,हुनु|सिंह|तिमी|यहाँ|दर्नु|पर्नु|दर्नु|हुनु|अबश्य,हुनु|सिंह|तिमी|यहाँ|दर्नु|पर्नु|दर्नु|हुनु|अबश्य,9,9,0.3076923076923077,0.3076923076923077,0.0,0,0,,,,
,data/oldNepali_fullset/oldNepali/images/DNA_0001_0368/eSc_line_f2864f8d.png,ह्माकामुलुकका सिव़ानामा मौल्मिन्‌काछाउनीमारह्याकालस्कर्माएकपल्ट,ह्याकामुलुक्‌कासिव़ानामा मौल्मिन्‌काछाउनीमारह्याका लस्कर्माएकपल्ठ,0.095238097012043,मुलुक|रह्याका|एक|पल्ट,कासि|रह्याका|एक,मुलुक|रहनु|एक|पल्ट,काशि|रहनु|एक,4,3,0.2857142857142857,0.2,0.08571428571428569,2,1,पल्ट|मुलुक,काशि,पल्ट|मुलुक,कासि
,data/oldNepali_fullset/oldNepali/images/DNA_2_00000115_result/eSc_line_2fd945c0.png,यणमल्लकोसलाम्‌.पूर्वकपत्रमिदं.इतनीकताँहाँपाउकुशलमंगलभया,यणमलकोसलाम्.पूर्वकपत्रमिदं.इतनीकताँहाँपाउकुशलमंगलभया,0.0545454546809196,मल्ल|कोस|पूर्व|पत्र|ताँहाँ|पाउ|कुशल|मंगल|भया,कोस|पूर्व|पत्र|ताँहाँ|पाउ|कुशल|मंगल|भया,मल्ल|कोस|पूर्व|पत्र|त्यहाँ|पाउनु|कुशल|मङ्गल|हुनु,कोस|पूर्व|पत्र|त्यहाँ|पाउनु|कुशल|मङ्गल|हुनु,9,8,0.6545454545454545,0.6153846153846154,0.03916083916083912,1,0,मल्ल,,मल्ल,
,data/oldNepali_fullset/oldNepali/images/DNA_0001_0006/eSc_line_e174d72c.png,द्धान्तव्रह्मसिद्धान्त.सोमसिद्धान्त.मुक्तावलीभैसकियावाकि १ वाटजोवर्षाशन,द्धान्तव्रहिद्धान्त.सोमसिद्धान्त.मुक्तावलीभैसकियावाकि १ वाटजोवर्षाशन,0.0422535203397274,सोमसिद्धान्त|मुक्तावली|सकिया|वाकि|वाट|वर्षाशन,सोमसिद्धान्त|मुक्तावली|सकिया|वाकि|वाट|वर्षाशन,सोमसिद्धान्त|मुक्तावली|सकिनु|बाँकि|बाट|बर्खासन,सोमसिद्धान्त|मुक्तावली|सकिनु|बाँकि|बाट|बर्खासन,6,6,0.5633802816901409,0.5882352941176471,-0.024855012427506207,0,0,,,,
,data/oldNepali_fullset/oldNepali_100/images/DNA 2_00000141_result/eSc_line_1c20c438.png,हालनानीहरूलेभाइछुट्टिदामलाइघरहरूकानिमित्तशिवप्रसादहाति,हालनानीहरूलेभाइछुदिदामलाइघरहरूकानिमित्तशिवप्रसादहाति,0.0555555559694767,हाल|नानीहरू|भाइ|छुट्टिदा|लाइ|घरहरू|निमित्त|शिव|प्रसाद|हाति,हाल|नानीहरू|भाइ|दिदा|लाइ|घरहरू|निमित्त|शिव|प्रसाद|हाति,हाल|नानि|भाइ|छुटिनु|लाई|घर|निमित्त|शिब|प्रसाद|हात्ती,हाल|नानि|भाइ|दिनु|लाई|घर|निमित्त|शिब|प्रसाद|हात्ती,10,10,0.9074074074074074,0.8653846153846154,0.04202279202279202,1,1,छुटिनु,दिनु,छुट्टिदा,दिदा
,data/oldNepali_fullset/oldNepali/images/CA__The Cambridge Manuscript_Page_006/eSc_line_a058c687.png,हरूप्रकाशगराईगयाकापनिछन्.वस्याकापनिछन्॥ ॥ताहांपछि.तिधर्मपालराजाकासन्तानले.राज,हरूप्रकाशगराईगयाकापनिछन्.वस्याकापनिछन्॥ ॥ताहांपछि.तिधर्मपालराजाकासन्तानले.राज,0.0,गराई|गयाका|पनि|छन्|वस्याका|पनि|छन्|पछि|धर्म|राजा|सन्तान|राज,गराई|गयाका|पनि|छन्|वस्याका|पनि|छन्|पछि|धर्म|राजा|सन्तान|राज,गराउनु|जानु|पनि|हुनु|बस्नु|पनि|हुनु|पछि|धर्म|राजा|सन्तान|राज,गराउनु|जानु|पनि|हुनु|बस्नु|पनि|हुनु|पछि|धर्म|राजा|सन्तान|राज,12,12,0.6233766233766234,0.6233766233766234,0.0,0,0,,,,
,data/oldNepali_fullset/oldNepali_100/images/CA__The Cambridge Manuscript_Page_025/eSc_line_74080ea5.png,किरामात्रैवगीआयाकोदेषि.आश्चर्य्यमानिआफ्नादर्वारजाईवस्या.भोलिवेर.ठुलोहल्लाउ,किरामात्रिंवगीआयाकोदेषि.आश्चर्य्यमानिआफ्नादर्वारजाईवस्या.भोलिवेर.ठुलोहब्लाउ,0.0405405387282371,मात्रै|आयाको|देषि|आफ्ना|दर्वार|जाई|वस्या|वेर|ठुलो,आयाको|देषि|आफ्ना|दर्वार|जाई|वस्या|वेर|ठुलो,मात्र|आउनु|देखि|आफ्नो|दरबार|जानु|बस्नु|बेर|ठुलो,आउनु|देखि|आफ्नो|दरबार|जानु|बस्नु|बेर|ठुलो,9,8,0.5540540540540541,0.4666666666666667,0.08738738738738738,1,0,मात्र,,मात्रै,
,data/oldNepali_fullset/oldNepali/images/CA__The Cambridge Manuscript_Page_007/eSc_line_afee5a5e.png,अर्थवताउनसक् न्याछैन.भनि.मंजुश्रीगुरूकादर्शनगर्नजाउंभनि.वारानसीवाट.आउदा.ति.स्वयंभू,अर्थवताउनसकन्याछैन.भनि.मंजुश्रीगुरूकादर्शनगर्नजाउंभनि.वारानसीवाट.आउदा.ति.स्वयंभू,0.0243902429938316,अर्थ|छैन|भनि|गुरू|दर्शन|गर्न|भनि|वाट|आउदा,अर्थ|छैन|भनि|गुरू|दर्शन|गर्न|भनि|वाट|आउदा,अर्थ|हुनु|भनि|गुरु|दर्शन|गर्नु|भनि|बाट|आउनु,अर्थ|हुनु|भनि|गुरु|दर्शन|गर्नु|भनि|बाट|आउनु,9,9,0.4024390243902439,0.4125,-0.010060975609756051,0,0,,,,
,data/oldNepali_fullset/oldNepali_100/images/CA__The Cambridge Manuscript_Page_028/eSc_line_fef0b1e2.png,हासनकावतीस्३२लक्षणसवैपुतलीभैकनअनेकज्ञानधर्म्मविक्रमाजितकावर्ननाकथाहाभनि.ए,हासनकावतीस्३२लक्षणसवैपुतलीभैकनअनेकज्ञानधर्म्मविक्रमाजनकावर्ननाकथाहाभनि.ए,0.0273972600698471,सन|लक्षण|सवै|पुतली|कन|ज्ञान|वर्न|थाहा|भनि,सन|लक्षण|सवै|पुतली|कन|ज्ञान|वर्न|थाहा|भनि,सन|लक्षण|सब|पुतलि|कन|ज्ञान|वर्ण|थाहा|भनि,सन|लक्षण|सब|पुतलि|कन|ज्ञान|वर्ण|थाहा|भनि,9,9,0.4520547945205479,0.4583333333333333,-0.006278538812785395,0,0,,,,
,data/oldNepali_fullset/oldNepali/images/12/eSc_line_f82cb691.png,ग्मतीकोरकेशावतीका.संगममध्यस्थानविषयेवसी.नेमुनीले.तपस्यागर्दा.श्रीस्वयंभूकाप्रसादले.श्रीवज्रयोगिनी,ग्मतीकोरकेशावतीका.संगममध्यस्थानविषयेवसी.नेमुनीले.तपापागर्दा.श्रीस्वयंभूकाप्रसादले.श्रीवनुयोगिनी,0.0618556700646877,संग|स्थान|विष|वसी|गर्दा|प्रसाद,संग|स्थान|विष|वसी|गर्दा|प्रसाद,सँग|स्थान|विष|बस्नु|गर्नु|प्रसाद,सँग|स्थान|विष|बस्नु|गर्नु|प्रसाद,6,6,0.25773195876288657,0.2631578947368421,-0.00542593597395552,0,0,,,,
,data/oldNepali_fullset/oldNepali_100/images/CA__The Cambridge Manuscript_Page_037/eSc_line_3a19d165.png,ईनेपालकामाहात्म्य.सवैवताई.सवप्रत्यक्षदेषाई.स्वयंभूकावर्णनाप्रकाशगरी.ताहांवाटगै.श्रीगुह्येश्वरीका,ईनेपालकामाहात्म्य.सवैवताई.सवप्रत्यक्षदेषाई.स्वयंभूकावर्णनाप्रकाशगरी.ताहांवाटगै.श्रीगुह्येश्वरीका,0.0,नेपाल|माहा|सवै|सव|देषाई|वर्ण|गरी|वाट,नेपाल|माहा|सवै|सव|देषाई|वर्ण|गरी|वाट,नेपाल|मा|सब|सब|देखाउनु|वर्ण|गर्नु|बाट,नेपाल|मा|सब|सब|देखाउनु|वर्ण|गर्नु|बाट,8,8,0.3020833333333333,0.3020833333333333,0.0,0,0,,,,
,data/oldNepali_fullset/oldNepali/images/DNA_2_00000110_result/eSc_line_a4eecd02.png,शुभम्,शुभम्,0.0,शुभम्,शुभम्,शुभम्,शुभम्,1,1,1.0,1.0,0.0,0,0,,,,
,data/oldNepali_fullset/oldNepali/images/DNA_0012_0007/eSc_line_82fbd940.png,वमोजीम्.नीजवसहीय़ामठ्अस्थानकातालुक्‌कोजगाभोगचलन्गर्नु,वमोजीम्.नीजषसहीय़ामठअस्थानकातालुक्‌कोजगाभोगचलन्‌गर्नु,0.0566037744283676,वमोजीम्|नीज|वस|मठ्|स्थान|जगा|भोग,वमोजीम्|नीज|मठ|स्थान|जगा|भोग|गर्नु,बमोजिम|निज|बस्नु|मठ|स्थान|जगा|भोग,बमोजिम|निज|मठ|स्थान|जगा|भोग|गर्नु,7,7,0.49056603773584906,0.5283018867924528,-0.037735849056603765,2,2,बस्नु,गर्नु,मठ्|वस,गर्नु|मठ
,data/oldNepali_fullset/oldNepali/images/DNA_0001_0368/eSc_line_9a6686ac.png,९७ सालमितिभाद्रवदि ९रोज ६मो,म७ सालमितिभाद्रवदि ९ रोज६मो,0.1111111119389534,साल|मिति|भाद्र|वदि|रोज,साल|मिति|भाद्र|वदि|रोज,साल|मिति|भाद्र|बदि|रोज,साल|मिति|भाद्र|बदि|रोज,5,5,0.6666666666666666,0.6666666666666666,0.0,0,0,,,,
,data/oldNepali_fullset/oldNepali_100/images/CA__The Cambridge Manuscript_Page_032/eSc_line_0eada45d.png,ईन्.इरानिले.श्रीगुह्येश्वरीमाजाईनिराहारगरीतपस्यागरीरहंदा.देवीप्रसन्नभैवरदानदिईन्.हेरानी,ईन्.इरानिले.श्रीगुह्येश्वरीमाजाईनिराहारगरीतपस्यागरीरहंदा.देवीप्रसन्नभैवरदानदिईत्.हेरामी,0.0229885056614875,ईन्|रानि|जाई|गरी|गरी|ईन्|रानी,ईन्|रानि|जाई|गरी|गरी,यिनी|रानि|जानु|गर्नु|गर्नु|यिनी|रानि,यिनी|रानि|जानु|गर्नु|गर्नु,7,5,0.26436781609195403,0.1839080459770115,0.08045977011494254,1,0,,,रानी,
,data/oldNepali_fullset/oldNepali/images/DNA_0001_0367/eSc_line_1e3a2b92.png,ह्राईपठाउला.महाराजारन्जितसिंहर.लार्डअकलन्दकामुलाकातकावञान,ह्राईपठाउला. महाराजारन्जितसिंहर. लार्डअकलन्दकामुलाकातकावञान,0.0350877195596694,पठाउला|महाराजा|सिंह|मुलाकात,पठाउला|महाराजा|सिंह|मुलाकात,पठाउनु|महाराजा|सिंह|मुलाकात,पठाउनु|महाराजा|सिंह|मुलाकात,4,4,0.42105263157894735,0.4067796610169492,0.014272970561998166,0,0,,,,
,data/oldNepali_fullset/oldNepali/images/DNA_0012_0006/eSc_line_b78dd6e5.png,सोमहन्त्याञीमैले२०सालमाचलायाकोथिञा२१सालमाअघिभयाकोवेहोरा,सोमहन्त्याञीमैले२०सालमाघलायाकोथिञा२१सालमाअघिनय़ाकोवेहोरा,0.0545454546809196,साल|थिञा|साल|अघि|भयाको|वेहोरा,साल|माघ|थिञा|साल|अघि|वेहोरा,साल|हुनु|साल|अघि|हुनु|बेहोरा,साल|माघ|हुनु|साल|अघि|बेहोरा,6,6,0.43636363636363634,0.39285714285714285,0.04350649350649349,1,1,,माघ,भयाको,माघ
,data/oldNepali_fullset/oldNepali/images/DNA_0014_0242/eSc_line_44d89cea.png,मारश्रीश्रीश्रीमद्दलमर्दनसाहदेवेषुतथाश्रीश्रीश्री,मारश्रीश्रीश्रीमद्दलमर्दनसाहदेवेषुतथाश्रीश्रीश्री,0.0,साह,साह,शाह,शाह,1,1,0.061224489795918366,0.061224489795918366,0.0,0,0,,,,
,data/oldNepali_fullset/oldNepali/images/DNA_2_00000036_result/eSc_line_f38d2bf1.png,राणोक्तःसहश्रकोटि सुभासिर्वादशुभम्,राणोक्तःसहश्रकोटि सुभासिर्वादशुभम्,0.0,कोटि|शुभम्,कोटि|शुभम्,कोटि|शुभम्,कोटि|शुभम्,2,2,0.2647058823529412,0.2647058823529412,0.0,0,0,,,,
,data/oldNepali_fullset/oldNepali/images/DNA_1_00000054/eSc_line_34072526.png,भन्दाठुलाछन्.पुछरकोचँदुवापनिसावुदछ.इदुवैमत्ताहाति १ का.सव़ा,भन्दाठुलाछन्.पुछरकोचँदुवापनिसावुदछ.इदुवैमत्ताहाति १ का.सव़ा,0.0,भन्दा|ठुला|छन्|पुछर|चँदुवा|पनि|सावुद|दुवै|मत्ता|हाति,भन्दा|ठुला|छन्|पुछर|चँदुवा|पनि|सावुद|दुवै|मत्ता|हाति,भन्नु|ठुलो|हुनु|पुछर|चँदुवा|पनि|साबुत|दुवै|मत्ता|हात्ती,भन्नु|ठुलो|हुनु|पुछर|चँदुवा|पनि|साबुत|दुवै|मत्ता|हात्ती,10,10,0.7288135593220338,0.7288135593220338,0.0,0,0,,,,
,data/oldNepali_fullset/oldNepali/images/CA__The Cambridge Manuscript_Page_009/eSc_line_b997f808.png,मध्यमण्डलमाराषिदियार.आचार्यले.यथाक्रमसित.पूजाभावगर्दा.नागहरूले.आफ्नु २ शरीरवाटरक्तनिकाली,मध्यमण्डलमाराषिदियार.आचार्यले.यथाक्रमसित.पूजाभावगर्दा.नागहरूले.आफ्नु२शरीरवाटरक्तनिकाली,0.0227272734045982,राषि|दिया|सित|पूजा|गर्दा|आफ्नु|वाट,राषि|दिया|सित|पूजा|गर्दा|आफ्नु|वाट,राख्नु|दिनु|सित|पूजा|गर्नु|आफ्नो|बाट,राख्नु|दिनु|सित|पूजा|गर्नु|आफ्नो|बाट,7,7,0.3181818181818182,0.32558139534883723,-0.007399577167019056,0,0,,,,
,data/oldNepali_fullset/oldNepali/images/CA__The Cambridge Manuscript_Page_007/eSc_line_9fe199e8.png,गुरू.सोहीस्वयंभूक्षेत्रमाप्राप्तभै १ जग्गामा.कृषिकर्मगर्न्याकोभेषभै.सिंहशार्दूलगोरूजस्तोगरीषेत,गुरू.सोहीस्वयंभूक्षेत्रमाप्तभै १जग्गामा.कृषिकर्मगर्न्याकोभेषभै.सिंहशाईलगोरूजस्तोगरीषेत,0.0957446843385696,गुरू|सोही|गर्न्या|सिंह|जस्तो|गरी|षेत,गुरू|सोही|गर्न्या|सिंह|जस्तो|गरी|षेत,गुरु|सो|गर्नु|सिंह|जस्तो|गर्नु|खेत,गुरु|सो|गर्नु|सिंह|जस्तो|गर्नु|खेत,7,7,0.3191489361702128,0.3488372093023256,-0.029688273132112808,0,0,,,,
,data/oldNepali_fullset/oldNepali_100/images/E3420_00000347/eSc_line_7e4d15b7.png,सुवागरिदिञ्यूरुपिञा६०सालवसालसर्कारकोसिर्तो,सुवागरिदिञ्यू रुपिञा६०सालवसालसर्कारकासितो,0.095238097012043,सुवा|गरि|सालवसाल|सर्कार|सिर्तो,सुवा|गरि|सालवसाल|सर्कार|कासि,सुब्बा|गर्नु|सालबसाल|सर्कार|सिर्तो,सुब्बा|गर्नु|सालबसाल|सर्कार|काशि,5,5,0.6190476190476191,0.5853658536585366,0.03368176538908252,1,1,सिर्तो,काशि,सिर्तो,कासि
,data/oldNepali_fullset/oldNepali_100/images/DNA 4_00000552/eSc_line_13acd961.png,लमोहरवमोजीमदोहरोउर्दिनेपाल,लमोहरवमोजीमदेइहरोउर्दिनेपाल,0.0769230797886848,मोहर|वमोजीम|दोहरो|नेपाल,मोहर|वमोजीम|नेपाल,मोहर|बमोजिम|दोहोरो|नेपाल,मोहर|बमोजिम|नेपाल,4,3,0.7692307692307693,0.5555555555555556,0.2136752136752137,1,0,दोहोरो,,दोहरो,
,data/oldNepali_fullset/oldNepali/images/DNA_0013_0433/eSc_line_a31e1618.png,चाषुराकोमाउमार्न्याकेडंडरूपैया ५०,चाषुराकोमाउमार्न्याकेडंडरूपैया ५०,0.0,चाषुरा|मार्न्या|डंड|रूपैया,चाषुरा|मार्न्या|डंड|रूपैया,चाखुरो|मार्नु|डण्ड|रुपैयाँ,चाखुरो|मार्नु|डण्ड|रुपैयाँ,4,4,0.696969696969697,0.696969696969697,0.0,0,0,,,,
,data/oldNepali_fullset/oldNepali_100/images/DNA 1_00000609/eSc_line_bdb7e3b2.png,नं.११२,नं.११२,0.0,,,,,0,0,0.0,0.0,0.0,0,0,,,,
,data/oldNepali_fullset/oldNepali/images/DNA_0014_0242/eSc_line_b771d64f.png,नरनारायेणेत्यादिवि,नरनारायणेसादिवि,0.2222222238779068,,,,,0,0,0.0,0.0,0.0,0,0,,,,
,data/oldNepali_fullset/oldNepali/images/CA__The Cambridge Manuscript_Page_009/eSc_line_dff5320d.png,भनिकवूलदीसुवृष्टिगरी.नागहरूआफ्ना २ स्वस्थानमागया॥ ॥ ताहापछिगुणकामदेवराजाकासंतानले,भनिकवूलदीसुवृष्टिगरी.नागहरूआफ्ना२स्वस्थानमागया॥ ॥ताहापछिगुणकामदेवराजाकासंतानले,0.0370370373129844,भनि|गरी|आफ्ना|स्थान|गया|ताहा|पछि|गुण|काम|देव|राजा|संतान,भनि|गरी|आफ्ना|स्थान|गया|ताहा|पछि|गुण|काम|देव|राजा|संतान,भनि|गर्नु|आफ्नो|स्थान|जानु|त्यहाँ|पछि|गुण|काम|देव|राजा|सन्तान,भनि|गर्नु|आफ्नो|स्थान|जानु|त्यहाँ|पछि|गुण|काम|देव|राजा|सन्तान,12,12,0.5432098765432098,0.5641025641025641,-0.02089268755935425,0,0,,,,
,data/oldNepali_fullset/oldNepali_100/images/CA__The Cambridge Manuscript_Page_028/eSc_line_5b96a81e.png,रोपापसवैछुटियो॥एतिदेवीवाटआज्ञाभयाकासुनी.देवीलाईवारंवारनमस्कारगरीतहावा,रोपापसवैछुटियो॥एतिदेवीवाटआज्ञाभयाकासुनी.देवीलाईवारंवारनमस्कारगरीतहावा,0.0,सवै|एति|वाट|आज्ञा|भयाका|सुनी|लाई|वारंवार|गरी|तहा,सवै|एति|वाट|आज्ञा|भयाका|सुनी|लाई|वारंवार|गरी|तहा,सब|यति|बाट|आज्ञा|हुनु|सुन्नु|लाई|बारम्बार|गर्नु|त्यहाँ,सब|यति|बाट|आज्ञा|हुनु|सुन्नु|लाई|बारम्बार|गर्नु|त्यहाँ,10,10,0.5652173913043478,0.5652173913043478,0.0,0,0,,,,
,data/oldNepali_fullset/oldNepali_100/images/DNA 1_00000631/eSc_line_52dff2fa.png,म्पनीरुपैया१सैकादरलेवर्ष१कोकम्पनी,म्पनीरुपैया१सैकादरलेवर्ष१कोकम्पनी,0.0,रुपैया|दर|वर्ष|कम्पनी,रुपैया|दर|वर्ष|कम्पनी,रुपैयाँ|दर|वर्ष|कम्पनी,रुपैयाँ|दर|वर्ष|कम्पनी,4,4,0.5454545454545454,0.5454545454545454,0.0,0,0,,,,
,data/oldNepali_fullset/oldNepali/images/DNA_1_00000054/eSc_line_5a66a29e.png,कौनैकुराकोविसंभारहुनपाउन्याछैन.दुवैमत्ताकोनापडोरिमात्रचह्राईपठा,कौनैकुराकोविसंभारहुनपाउन्याछैन.दुवैमत्ताकोनापडोरिमात्रचह्राईपठा,0.0,कुरा|विसंभार|हुन|पाउन्या|छैन|दुवै|मत्ता|नापडोरि|मात्र|चह्राई,कुरा|विसंभार|हुन|पाउन्या|छैन|दुवै|मत्ता|नापडोरि|मात्र|चह्राई,कुरो|विसम्भार|हुनु|पाउनु|हुनु|दुवै|मत्ता|नापडोरी|मात्र|चड़ाइ,कुरो|विसम्भार|हुनु|पाउनु|हुनु|दुवै|मत्ता|नापडोरी|मात्र|चड़ाइ,10,10,0.8095238095238095,0.8095238095238095,0.0,0,0,,,,
,data/oldNepali_fullset/oldNepali/images/DNA_1_00000054/eSc_line_11640de7.png,सन्देह १ मापर्नजाला.मैले.पाल्हितप्पाकोवंजरियामा.हातिसारैमाडेराग,सन्देह १ मापर्नजाला.मैले.पाल्हितप्पाकोवंजरियामा.हातिसारैमाडेराग,0.0,सन्देह|पर्न|जाला|पाल्हि|तप्पा|वंजरिया|हातिसारै|डेरा,सन्देह|पर्न|जाला|पाल्हि|तप्पा|वंजरिया|हातिसारै|डेरा,सन्देह|पर्नु|जानु|पाल्हि|तप्पा|बंजरिया|हात्तीसार|डेरा,सन्देह|पर्नु|जानु|पाल्हि|तप्पा|बंजरिया|हात्तीसार|डेरा,8,8,0.6984126984126984,0.6984126984126984,0.0,0,0,,,,
,data/oldNepali_fullset/oldNepali_100/images/E3420_00000318/eSc_line_578c5deb.png,रोग२शुभम्,रोना२शुभम्,0.2222222238779068,शुभम्,शुभम्,शुभम्,शुभम्,1,1,0.5555555555555556,0.5,0.05555555555555558,0,0,,,,
,data/oldNepali_fullset/oldNepali_100/images/DNA 1_00000116/eSc_line_b71db15c.png,जाई.काश्मेरकोभरमगढ.किल्लाहान्नजाँदा.दुईहज्जार.पचिस्सैजवान.रनजीत्‌सिंकोषर्चपनी,जाई.काश्मेरकोभरमगढ.किल्लाहान्नजाँदा.दुईहज्जार.पचिस्सैजवान.रनजीत्‌सिंकोषर्चपनी,0.0,जाई|काश्मेर|भरमगढ|किल्ला|हान्न|जाँदा|दुई|हज्जार|जवान|षर्च|पनी,जाई|काश्मेर|भरमगढ|किल्ला|हान्न|जाँदा|दुई|हज्जार|जवान|षर्च|पनी,जानु|काश्मीर|भरमगढ|किल्ला|हान्नु|जानु|दुइ|हजार|जुवान|खर्च|पनि,जानु|काश्मीर|भरमगढ|किल्ला|हान्नु|जानु|दुइ|हजार|जुवान|खर्च|पनि,11,11,0.6623376623376623,0.6623376623376623,0.0,0,0,,,,
,data/oldNepali_fullset/oldNepali/images/DNA_0013_0333/eSc_line_1ac95ce0.png,लभन्‌जन्‌पाडेँ.साधलाउन्यासधियार.थरघरमोदनाथअर्ज्याल्.मित्रसर्मापंथ.गोकु,लभन्‌जन्‌पाडे.साधलाऊन्यासधियार.थरघरमोदनाथअर्ज्याल.मित्रसर्मापंथ.गोकु,0.0428571440279483,साध|लाउन्या|थरघर|मित्र|सर्मा,पाडे|साध|लाऊन्या|थरघर|अर्ज्याल|मित्र|सर्मा,साँध|लाउनु|थरघर|मित्र|शर्मा,पाँड़े|साँध|लाउनु|थरघर|अर्ज्याल|मित्र|शर्मा,5,7,0.34285714285714286,0.5294117647058824,-0.1865546218487395,1,3,,अर्ज्याल|पाँड़े,लाउन्या,अर्ज्याल|पाडे|लाऊन्या
,data/oldNepali_fullset/oldNepali/images/DNA_1_00000285/eSc_line_cf8a84ec.png,मरहेमतहोवे।सोमाफिकबन्दाबजीलाचे।,मरहेमतहोवे।सोमाफ़िकबन्दाबजाल्यावे।,0.1612903177738189,माफिक,,माफिक,,1,0,0.16129032258064516,0.0,0.16129032258064516,1,0,माफिक,,माफिक,
,data/oldNepali_fullset/oldNepali_100/images/DNA 4_00000552/eSc_line_ac0c2893.png,कोमुलुकमागैडाँकाचोरिगर्‍यौभन्याज्यूजहान्‌मापर्लाभनि१५।१५दिन्‌माउर्दि,कोमुलुकमागैडाँकार्‌चोरिगर्‍यौभन्याज्यूजहान्‌मापर्लाभनि१५।१५दिन्‌माउदि,0.073529414832592,मुलुक|भन्या|पर्ला|भनि,मुलुक|भन्या|पर्ला|भनि,मुलुक|भने|पर्नु|भनि,मुलुक|भने|पर्नु|भनि,4,4,0.2647058823529412,0.2608695652173913,0.0038363171355498826,0,0,,,,
,data/oldNepali_fullset/oldNepali_100/images/CA__The Cambridge Manuscript_Page_039/eSc_line_8eb588f4.png,१८,१८,0.0,,,,,0,0,0.0,0.0,0.0,0,0,,,,
,data/oldNepali_fullset/oldNepali_100/images/CA__The Cambridge Manuscript_Page_038/eSc_line_8076e512.png,ईराजाकापालामा.पाटलीपुत्रसहरका.अशोकनामराजालेआफ्नागुरुउपगुप्तभिक्षुकाशरणमाजाईअ,इराजाकापालामा.पाटलीपुत्रसहरका.अशोकनामराजालेआफ्नांगुरूडपगुप्तभिक्षुकाशरणमाजाईअ,0.0526315793395042,राजा|पाला|सहर|नाम|राजा|आफ्ना|गुरु|रण|जाई,राजा|पाला|सहर|नाम|राजा|गुरू|रण|जाई,राजा|पालो|सहर|नाउँ|राजा|आफ्नो|गुरु|रण|जानु,राजा|पालो|सहर|नाउँ|राजा|गुरु|रण|जानु,9,8,0.42105263157894735,0.35064935064935066,0.07040328092959669,2,1,आफ्नो,,आफ्ना|गुरु,गुरू
,data/oldNepali_fullset/oldNepali/images/CA__The Cambridge Manuscript_Page_008/eSc_line_ebb17ff7.png,तमनि.आग्नेयतरफनागशिलाभनिनामप्रख्यातभैप्रत्यक्षभैरह्याकाछन्.नागल्यायाकावाटो.नागवाटा,तमनि.आग्नेयतरफनागशिलाभनिनामप्रख्यातभैप्रत्यक्षभैरह्याकाछन्.नागल्यायाकावाटो.नागवाटा,0.0,तरफ|भनि|नाम|रह्याका|छन्|ल्याया|वाटो|वाटा,तरफ|भनि|नाम|रह्याका|छन्|ल्याया|वाटो|वाटा,तरफ|भनि|नाउँ|रहनु|हुनु|ल्याउनु|बाटो|बाटो,तरफ|भनि|नाउँ|रहनु|हुनु|ल्याउनु|बाटो|बाटो,8,8,0.4024390243902439,0.4024390243902439,0.0,0,0,,,,
,data/oldNepali_fullset/oldNepali_100/images/DNA 1_00000671/eSc_line_fd8c69c0.png,लमा:उहीपनितलझर्‍यो:षजनापनि१८पीपाथी:य़ोसवैलग्यो२पी,लमा:उहिपनितलझसो:षजनापनि१८पीपाथीय़ोसवैलम्यो२पा,0.1632653027772903,पनि|जना|पनि|पाथी|सवै,पनि|जना|पनि|पाथी|सवै,पनि|जना|पनि|पाथी|सब,पनि|जना|पनि|पाथी|सब,5,5,0.32653061224489793,0.35555555555555557,-0.029024943310657636,0,0,,,,
,data/oldNepali_fullset/oldNepali/images/DNA_2_00000293_result/eSc_line_0c28b7d5.png,कोपरमेश्वरजानकर्के।बारंबार।प्रार्थना कर्त्ताहूँ,कोपरमेश्वरजानकर्के।बारंबार।प्रार्थनाकर्त्ताहूँ,0.0212765950709581,पर|जान|प्रार्थना,पर|जान|प्रार्थना,पर|जानु|प्रार्थना,पर|जानु|प्रार्थना,3,3,0.2978723404255319,0.30434782608695654,-0.00647548566142464,0,0,,,,
,data/oldNepali_fullset/oldNepali/images/DNA_0013_0165/eSc_line_0270b374.png,डोसाधलुहुकिलदछिणरैकरवाझोकाल्होसाधलुहुकिलपश्चिमरैकरषेतकोकाल्होसाधलुहुकिलउत्तरडोलछीषेतको,डोसाधलुहुकिलदछिणरैकरवाझोकाल्होसाधलुहुकिलपश्चिमरैकरषेतकोकाल्होसाधलुहुकिलउत्तरडोलषेतको,0.0232558138668537,साध|रैकर|वाझो|साध|पश्चिम|रैकर|षेत|साध|उत्तर|षेत,साध|रैकर|वाझो|साध|पश्चिम|रैकर|षेत|साध|उत्तर|षेत,साँध|रैकर|बाँझो|साँध|पश्चिम|रैकर|खेत|साँध|उत्तर|खेत,साँध|रैकर|बाँझो|साँध|पश्चिम|रैकर|खेत|साँध|उत्तर|खेत,10,10,0.4418604651162791,0.4523809523809524,-0.010520487264673306,0,0,,,,
,data/oldNepali_fullset/oldNepali_100/images/DNA 1_00000356/eSc_line_f4ece4eb.png,कोप्रसादआईपुग्यो.च,कोप्रसादआईपुग्यो.च,0.0,प्रसाद|आई|पुग्यो,प्रसाद|आई|पुग्यो,प्रसाद|आउनु|पुग्नु,प्रसाद|आउनु|पुग्नु,3,3,0.7777777777777778,0.7777777777777778,0.0,0,0,,,,
,data/oldNepali_fullset/oldNepali/images/DNA_2_00000115_result/eSc_line_2bad0d4d.png,वाटआ‌उन्यातिर्थवासिलेकह्याकोसमाचार.विंतिलेषीचर्‍हाइपठायाको,वाटआउन्यातिर्थवासिलेकह्याकोसमाचार.विंतिलेषीचह्राहपठायाको,0.0862068980932235,वाट|कह्याको|समाचार|विंति|लेषी|पठायाको,वाट|आउन्या|कह्याको|समाचार|विंति|लेषी|पठायाको,बाट|कहनु|समाचार|बिन्ती|लेख्नु|पठाउनु,बाट|आउनु|कहनु|समाचार|बिन्ती|लेख्नु|पठाउनु,6,7,0.5517241379310345,0.6785714285714286,-0.12684729064039413,0,1,,आउनु,,आउन्या
,data/oldNepali_fullset/oldNepali/images/DNA_2_00000264_result/eSc_line_5a1e7f2d.png,हजुरषाविन्दमातापिताअन्दाताहैईतिसम्वत१८९१सालमी:माघव,हजुरषाविन्दमातापिताअन्दाताहैईतिसम्वत१८९१सालमी:माघव,0.0,हजुर|ईति|सम्वत|साल|माघ,हजुर|ईति|सम्वत|साल|माघ,हजुर|इति|संवत्|साल|माघ,हजुर|इति|संवत्|साल|माघ,5,5,0.36,0.36,0.0,0,0,,,,
,data/oldNepali_fullset/oldNepali_100/images/CA__The Cambridge Manuscript_Page_026/eSc_line_51561171.png,२६,२६,0.0,,,,,0,0,0.0,0.0,0.0,0,0,,,,
,data/oldNepali_fullset/oldNepali_100/images/DNA 3_00000610/eSc_line_7d1ef543.png,हरुर.नीजकपतान्‌‌वसी.ल्हासावसंज्यालभरमकदुर.विक्रिगरुंला.भरमकदुरगर्दामा,हरूर.नीजकमतान्‌वसी.ल्हासावसंत्यालभरमकडर.विक्रिगरूंला.भरमकडरगर्दामा,0.1304347813129425,नीज|वसी|ल्हासा|भरमकदुर|विक्रि|गरुंला|भरमकदुर|गर्दा,नीज|वसी|ल्हासा|भर|विक्रि|भर|गर्दा,निज|बस्नु|ल्हासा|भरमग्दुर|बिक्रि|गर्नु|भरमग्दुर|गर्नु,निज|बस्नु|ल्हासा|भर|बिक्रि|भर|गर्नु,8,7,0.6231884057971014,0.4090909090909091,0.21409749670619233,2,1,भरमग्दुर,भर,गरुंला|भरमकदुर,भर
,data/oldNepali_fullset/oldNepali/images/CA__The Cambridge Manuscript_Page_008/eSc_line_65317b7d.png,धनागर्दा.नागदहमारहन्या.कर्कोटकनागनआउंदा.शांतिकरआचार्य्यले.मंत्रगरीदुर्वाकुन्दपुष्पदी.गुणका,धनागर्दा.नागदहमारहन्या.कर्कोटकनागनआउदा.शांतिकरआचार्य्यले.मंत्रगरीदुर्वाकुन्दपुष्पदी.गुणका,0.0111111113801598,गर्दा|रहन्या|आउंदा|गरी|गुण,गर्दा|रहन्या|आउदा|गरी|गुण,गर्नु|रहनु|आउनु|गर्नु|गुण,गर्नु|रहनु|आउनु|गर्नु|गुण,5,5,0.24444444444444444,0.23595505617977527,0.008489388264669162,1,1,,,आउंदा,आउदा
,data/oldNepali_fullset/oldNepali_100/images/DNA 4_00000551/eSc_line_7e59dfed.png,ताकितगर्न्याकामगर्दैरहनुभन्न्यावेव़राकोरहेछयेसैयेकोहरावेव़रालेअंग्रेज,ताकितगर्न्याकामगर्दैरहनुभन्न्यावेव़राकोरहेछयेसैयेकोहरावेव़रालेअंग्रेज,0.0,गर्न्या|काम|गर्दै|रहनु|भन्न्या|रहेछ|येसै,गर्न्या|काम|गर्दै|रहनु|भन्न्या|रहेछ|येसै,गर्नु|काम|गर्नु|रहनु|भन्ने|रहनु|यो,गर्नु|काम|गर्नु|रहनु|भन्ने|रहनु|यो,7,7,0.4927536231884058,0.4927536231884058,0.0,0,0,,,,
,data/oldNepali_fullset/oldNepali_100/images/CA__The Cambridge Manuscript_Page_034/eSc_line_d7ab083c.png,भनि.संपूर्णदेवताहरूमिली.मनुष्यकनराजातुल्याउनईछागर्‍या॥ ॥तस्‌पछिकलियुगभया॥ ॥अथनैपाल,भनि.संपूर्णदेवताहरूमिली.मनुष्यकनराजातुल्याउनईछागर्‍या॥ ॥तस्‌पछिकलियुगभया॥ ॥अथनैपाल,0.0,भनि|संपूर्ण|देवता|मनुष्य|कन|राजा|तुल्या|पछि|भया,भनि|संपूर्ण|देवता|मनुष्य|कन|राजा|तुल्या|पछि|भया,भनि|सम्पुर्न|देउता|मनुष्य|कन|राजा|तुल्या|पछि|हुनु,भनि|सम्पुर्न|देउता|मनुष्य|कन|राजा|तुल्या|पछि|हुनु,9,9,0.47560975609756095,0.47560975609756095,0.0,0,0,,,,
,data/oldNepali_fullset/oldNepali_100/images/CA__The Cambridge Manuscript_Page_034/eSc_line_e0672d43.png,ऋषिगणै.स्तत्रगौतमादयोदेवाःप्रतिष्ठा.पाशुपतेश्वरभट्टारके.श्लेष्मान्तकवनेविराजतेऽत्रस्थितगोपालोना,ऋषिगणै.स्तत्रगौतमादयोदेवा.प्रतिष्ठाँ.पाशुपतेश्वरभट्टारके.श्लेष्यान्तकवनेविराजते।ज्रस्थितगोपालोना,0.0526315793395042,प्रति|राज|पालो,प्रति|राज|पालो,प्रति|राज|पालो,प्रति|राज|पालो,3,3,0.12631578947368421,0.125,0.0013157894736842146,0,0,,,,
,data/oldNepali_fullset/oldNepali_100/images/DNA 2_00000365_result/eSc_line_9901f375.png,लकप्रसाद.हजुर्मा.चर्‍हाईपठायाकोछ.दाषिलहोला.राँगा,लकप्रसाद.हजुर्मा.चर्‍हाईपठायाकोछ.दाषिलहोला.राँगा,0.0,प्रसाद|पठायाको|दाषिल|होला,प्रसाद|पठायाको|दाषिल|होला,प्रसाद|पठाउनु|दाखिल|हुनु,प्रसाद|पठाउनु|दाखिल|हुनु,4,4,0.4583333333333333,0.4583333333333333,0.0,0,0,,,,
,data/oldNepali_fullset/oldNepali/images/18/eSc_line_fc2c978d.png,वाटप्रवाहगरीवाग्मतीमापठाया.तस् दिनदेषिन्.त्योनदीकानाम.रत्नद्रव्यप्रवाहगर्नालाईउत्पत्ति.गर्‍याकाहुना,वाटप्रवाहगरीवाग्मतीमापठाया.तस् दिनदेषिन्.त्वोनदीकानाम.रत्द्रव्यप्रवाहगर्नालाईउत्पत्तिगर्‍याकाहुना,0.0303030312061309,वाट|गरी|पठाया|तस्|दिन|देषि|नदी|नाम|द्रव्य|गर्ना|लाई|हुना,वाट|गरी|पठाया|तस्|दिन|देषि|नदी|नाम|गर्ना|लाई|हुना,बाट|गर्नु|पठाउनु|त्यो|दिनु|देखि|नदि|नाउँ|द्रब्य|गर्नु|लाई|हुनु,बाट|गर्नु|पठाउनु|त्यो|दिनु|देखि|नदि|नाउँ|गर्नु|लाई|हुनु,12,11,0.45454545454545453,0.4020618556701031,0.05248359887535142,1,0,द्रब्य,,द्रव्य,
,data/oldNepali_fullset/oldNepali/images/DNA_1_00000054/eSc_line_2e6548b1.png,याकोछ.हाल्‌षमारिमात्रलाग्याका‌छन्.अरुअंगअंगसवैनापि.तपसिल,याकोछ.हाल्‌षमारिमात्रलाग्याका‌छन्.अरुअंगअंगसवैनापि.तपसिल,0.0,षमारि|मात्र|लाग्या|छन्|अरु|अंग|अंग|सवै|नापि|तपसिल,षमारि|मात्र|लाग्या|छन्|अरु|अंग|अंग|सवै|नापि|तपसिल,खमारी|मात्र|लाग्नु|हुनु|अरु|अङ्ग|अङ्ग|सब|नाप्नु|तपसिल,खमारी|मात्र|लाग्नु|हुनु|अरु|अङ्ग|अङ्ग|सब|नाप्नु|तपसिल,10,10,0.7142857142857143,0.7142857142857143,0.0,0,0,,,,
,data/oldNepali_fullset/oldNepali/images/DNA_2_00000327_result/eSc_line_6e5ac8a0.png,फर्क्याकोडव़ल्‌वूझिन्छ‌उस्‌जगादेषिआजकालइनहरुराजिरह्याजस्ताकुरागर्दैनन्‌.उस्काजमामा,फ्‌क्यांकोउवल्‌वूतिन्छउस्‌जगादेषिआजकालइनहरूराजिरह्याजस्ताकुरागर्दैनन्.उस्काजमामा,0.1097560971975326,जगा|देषि|आजकाल|इन|रह्या|जस्ता|कुरा|गर्दै|जमा,जगा|देषि|आजकाल|इन|रह्या|जस्ता|कुरा|गर्दैनन्|जमा,जगा|देखि|आजकाल|यिनी|रहनु|जस्ता|कुरो|गर्नु|जम्मा,जगा|देखि|आजकाल|यिनी|रहनु|जस्ता|कुरो|गर्नु|जम्मा,9,9,0.43902439024390244,0.4875,-0.04847560975609755,1,1,,,गर्दै,गर्दैनन्
,data/oldNepali_fullset/oldNepali_100/images/DNA 4_00000506/eSc_line_2b54048f.png,ऊप्राँत.गरीप्रवर.श्रावणसुदी२।३रोज१।२मासानुपानीपर्दाव्युकोवचाउसम्मभयाकोहालश्राव,ऊप्रांत.गरीप्रवर.श्रावणसुदी२।३रोज१।२मासानुपानीपर्दायुकोवचाउस्‌म्मभयाकोहालश्राव,0.0641025677323341,गरीप्रवर|श्रावण|सुदी|रोज|सानु|पानी|पर्दा|सम्म|भयाको|हाल,ऊप्रांत|गरीप्रवर|श्रावण|सुदी|रोज|सानु|पानी|पर्दा|भयाको|हाल,गरिबपरवर|श्रावण|सुदि|रोज|सानु|पानि|पर्नु|सम्म|हुनु|हाल,उप्रान्त|गरिबपरवर|श्रावण|सुदि|रोज|सानु|पानि|पर्नु|हुनु|हाल,10,10,0.5897435897435898,0.6282051282051282,-0.038461538461538436,1,1,सम्म,उप्रान्त,सम्म,ऊप्रांत
,data/oldNepali_fullset/oldNepali_100/images/DNA 4_00000048/eSc_line_5354757d.png,लेमुलुकपनिविग्रीरहेछभनिमैलेजवाफदियूँनीजसाहेवलेकीतमेरा,लेमुलुकपनिविग्रीरहेछभनिमैलेजवाफछिँनीजमाहेवलेकीतमेरा,0.0754716992378234,मुलुक|पनि|रहेछ|भनि|नीज|साहेव|मेरा,मुलुक|पनि|रहेछ|भनि|नीज|मेरा,मुलुक|पनि|रहनु|भनि|निज|साहेब|मेरो,मुलुक|पनि|रहनु|भनि|निज|मेरो,7,6,0.5094339622641509,0.43137254901960786,0.07806141324454308,1,0,साहेब,,साहेव,
,data/oldNepali_fullset/oldNepali/images/DNA_1_00000116/eSc_line_39a6f6ce.png,कि.आषाढवदि१४रोज५मा.पठाऊनुभयाको.कृपापत्र.श्राव़णशुदि५रोज५माआईपुग्यो,कि.आषाढवदि१४रोज५मा.पठाऊनुभयाको.कृपोपत्र.श्रावणशुदि५रोज५माआईपुज्यो,0.0454545468091964,आषाढ|वदि|रोज|पठाऊनु|भयाको|कृपापत्र|शुदि|रोज|आई|पुग्यो,आषाढ|वदि|रोज|पठाऊनु|भयाको|पत्र|श्रावण|शुदि|रोज|आई,आषाढ़|बदि|रोज|पठाउनु|हुनु|कृपापत्र|सुदि|रोज|आउनु|पुग्नु,आषाढ़|बदि|रोज|पठाउनु|हुनु|पत्र|श्रावण|सुदि|रोज|आउनु,10,10,0.6666666666666666,0.6153846153846154,0.05128205128205121,2,2,कृपापत्र|पुग्नु,पत्र|श्रावण,कृपापत्र|पुग्यो,पत्र|श्रावण
,data/oldNepali_fullset/oldNepali_100/images/3/eSc_line_a64890b6.png,नलाग्यार.अमीर.र.रैयत्‌हरुले.इंगलिस्तान्कावादशाह,नलाग्यार.अमीर.र.रैयत्‌हरूले.इंगलिस्तान्कावादणह,0.0638297870755195,लाग्या|अमीर|वादशाह,लाग्या|अमीर,लाग्नु|अमिर|बादशाह,लाग्नु|अमिर,3,2,0.3404255319148936,0.21739130434782608,0.12303422756706753,1,0,बादशाह,,वादशाह,
,data/oldNepali_fullset/oldNepali/images/CA__The Cambridge Manuscript_Page_008/eSc_line_70c1e1a4.png,नागलाईसमातील्यायार.वाटामाठकीगयोर.वाटामाविसायाकाजग्गामा.कर्कोटकनागकामूर्त्ति.स्वयंभूपर्व,नागलाईसमातील्यायार.वाटामाठकीगंयोर.वाटामाविसायाकाजग्गामा.दर्कोटकनागकामूर्त्ति.स्वयंभूपर्व,0.0229885056614875,लाई|ल्याया|वाटा|गयो|वाटा|काज|पर्व,लाई|ल्याया|वाटा|वाटा|काज|पर्व,लाई|ल्याउनु|बाटो|जानु|बाटो|काज|पर्व,लाई|ल्याउनु|बाटो|बाटो|काज|पर्व,7,6,0.3103448275862069,0.2727272727272727,0.0376175548589342,1,0,जानु,,गयो,
,data/oldNepali_fullset/oldNepali_100/images/CA__The Cambridge Manuscript_Page_040/eSc_line_57c5be7d.png,नेपालभित्र.फुल्लोचमनिगोदावरीसन्निधानमादर्वारवनाईवसी.आनन्दसँगराजगर्दाभया॥राजाहरूकानाउ,नेपालभित्र.फुल्लोचमनिगोदावरीसन्तिधानमादर्वारवनाईवसी.आनन्दसंगराजगर्दाभया॥राजाहरूकाना,0.0357142873108387,नेपाल|भित्र|दर्वार|वनाई|वसी|आनन्द|सँग|राज|गर्दा|भया|राजाहरू|नाउ,नेपाल|भित्र|दर्वार|वनाई|वसी|आनन्द|संग|राज|गर्दा|भया|राजाहरू,नेपाल|भित्र|दरबार|बनाउनु|बस्नु|आनन्द|सँग|राज|गर्नु|हुनु|राजा|नाउँ,नेपाल|भित्र|दरबार|बनाउनु|बस्नु|आनन्द|सँग|राज|गर्नु|हुनु|राजा,12,11,0.6190476190476191,0.5903614457831325,0.028686173264486525,2,1,नाउँ,,नाउ|सँग,संग
,data/oldNepali_fullset/oldNepali/images/CA__The Cambridge Manuscript_Page_009/eSc_line_7e8979e8.png,अघि२कामानिस् हरूवंधनमाराषीछोडन्या.कोईहातनभयाका.कोईँषुटानभयाका.कोईकाहाडमात्रैवाकीरह्या,अघि२कामानिस्‌हरूवंधनमाराषीछोउन्या.कोईहातनभयाका.कोईषुँटानभयाका.कोईकाहाउमात्रैवाकीरह्या,0.0588235296308994,अघि|मानिस्|धन|राषी|छोडन्या|हात|भयाका|भयाका|काहा|मात्रै|वाकी|रह्या,अघि|धन|राषी|हात|भयाका|भयाका|काहा|मात्रै|वाकी|रह्या,अघि|मानिस|धन|राख्नु|छोड़्नु|हात|हुनु|हुनु|कहाँ|मात्र|बाँकि|रहनु,अघि|धन|राख्नु|हात|हुनु|हुनु|कहाँ|मात्र|बाँकि|रहनु,12,10,0.6352941176470588,0.4823529411764706,0.1529411764705882,2,0,छोड़्नु|मानिस,,छोडन्या|मानिस्,
,data/oldNepali_fullset/oldNepali_100/images/DNA 4_00000201/eSc_line_61b51842.png,निहाम्रागुणकोप्रकासरहाम्रोउद्धार,निहाम्रागुणकोप्रकासर.हाम्रोउद्धार,0.03125,हाम्रा|गुण|प्रकास|हाम्रो|उद्धार,हाम्रा|गुण|प्रकास|हाम्रो|उद्धार,हाम्रो|गुण|प्रकाश|हाम्रो|उद्धार,हाम्रो|गुण|प्रकाश|हाम्रो|उद्धार,5,5,0.84375,0.8181818181818182,0.025568181818181768,0,0,,,,
,data/oldNepali_fullset/oldNepali/images/CA__The Cambridge Manuscript_Page_007/eSc_line_fe9c4316.png,कानगीचगै.हेमहापुरूष.तिमिकोहौ.महाचीनजान्यावाटकाहाहोभनिसोधदा.सोहीपुरूषलेभ,कानगीचगै.हेमहापुरूष.तिमिकोहौ.महाचीनजान्यावाटकाहाहोभनिसोधदा.सोहीपुरुषलेभ,0.0140845067799091,महा|तिमि|महा|जान्या|वाट|काहा|भनि|सोही,महा|तिमि|महा|जान्या|वाट|काहा|भनि|सोही,मा|तिमी|मा|जानु|बाट|कहाँ|भनि|सो,मा|तिमी|मा|जानु|बाट|कहाँ|भनि|सो,8,8,0.4225352112676056,0.4225352112676056,0.0,0,0,,,,
,data/oldNepali_fullset/oldNepali_100/images/CA__The Cambridge Manuscript_Page_033/eSc_line_941a60ec.png,या.योवृत्तांतसवैइन्द्रानीघाटकादेवीलेजानीअव.ईनेपालमासदासर्वदाराजीकहुन्याछन्‌भनि.नेपालआई.मना,या.योवृत्तातसवैइन्द्रानीपाटकादेवीलेजानीअव.ईनेपालमासदासर्वदाराजीकहाछन् भनिनेपालआई.मना,0.0888888910412788,तस|घाट|जानी|अव|नेपाल|सदा|सर्वदा|राजी|हुन्या|भनि|नेपाल|आई,वृत्ता|तस|जानी|अव|नेपाल|सदा|सर्वदा|राजी|छन्|भनि|नेपाल|आई,त्यो|घाट|जान्नु|अब|नेपाल|सदा|सर्वदा|राजी|हुनु|भनि|नेपाल|आउनु,बिर्ता|त्यो|जान्नु|अब|नेपाल|सदा|सर्वदा|राजी|हुनु|भनि|नेपाल|आउनु,12,12,0.5,0.5357142857142857,-0.0357142857142857,2,2,घाट,बिर्ता,घाट|हुन्या,छन्|वृत्ता
,data/oldNepali_fullset/oldNepali_100/images/9/eSc_line_1d3eccda.png,रैयत्‌लाइसुखीगराया२४वर्षराज्यगरीमर्‍याइन्कापाला,रैयत्‌लाइसुरवीगराया२४वर्षराज्यगरीमर्‍याइन्कापाला,0.0425531901419162,लाइ|सुखी|गराया|वर्ष|राज्य|गरी|पाला,लाइ|गराया|वर्ष|राज्य|गरी|पाला,लाई|सुखि|गराउनु|वर्ष|राज्य|गर्नु|पालो,लाई|गराउनु|वर्ष|राज्य|गर्नु|पालो,7,6,0.5957446808510638,0.5,0.0957446808510638,1,0,सुखि,,सुखी,
,data/oldNepali_fullset/oldNepali/images/DNA_2_00000394_result/eSc_line_2d0d5d27.png,तोप्‌६८भया.भन्न्याकुरासुनिया.अष्‌तर्लोनीसाहव.फौतभ,तोप्‌६८भय़ा.भन्न्याकुरासुनिय़ा.अष्‌तर्लोनीसाहव.फौतभ,0.0408163256943225,भया|भन्न्या|कुरा|सुनि|साहव,भन्न्या|कुरा|सुनि|साहव,हुनु|भन्ने|कुरो|सुन्नु|साहेब,भन्ने|कुरो|सुन्नु|साहेब,5,4,0.4489795918367347,0.37254901960784315,0.07643057222889155,1,0,हुनु,,भया,
,data/oldNepali_fullset/oldNepali_100/images/E3420_00000318/eSc_line_086f81ea.png,चसिं भन्या कालिम्वुले गाउँतलाई हुदैननियावाट मैले,चासिं भन्या कालिम्वुले गाउँ तलाई हुदैन नियावाट मैले,0.0625,भन्या|लिम्वु|लाई|हुदैन|वाट,भन्या|लिम्वु|लाई|हुदैन|वाट,भने|लिम्बु|लाई|हुनु|बाट,भने|लिम्बु|लाई|हुनु|बाट,5,5,0.4583333333333333,0.43137254901960786,0.02696078431372545,0,0,,,,
,data/oldNepali_fullset/oldNepali_100/images/3/eSc_line_753ba867.png,प्रजाहरुउन्‌लाइवहुत्मान्थ्यार.२०लाषरुपैयादीति,प्रजाहरुउन्‌लाइवहुत्‌मान्थ्यार.२०लाषरुपैयादीत,0.0444444455206394,प्रजाहरु|लाइ|लाष|रुपैया,प्रजाहरु|लाइ|लाष|रुपैया,प्रजा|लाई|लाख|रुपैयाँ,प्रजा|लाई|लाख|रुपैयाँ,4,4,0.4444444444444444,0.4444444444444444,0.0,0,0,,,,
,data/oldNepali_fullset/oldNepali/images/CA__The Cambridge Manuscript_Page_001/eSc_line_3f88adee.png,आश्विनशुदिपूर्णिमाकादिन,आश्विनशुदिपूर्णिमाकादिन,0.0,आश्विन|शुदि|दिन,आश्विन|शुदि|दिन,आश्विन|सुदि|दिनु,आश्विन|सुदि|दिनु,3,3,0.5652173913043478,0.5652173913043478,0.0,0,0,,,,
,data/oldNepali_fullset/oldNepali_100/images/DNA 1_00000116/eSc_line_c83a6940.png,८७१सालमितिश्राव़णसुदि६रोज६मोकामअर्किशुभम्,८७१सालमितिश्राव़णसुदि६रोज६मोकामअर्किशुभम्,0.0,साल|मिति|सुदि|रोज|मोकाम|अर्कि|शुभम्,साल|मिति|सुदि|रोज|मोकाम|अर्कि|शुभम्,साल|मिति|सुदि|रोज|मुकाम|अर्की|शुभम्,साल|मिति|सुदि|रोज|मुकाम|अर्की|शुभम्,7,7,0.7073170731707317,0.7073170731707317,0.0,0,0,,,,
,data/oldNepali_fullset/oldNepali_100/images/CA__The Cambridge Manuscript_Page_032/eSc_line_affec14e.png,आवाहनागारीवडोअगमपूजागरी.कज्जललगाई.नित्यभावगरी,आवाहनागरीवडोअगमपूजागरी.कजललगाई.नित्यभावगरी,0.0666666701436042,वडो|पूजा|गरी|लगाई|नित्य|गरी,गरीव|पूजा|गरी|लगाई|नित्य|गरी,बडो|पूजा|गर्नु|लगाउनु|नित्य|गर्नु,गरिब|पूजा|गर्नु|लगाउनु|नित्य|गर्नु,6,6,0.4888888888888889,0.5476190476190477,-0.0587301587301588,1,1,बडो,गरिब,वडो,गरीव
,data/oldNepali_fullset/oldNepali_100/images/DNA 4_00000191/eSc_line_58ce96d1.png,लाठसाहेवलेमौकुफ्‌गर्‍यामौकुफगर्‍याकाफौजकावदलामाकंपनिकोफौजकन्टिल्,लाठसाहेवलेमौकुफ्‌गर्‍यामौकुफगर्‍याकाफौजवावदलामाकंपनिकोफौजकन्‌टिल्‌,0.046875,लाठसाहेव|फौज|वदला|कंपनि|फौज,लाठसाहेव|फौज|वदला|कंपनि|फौज,लाटसाहेब|फौज|बदला|कम्पनी|फौज,लाटसाहेब|फौज|बदला|कम्पनी|फौज,5,5,0.359375,0.3484848484848485,0.010890151515151492,0,0,,,,
,data/oldNepali_fullset/oldNepali_100/images/E3345_00000286/eSc_line_63ee7033.png,या.हामिहरुलेपनिनगरापाउन्याहुंभनि.तिमिहरुले.हाम्राहजुरमा.विंतिपार्दाजाहेर,यो.हामिहरूलेपनिनगरापाउन्याडभनि.तिमिहरूले.हाम्राहसुरमा.विंनिपार्दाजाहेर,0.1111111119389534,हामिहरु|पनि|नगरा|पाउन्या|भनि|तिमिहरु|हाम्रा|हजुर|विंति|पार्दा|जाहेर,हामिहरू|पनि|नगरा|पाउन्या|भनि|तिमिहरू|हाम्रा|पार्दा|जाहेर,हामी|पनि|नगरा|पाउनु|भनि|तिमी|हाम्रो|हजुर|बिन्ती|पार्नु|जाहेर,हामी|पनि|नगरा|पाउनु|भनि|तिमी|हाम्रो|पार्नु|जाहेर,11,9,0.7916666666666666,0.6857142857142857,0.10595238095238091,4,2,बिन्ती|हजुर,,तिमिहरु|विंति|हजुर|हामिहरु,तिमिहरू|हामिहरू
,data/oldNepali_fullset/oldNepali_100/images/DNA 1_00000671/eSc_line_8fabfa43.png,वैवीस्तार.वीन्तीगर्नान्‌:सरअपसर.माफराषीसीक्षाउपदेस,वैवीस्तार.वीन्तीगर्नान्‌:साअपमर.माफराषीसीकाउपदेस,0.0799999982118606,वीन्ती|गर्ना|सर|सर|माफ|राषी|देस,वीन्ती|गर्ना|माफ|राषी|देस,बिन्ती|गर्नु|शर|शर|माफ|राख्नु|देस,बिन्ती|गर्नु|माफ|राख्नु|देस,7,5,0.5,0.4375,0.0625,1,0,शर,,सर,
,data/oldNepali_fullset/oldNepali/images/CA__The Cambridge Manuscript_Page_009/eSc_line_a4446f59.png,आफ्नु २ मूर्त्तिलेखीदी.कैल्हे २ अनावृष्टिभयोभन्या.इनि.हामिहरूकामूर्त्तिमापूजागरनु.अनावृष्टिशांतिहोला,आफ्नु २मूर्त्तिलेखीदी.कैल्हे२अनावृष्टिभयोभन्या.इनि.हामिहरूकामूर्त्तिमापूजागरनु.अनावृष्टिशांतिहोला,0.0299999993294477,आफ्नु|भयो|भन्या|हामिहरू|पूजा|गर|होला,आफ्नु|भयो|भन्या|हामिहरू|पूजा|गर|होला,आफ्नो|हुनु|भने|हामी|पूजा|गर्नु|हुनु,आफ्नो|हुनु|भने|हामी|पूजा|गर्नु|हुनु,7,7,0.3,0.30927835051546393,-0.00927835051546394,0,0,,,,
,data/oldNepali_fullset/oldNepali_100/images/DNA 3_00000065/eSc_line_9d42def7.png,षर्च.सातपगरीकातोसपगरिकोतनुषाँकोचाडैठेगानावाधि.पठाई.दिनुभयावढियाहोला.ताहावाट,षर्च.सातपगरीकातोसपगरिकोतनुषाँकोचाडैठेगानावाधि.पठाईदिनुभयावढिचाहोला.ताहावाट,0.0266666673123836,षर्च|पगरी|पगरि|वाधि|पठाई|दिनु|भया|वढिया|होला|ताहा|वाट,षर्च|पगरी|पगरि|वाधि|पठाई|दिनु|भया|होला|ताहा|वाट,खर्च|पगरि|पगरि|बाँध्नु|पठाउनु|दिनु|हुनु|बढिया|हुनु|त्यहाँ|बाट,खर्च|पगरि|पगरि|बाँध्नु|पठाउनु|दिनु|हुनु|हुनु|त्यहाँ|बाट,11,10,0.5733333333333334,0.5135135135135135,0.059819819819819875,1,0,बढिया,,वढिया,
,data/oldNepali_fullset/oldNepali_100/images/E3345_00000307/eSc_line_a07c4e3d.png,स्वस्तिश्रीमन्महाराजा,स्वस्तिश्रीमन्महाराजा,0.0,स्वस्ति|राजा,स्वस्ति|राजा,स्वस्ति|राजा,स्वस्ति|राजा,2,2,0.5238095238095238,0.5238095238095238,0.0,0,0,,,,
,data/oldNepali_fullset/oldNepali_100/images/DNA 4_00000552/eSc_line_7af1325b.png,पर्लाभन्याझैंपनिलाग्योवन्दोवस्तकोलालमोहरमायेक्‌वेव़राउर्दीदिन्यालाल,पर्लाभन्यारैपनिलाग्योवन्दोवस्तकोलालमोहरमायेक्‌वेव़राउर्दादिन्यालाल,0.0447761192917823,पर्ला|भन्या|पनि|लाग्यो|वन्दोवस्त|लालमोहर|दिन्या,पर्ला|भन्या|पनि|लाग्यो|वन्दोवस्त|लालमोहर|दिन्या,पर्नु|भने|पनि|लाग्नु|बन्दोबस्त|लालमोहर|दिनु,पर्नु|भने|पनि|लाग्नु|बन्दोबस्त|लालमोहर|दिनु,7,7,0.6119402985074627,0.6212121212121212,-0.009271822704658539,0,0,,,,
,data/oldNepali_fullset/oldNepali/images/15/eSc_line_fa959125.png,तारिचाहीपनि.आफ्नापुत्रकोवियोगशोकलेवैरागीभैफिरंताभैगई.तस् पछि.कतिचित् वर्ष.वितीतभयापछि,तारिचाहीपनि.आफ्नापुत्रकोवियोगशोकलेवैरागीभैकिरंताभैगई.तस् पछि.कतिचित्वर्ष.वितीतभयापछि,0.0235294122248888,पनि|आफ्ना|वैरागी|तस्|पछि|कति|वर्ष|भया|पछि,पनि|आफ्ना|वैरागी|तस्|पछि|कति|भया|पछि,पनि|आफ्नो|वैरागी|त्यो|पछि|कति|वर्ष|हुनु|पछि,पनि|आफ्नो|वैरागी|त्यो|पछि|कति|हुनु|पछि,9,8,0.38823529411764707,0.34523809523809523,0.042997198879551835,1,0,वर्ष,,वर्ष,
,data/oldNepali_fullset/oldNepali/images/DNA_2_00000293_result/eSc_line_f7622ca3.png,काहै।मेरेकुसूरमाफ,काहै।मेरेकुसूरमाफ,0.0,माफ,माफ,माफ,माफ,1,1,0.17647058823529413,0.17647058823529413,0.0,0,0,,,,
,data/oldNepali_fullset/oldNepali_100/images/DNA 3_00000540/eSc_line_b91d1fbe.png,साहेवका.दर्गाहमाचढाय़ापंषाचढायाकावषतमा.लाषज,साहेवकादगोहमाचहाय़ापंषाचढायाकाचषतमा.लाषज,0.1395348906517028,साहेव|दर्गाह|पंषा|चढायाका|वषत|लाष,साहेव|पंषा|चढायाका|षत|लाष,साहेब|दरगाह|पङ्खा|चढाउनु|बखत|लाख,साहेब|पङ्खा|चढाउनु|खत|लाख,6,5,0.6511627906976745,0.525,0.12616279069767444,2,1,दरगाह|बखत,खत,दर्गाह|वषत,षत
,data/oldNepali_fullset/oldNepali/images/DNA_1_00000356/eSc_line_9626168a.png,श्रीः\,श्रीः\,0.0,,,,,0,0,0.0,0.0,0.0,0,0,,,,
,data/oldNepali_fullset/oldNepali/images/CA__The Cambridge Manuscript_Page_003/eSc_line_126f33fa.png,भैगयो॥तसर्थमेषसंक्रांतिकादिन.क्रकुत्संदवुद्धकावाक्यलेप्रकाशभयेछर.वाग् द्वारभनिनामभयाका,भैगयो॥तसर्थमेषसंक्रांतिकादिन.क्रकुत्संदवुद्धकावाक्यलेप्रकाशभयेछर.वाग्‌द्वारभनिनामभयाका,0.0116279069334268,गयो|तसर्थ|दिन|भयेछ|भनि|नाम|भयाका,गयो|तसर्थ|दिन|भयेछ|भनि|नाम|भयाका,जानु|तसर्थ|दिनु|हुनु|भनि|नाउँ|हुनु,जानु|तसर्थ|दिनु|हुनु|भनि|नाउँ|हुनु,7,7,0.3023255813953488,0.3023255813953488,0.0,0,0,,,,
,data/oldNepali_fullset/oldNepali/images/DNA_0013_0165/eSc_line_12a84f4e.png,त्या.गुठिहारलेअर्घ्यालोनचापनु.स्वदत्तांपरदत्तांम्वायोहरेद्वैवसुंधराम्षष्टिवर्षसहश्राणिविष्टायांजायेतेक्रिमी.ईतिसम्व,त्या.गुठिहारलेअर्घ्यालोनचापनु.स्वदत्तांपरदत्तांम्वायोहरेद्धैवसुंधराम्‌षष्टिवर्षसहथासिविष्टायांजायेतेत्रिमी.तिसम्व,0.0695652142167091,गुठि|अर्घ्यालो|पर|वर्ष|ईति,गुठि|अर्घ्यालो|पर|वर्ष,गुठ|अर्घेलो|पर|वर्ष|इति,गुठ|अर्घेलो|पर|वर्ष,5,4,0.19130434782608696,0.168141592920354,0.02316275490573297,1,0,इति,,ईति,
,data/oldNepali_fullset/oldNepali/images/19/eSc_line_b45b40fc.png,त्योकुलिकनागले.अघिदेषिवसीरह्याकानागवासह्रदहो.नाहाकमंजुश्रीलेहामिलाईनिकाली,त्योकुलिकनागले.अघिदेषिवसीरह्याकानागवासह्रदहो.नाहाकमजुश्रीलेहामिलाईनिकाली,0.0136986300349235,अघि|देषि|वसी|रह्याका|वास|हामि|लाई,अघि|देषि|वसी|रह्याका|वास|हामि|लाई,अघि|देखि|बस्नु|रहनु|बास|हामी|लाई,अघि|देखि|बस्नु|रहनु|बास|हामी|लाई,7,7,0.3698630136986301,0.375,-0.0051369863013698835,0,0,,,,
,data/oldNepali_fullset/oldNepali/images/DNA_0013_0427/eSc_line_fa25c0a5.png,ककाषतमानीतीस्मृतिगर्नु.जिय़नमासनुभनि,ककाषतमानीतीस्नटतिगर्नु.जियनमासनुभनि,0.0833333358168602,षत|मानी|गर्नु|भनि,षत|मानी|गर्नु|जिय|भनि,खत|मान्नु|गर्नु|भनि,खत|मान्नु|गर्नु|जिउ|भनि,4,5,0.3888888888888889,0.4857142857142857,-0.09682539682539681,0,1,,जिउ,,जिय
,data/oldNepali_fullset/oldNepali_100/images/E3420_00000341/eSc_line_63b13a3e.png,वाटनगरा वक्ष्याको पुरानु भै विग्र्याका तारो थपि नयाँवनाई,वाट नगरावक्स्याकोपुरानु भै विग्याका तावो थपि नयाँवनाई,0.125,वाट|नगरा|थपि|वनाई,वाट|नगरा|वक्स्याको|थपि|वनाई,बाट|नगरा|थप्नु|बनाउनु,बाट|नगरा|बक्सनु|थप्नु|बनाउनु,4,5,0.25,0.4339622641509434,-0.1839622641509434,0,1,,बक्सनु,,वक्स्याको
,data/oldNepali_fullset/oldNepali_100/images/DNA 3_00000065/eSc_line_76ea705c.png,लाजगाकोजाचवुझ.गर्नलागिरह्याछौ.ञाहाकाजगाकोउठतिपैदावारजोठहर्ला.सोविन्ति.गरिपठाउ,लाजगाकोनाचवुझ्नलागिरह्याछौ.ञाहाकानगाकोउठतिपैदावारजोठहर्ला.सोविन्तिगरिपठाउ,0.0779220759868621,जगा|जाच|वुझ|गर्न|लागि|रह्या|ञाहा|काज|पैदावार|ठहर्ला|विन्ति|गरि|ठाउ,जगा|नाच|वुझ्न|लागि|रह्या|ञाहा|पैदावार|ठहर्ला|विन्ति|गरि|ठाउ,जगा|जाँच|बुझ्नु|गर्नु|लाग्नु|रहनु|यहाँ|काज|पैदावार|ठहर्नु|बिन्ती|गर्नु|ठाउँ,जगा|नाच|बुझ्नु|लाग्नु|रहनु|यहाँ|पैदावार|ठहर्नु|बिन्ती|गर्नु|ठाउँ,13,11,0.7012987012987013,0.6712328767123288,0.030065824586372525,4,2,काज|जाँच,नाच,काज|गर्न|जाच|वुझ,नाच|वुझ्न
,data/oldNepali_fullset/oldNepali_100/images/DNA 2_00000036_result/eSc_line_cb9fa30d.png,१८९४ सालमिति कार्तिकवदि ८रोज ७मोकाम्‌कलकत्ता,१८९४ सालमिति कार्तिकवदि ८रोज ७मोकाम्‌कलकत्ता,0.0,साल|मिति|कार्तिक|वदि|रोज|कलकत्ता,साल|मिति|कार्तिक|वदि|रोज|कलकत्ता,साल|मिति|कार्त्तिक|बदि|रोज|कलकत्ता,साल|मिति|कार्त्तिक|बदि|रोज|कलकत्ता,6,6,0.6136363636363636,0.6136363636363636,0.0,0,0,,,,
,data/oldNepali_fullset/oldNepali_100/images/CA__The Cambridge Manuscript_Page_027/eSc_line_5fc8644a.png,२७,३७,0.5,,,,,0,0,0.0,0.0,0.0,0,0,,,,
,data/oldNepali_fullset/oldNepali_100/images/DNA 2_00000395_result/eSc_line_208c2594.png,रीवभय़ो.व़कीलसहरैमाछन्‌.दर्वारमकूफ्‌भय़ाकोदेष्‌ता.इन्हे,रीवभय़ोव़कीलसहरैमाछन्.दर्वारमकूफ्‌भय़ाकोदेष्‌ता.इन्हे,0.036363635212183,दर्वार,छन्|दर्वार,दरबार,हुनु|दरबार,1,2,0.10909090909090909,0.16981132075471697,-0.060720411663807886,0,1,,हुनु,,छन्
,data/oldNepali_fullset/oldNepali_100/images/DNA 3_00000306/eSc_line_a3203934.png,आश्विनवदि३०रोज३मुकाम्‌दिल्लीचलीचलाव़शु,आश्विनवदि३रोज३मुकाम्‌दिल्लीचलीचलाव़शु,0.0263157896697521,आश्विन|वदि|रोज|दिल्ली|चली,आश्विन|वदि|रोज|दिल्ली|चली,आश्विन|बदि|रोज|दिल्ली|चल्नु,आश्विन|बदि|रोज|दिल्ली|चल्नु,5,5,0.5526315789473685,0.5675675675675675,-0.01493598862019907,0,0,,,,
,data/oldNepali_fullset/oldNepali_100/images/DNA 4_00000552/eSc_line_7d3ee801.png,भन्न्यापछिल्लोलालमोहरमाभन्याडाँकारचोरिमासावितभयोभन्याज्यूजहा,भन्न्यापछिल्लोलालमोहरमाभन्याडाँकारचोरिमासावितभयोभन्याज्या,0.050000000745058,भन्न्या|पछि|लालमोहर|भन्या|भयो|भन्या,भन्न्या|पछि|लालमोहर|भन्या|भयो|भन्या,भन्ने|पछि|लालमोहर|भने|हुनु|भने,भन्ने|पछि|लालमोहर|भने|हुनु|भने,6,6,0.5,0.5263157894736842,-0.02631578947368418,0,0,,,,
,data/oldNepali_fullset/oldNepali/images/DNA_0013_0522/eSc_line_30342992.png,मशुषभोगेगरयोविर्तासंकल्पहुदासंकल्पवाक्येपर्‍हन्याप्रोहितयदुनाथपंडितअर्ज्यालपानिहालन्याश्रीजनरलः,मशुषभोगेयत्योवितासंकल्पहुदासंकल्पवाक्येपहुन्याप्रोहिंतयहुनाथपंडितअर्ज्याल्‌पानिहालन्याश्रीजनरल,0.1473684161901474,भोगे|गर|विर्ता|संकल्प|हुदा|संकल्प|प्रोहित|पंडित|अर्ज्याल|पानि|हालन्या,भोगे|संकल्प|हुदा|संकल्प|हुन्या|हुना|पंडित|पानि|हालन्या|जनरल,भोग|गर्नु|बिर्ता|सङ्कल्प|हुनु|सङ्कल्प|पुरोहित|पण्डित|अर्ज्याल|पानि|हाल्नु,भोग|सङ्कल्प|हुनु|सङ्कल्प|हुनु|हुनु|पण्डित|पानि|हाल्नु|जनरल,11,10,0.6210526315789474,0.5319148936170213,0.08913773796192614,4,3,अर्ज्याल|गर्नु|पुरोहित|बिर्ता,जनरल,अर्ज्याल|गर|प्रोहित|विर्ता,जनरल|हुना|हुन्या
,data/oldNepali_fullset/oldNepali_100/images/CA__The Cambridge Manuscript_Page_031/eSc_line_18c19b7d.png,भैरह्याका.शून्यदेशमा.जानमनगरी.वुढानीलकण्ठसंधिवहीगै.अनेकतीर्थ.शान्तेश्वरी.ज्ञानेश्वरम,भैरह्याका.शून्यदेशमा.जानमनगरी.वुढानीलकण्ठसंधिवहीगै.अनेकतीर्थ.शान्तेश्वरी.ज्ञानेश्वरम,0.0,रह्याका|जान|मन|गरी|वुढा|वही|कती,रह्याका|जान|मन|गरी|वुढा|वही|कती,रहनु|जानु|मन|गर्नु|बुड़ो|बहि|कति,रहनु|जानु|मन|गर्नु|बुड़ो|बहि|कति,7,7,0.2976190476190476,0.2976190476190476,0.0,0,0,,,,
,data/oldNepali_fullset/oldNepali/images/DNA_2_00000293_result/eSc_line_23ab474e.png,उद्दारकर्नेकोसमर्थहैँ।मेरेबिगडनेमेकुछबाकीनहीँरही,समर्थहैँ।मेरेबिगडनेमेकुछबाकीनहीँरही,0.2708333432674408,कोस|रही,रही,कोस|रहनु,रहनु,2,1,0.125,0.08571428571428572,0.039285714285714285,1,0,कोस,,कोस,
,data/oldNepali_fullset/oldNepali/images/13/eSc_line_405c1453.png,यस्ताप्रज्ञोपायश्रीस्वयंभूगुह्येश्वरीआफैआफप्रकाशहुनुभयाकाहेरी.उनैकादर्शननिमित्तर.मंजुश्रीकाकी,यस्ताप्रजोपायश्रीस्वयंभूराह्येश्वरीआफैआफप्रकाशहुनुभयाकाहेरी.उनैकादर्शननिमित्तर.मंजुश्रीकाकी,0.0430107526481151,हुनु|भयाका|हेरी|उनै|दर्शन|निमित्त,हुनु|भयाका|हेरी|उनै|दर्शन|निमित्त,हुनु|हुनु|हेर्नु|उनी|दर्शन|निमित्त,हुनु|हुनु|हेर्नु|उनी|दर्शन|निमित्त,6,6,0.3010752688172043,0.3076923076923077,-0.006617038875103398,0,0,,,,
,data/oldNepali_fullset/oldNepali_100/images/DNA 4_00000201/eSc_line_ad31eb4a.png,कोछैन‌अध्ययनकाअर्थकनसिद्धान्तकौमुदीश्रीसूर्यसिद्धान्तलीलावती.वीजग,कोछैनअध्ययनकाअर्थकनसिद्धान्तकोमुदीश्रीसूयसिद्धान्तलीलावती.वीजगु,0.0769230797886848,अध्ययन|अर्थ|कन|सिद्धान्तकौमुदी|सूर्यसिद्धान्त|लीलावती|जग,छैन|अध्ययन|अर्थ|कन|लीलावती,अध्ययन|अर्थ|कन|सिद्धान्तकौमुदी|सूर्यसिद्धान्त|लीलावती|जग,हुनु|अध्ययन|अर्थ|कन|लीलावती,7,5,0.7692307692307693,0.3492063492063492,0.4200244200244201,3,1,जग|सिद्धान्तकौमुदी|सूर्यसिद्धान्त,हुनु,जग|सिद्धान्तकौमुदी|सूर्यसिद्धान्त,छैन
,data/oldNepali_fullset/oldNepali_100/images/DNA 4_00000552/eSc_line_775070bc.png,काकुराकोउर्दिदिउभन्यागाइभैसिवाप्राधानचोर्न्यालाइपनिचोरभनींछगा,काकुराकोउर्दिउभन्यागाइभैसिवाप्राधानचोर्न्यालाइपनिचोरभनीछया,0.0655737668275833,कुरा|भन्या|लाइ|पनि,कुरा|भन्या|लाइ|पनि|भनी,कुरो|भने|लाई|पनि,कुरो|भने|लाई|पनि|भनि,4,5,0.2459016393442623,0.3103448275862069,-0.06444318824194462,0,1,,भनि,,भनी
,data/oldNepali_fullset/oldNepali/images/DNA_2_00000394_result/eSc_line_74e35e5c.png,याकोमोकाम्‌सीनकोविस्तार.अंगरेजीहरफका.छापाकोन,य़ाकोमोकाम्‌सीनकोविस्तार.अंगरेजीहरफका.छापाकोन,0.0227272734045982,विस्तार|अंगरेजी|हरफ|छापा,विस्तार|अंगरेजी|हरफ|छापा,बिस्तार|अङ्ग्रेजि|हरफ|छापा,बिस्तार|अङ्ग्रेजि|हरफ|छापा,4,4,0.4772727272727273,0.4666666666666667,0.010606060606060619,0,0,,,,
,data/oldNepali_fullset/oldNepali/images/DNA_0010_0668/eSc_line_934b6505.png,धानचाव़लषरीदगरिताहिकादर्वारमावढिय़ाजगामाथनक्या,धातचाव़लषरीदगरिताहिकादर्वारमावढियाजगामाथन्‌क्या,0.0869565233588218,गरि|ताहि|दर्वार|जगा,गरि|ताहि|दर्वार|वढिया|जगा,गर्नु|त्यहाँ|दरबार|जगा,गर्नु|त्यहाँ|दरबार|बढिया|जगा,4,5,0.34782608695652173,0.44680851063829785,-0.09898242368177612,0,1,,बढिया,,वढिया
,data/oldNepali_fullset/oldNepali/images/DNA_1_00000410/eSc_line_4ced8a3a.png,१,२,1.0,,,,,0,0,0.0,0.0,0.0,0,0,,,,
,data/oldNepali_fullset/oldNepali_100/images/CA__The Cambridge Manuscript_Page_032/eSc_line_330da305.png,ध्येगरीवस्या.इसहर.उजरीगयापछि.एक१चोरलेज्ञानेश्वरलिंगभित्र.स्पर्शमणीछभनिवन्‌चरालेचिर्दाचि,ध्येगरीवस्या.इसहर.उजरीगयापछि.एक१चोरलेज्ञानेश्वरलिंगभित्र.स्यर्शमणीछभनिवन् चरालेचिर्दाचि,0.0229885056614875,गरीव|सहर|जरी|गया|पछि|एक|भित्र|भनि,गरीव|सहर|जरी|गया|पछि|एक|भित्र|भनि,गरिब|सहर|जरि|जानु|पछि|एक|भित्र|भनि,गरिब|सहर|जरि|जानु|पछि|एक|भित्र|भनि,8,8,0.2988505747126437,0.2988505747126437,0.0,0,0,,,,
,data/oldNepali_fullset/oldNepali_100/images/DNA 4_00000552/eSc_line_8871182d.png,दिंदातहाम्रारैयेत्‌हरुकोसार्‍हैमन्‌षस्‌नजालाअलिक्‌देसमापनिवदनाम,दिवातहाम्रारैयेत्‌हरूकोसाहैमन्‌यस्‌नजालाअलिक्‌देसमापनिवदनाम,0.1111111119389534,तहा|जाला|देस|पनि|नाम,वात|हाम्रा|जाला|देस|पनि|नाम,त्यहाँ|जानु|देस|पनि|नाउँ,बात|हाम्रो|जानु|देस|पनि|नाउँ,5,6,0.25396825396825395,0.3728813559322034,-0.11891310196394944,1,2,त्यहाँ,बात|हाम्रो,तहा,वात|हाम्रा
,data/oldNepali_fullset/oldNepali/images/CA__The Cambridge Manuscript_Page_004/eSc_line_0d73ae5f.png,या.तसर्थ.उस् दिनदेषि.जौनविष्णुजी.उस् वषत्.रसातलमाजाउंभनिगै.जस् ठाउवाटगुप्तभैग,या.तसर्थ.उस्‌दिनदेषि.जौनविष्णुजी.उस् वषत्.रसातलमाजाउंभनिगै.जस्ठाउवाटगुप्तभैग,0.0259740259498357,तसर्थ|उस्|दिन|देषि|जौन|उस्|वषत्|भनि|जस्|ठाउ|वाट,तसर्थ|दिन|देषि|जौन|उस्|वषत्|भनि|वाट,तसर्थ|ऊ|दिनु|देखि|जो|ऊ|बखत|भनि|जो|ठाउँ|बाट,तसर्थ|दिनु|देखि|जो|ऊ|बखत|भनि|बाट,11,8,0.4805194805194805,0.3684210526315789,0.11209842788790159,2,0,ठाउँ,,जस्|ठाउ,
,data/oldNepali_fullset/oldNepali/images/CA__The Cambridge Manuscript_Page_010/eSc_line_77caddb7.png,वंशा,वंशा,0.0,,,,,0,0,0.0,0.0,0.0,0,0,,,,
,data/oldNepali_fullset/oldNepali/images/DNA_1_00000285/eSc_line_6ae50e79.png,गुज़रे।०।ष़ाविन्दमेरे।दिल्लीमे।बतौर‌अफुवेके,गुज़रेँ।०।बाविन्दमेरे।दिल्लीमे।बतौरअफुवेके,0.0930232554674148,दिल्ली,दिल्ली,दिल्ली,दिल्ली,1,1,0.13953488372093023,0.14285714285714285,-0.0033222591362126186,0,0,,,,
,data/oldNepali_fullset/oldNepali/images/DNA_1_00000054/eSc_line_726a8023.png,लेषि.अर्काहुलाक्‌माचह्राईपठाउन्याकाम्‌गरुला.औ.सुवेदारजसिवंतकँव,लेषि.अर्काहुलाक्‌माचर्‍हाईपठाउन्याकाम्‌गरुला.औ.सुवेदारजसिवंतकँव,0.0483870953321456,लेषि|अर्का|चह्राई|पठाउन्या|गरुला|सुवेदार|जसिवंत,लेषि|अर्का|पठाउन्या|गरुला|सुवेदार|जसिवंत,लेख्नु|अर्को|चड़ाइ|पठाउनु|गर्नु|सुबेदार|जसिवंत,लेख्नु|अर्को|पठाउनु|गर्नु|सुबेदार|जसिवंत,7,6,0.6612903225806451,0.5555555555555556,0.10573476702508955,1,0,चड़ाइ,,चह्राई,
,data/oldNepali_fullset/oldNepali/images/DNA_1_00000316/eSc_line_68ec996e.png,जानावुझिहेर्याकोछैन२।४दिनभीत्रनालनिसानषजानावुझि,जानावुझिहेर्याकोछैन२।४दिनभीत्रनालनिसानषजानावुझि,0.0,वुझि|हेर्याको|छैन|दिन|भीत्र|नाल|निसान|षजाना|वुझि,वुझि|हेर्याको|छैन|दिन|भीत्र|नाल|निसान|षजाना|वुझि,बुझ्नु|हेर्नु|हुनु|दिनु|भित्र|नाल|निशान|खजाना|बुझ्नु,बुझ्नु|हेर्नु|हुनु|दिनु|भित्र|नाल|निशान|खजाना|बुझ्नु,9,9,0.851063829787234,0.851063829787234,0.0,0,0,,,,
,data/oldNepali_fullset/oldNepali/images/DNA_0014_0296/eSc_line_35d21486.png,तापसिंहसाहवहादूर्सम्सेर्जङ्‌देवानाम्‌सदासमरविजयिनाम्,तापसिहसाहवहादूर्सम्सेर्जड्‌देवानाम्‌सदासमरविजयिनाम्,0.0384615398943424,सिंह|साहव|वाना|सदा|रवि,पसि|साहव|वाना|सदा|रवि,सिंह|साहेब|बाना|सदा|रवि,पस्नु|साहेब|बाना|सदा|रवि,5,5,0.34615384615384615,0.3333333333333333,0.01282051282051283,1,1,सिंह,पस्नु,सिंह,पसि
,data/oldNepali_fullset/oldNepali_100/images/DNA 2_00000110_result/eSc_line_58e0227e.png,ष्याकोरहेछ.वारुदगोलिपत्थर.विषसर.केहिवंदूक्‌ञहांभयाअनुसारकाजिरेव़ंतक,ष्याकोरहेछ.वारुदगोलिपत्थर.विषसर.केहिवंदूक्‌ञहांभयाअनुसारकाजिरेव़ंतक,0.0,रहेछ|वारुद|गोलि|पत्थर|विष|सर|केहि|ञहां|भया|अनुसार|काजि|तक,रहेछ|वारुद|गोलि|पत्थर|विष|सर|केहि|ञहां|भया|अनुसार|काजि|तक,रहनु|बारुत|गोलि|पत्थर|विष|शर|केही|यहाँ|हुनु|अनुसार|काजी|तक,रहनु|बारुत|गोलि|पत्थर|विष|शर|केही|यहाँ|हुनु|अनुसार|काजी|तक,12,12,0.6865671641791045,0.6865671641791045,0.0,0,0,,,,
,data/oldNepali_fullset/oldNepali/images/DNA_1_00000212/eSc_line_d32f7339.png,सेवासतम्‌पुर्वकपत्रमिदम्.ताहाँकाकृपाले.ञाँहानीकाआनन्दछौँ.ताहाँचरणक्षेमकुसलमंगलहुनुभयाहाम्रोउद्धारहोला.आगेञाहाँकोसमाचारभलोछ.उ,सेवा.तसपुर्वकषभमिद्माहाँकाकपाले.ञाँहाञीकाआनन्दछौं.नाहाक्षाराक्षेम्‌कुतलमंगलहुलुभय़ाहारोउद्रारहोल्‌आगेजाहाँकोसमाचारभनि,0.2903225719928741,सेवा|पुर्वक|पत्र|ताहाँ|कृपा|ञाँहा|नीका|आनन्द|ताहाँ|चरण|क्षेमकुसल|मंगल|हुनु|भया|हाम्रो|उद्धार|होला|आगे|ञाहाँ|कोस|चार|भलो,सेवा|तस|पुर्वक|ञाँहा|आनन्द|मंगल|आगे|कोस|चार|भनि,सेबा|पूर्वक|पत्र|त्यहाँ|कृपा|यहाँ|निको|आनन्द|त्यहाँ|चरण|क्षेमकुशल|मङ्गल|हुनु|हुनु|हाम्रो|उद्धार|हुनु|आगे|यहाँ|कोस|चार|भलो,सेबा|त्यो|पूर्वक|यहाँ|आनन्द|मङ्गल|आगे|कोस|चार|भनि,22,10,0.7903225806451613,0.3247863247863248,0.46553625585883646,13,2,उद्धार|कृपा|क्षेमकुशल|चरण|त्यहाँ|निको|पत्र|भलो|हाम्रो|हुनु,त्यो|भनि,उद्धार|कृपा|क्षेमकुसल|चरण|ञाहाँ|ताहाँ|नीका|पत्र|भया|भलो|हाम्रो|हुनु|होला,तस|भनि
,data/oldNepali_fullset/oldNepali/images/DNA_1_00000523/eSc_line_a3f13c31.png,सेव़कलोकरमणोपाध्यायकोवेदो,सेवक्‌लोकरमणेपाध्यायकोवेदा,0.2000000029802322,लोक|पाध्या,लोक|पाध्या,लोक|पाध्या,लोक|पाध्या,2,2,0.36,0.34615384615384615,0.013846153846153841,0,0,,,,
,data/oldNepali_fullset/oldNepali_100/images/DNA 2_00000161_result/eSc_line_51b3281b.png,श्रीपुतलीरानीभाउज्यू,श्रीपुतलीरानीभाउज्यू,0.0,पुतली|रानी|भाउ,पुतली|रानी|भाउ,पुतलि|रानि|भाउ,पुतलि|रानि|भाउ,3,3,0.6,0.6,0.0,0,0,,,,
,data/oldNepali_fullset/oldNepali/images/DNA_0013_0160/eSc_line_2bdab2ac.png,११७,११७,0.0,,,,,0,0,0.0,0.0,0.0,0,0,,,,
,data/oldNepali_fullset/oldNepali/images/CA__The Cambridge Manuscript_Page_002/eSc_line_bf6e00a2.png,क्लका.पूर्णिमाकादिन.दर्शनगरी.श्रीगुह्येश्वरीप्रकाशगरी.श्रीगुह्येश्वरीकापनि.विश्वरूपदर्शन.शुक्लादिमा,क्तका.पूर्णिमाकादिन.दर्शनगरी.श्रीगुह्येश्वरीप्रकाशगरी.श्रीगुह्येश्वरीकापनि.विश्वरूपदर्शनशुक्लादिमा,0.0202020201832056,दिन|दर्शन|गरी|गरी|पनि|दर्शन,दिन|दर्शन|गरी|गरी|पनि|दर्शन,दिनु|दर्शन|गर्नु|गर्नु|पनि|दर्शन,दिनु|दर्शन|गर्नु|गर्नु|पनि|दर्शन,6,6,0.2222222222222222,0.22448979591836735,-0.0022675736961451365,0,0,,,,
,data/oldNepali_fullset/oldNepali_100/images/CA__The Cambridge Manuscript_Page_038/eSc_line_3d4594fd.png,रोपनीआदिसवथोकदीषुसीगराई.समुझाई.वुझाई.आफ्नीपुत्रीचारुमतीसंगराषी.दुवैजनासितविदाली.अ,रोपनीआदिसवथोकदीषुसीगराई.समुझाई.वुझाई.आफ्नीपुत्रीचारुमतीसंगराषी.दुव़ैजनासितविदाली.अ,0.0123456791043281,पनी|सव|थोक|गराई|वुझाई|संग|राषी|दुवै|जना|सित|विदा,पनी|सव|थोक|गराई|वुझाई|संग|राषी|जना|सित|विदा,पनि|सब|थोक|गराउनु|बुझाउनु|सँग|राख्नु|दुवै|जना|सित|बिदा,पनि|सब|थोक|गराउनु|बुझाउनु|सँग|राख्नु|जना|सित|बिदा,11,10,0.4691358024691358,0.4146341463414634,0.05450165612767238,1,0,दुवै,,दुवै,
,data/oldNepali_fullset/oldNepali/images/DNA_1_00000116/eSc_line_c83a6940.png,८७१सालमितिश्राव़णसुदि६रोज६मोकामअर्किशुभम्,८७१सालमितिश्राव़णसुदि६रोज६मोकामअर्किशुभम्,0.0,साल|मिति|सुदि|रोज|मोकाम|अर्कि|शुभम्,साल|मिति|सुदि|रोज|मोकाम|अर्कि|शुभम्,साल|मिति|सुदि|रोज|मुकाम|अर्की|शुभम्,साल|मिति|सुदि|रोज|मुकाम|अर्की|शुभम्,7,7,0.7073170731707317,0.7073170731707317,0.0,0,0,,,,
,data/oldNepali_fullset/oldNepali/images/16/eSc_line_d1a77a26.png,ला लीजापगर्नलाग्योर.फेरीअसमर्थमानि.जापमालाछाडीगयो.ताहापछि.वाटामाएकपुरूषले.आफ्नाअंगुछामा,लानलीजापगर्नलाग्योर.फेरीअसमर्थसानि.जापमालाछाडीगयो.ताहापछिचाटामाएकपुरूषले.आफ्नाअंगुछामा,0.0459770113229751,गर्न|लाग्यो|फेरी|छाडी|गयो|ताहा|पछि|वाटा|एक|आफ्ना,गर्न|लाग्यो|फेरी|छाडी|गयो|ताहा|पछि|एक|आफ्ना,गर्नु|लाग्नु|फेरि|छाड़िनु|जानु|त्यहाँ|पछि|बाटो|एक|आफ्नो,गर्नु|लाग्नु|फेरि|छाड़िनु|जानु|त्यहाँ|पछि|एक|आफ्नो,10,9,0.4482758620689655,0.4069767441860465,0.04129911788291901,1,0,बाटो,,वाटा,
,data/oldNepali_fullset/oldNepali/images/DNA_0014_0242/eSc_line_88f5ddf0.png,रिराजचक्रचूडामणिनरनारायणेत्यादिविविधविरू,रिराजचक्रचूडामणिनरनारायणेत्यादिविविधविरु,0.025000000372529,राज|चक्र,राज|चक्र,राज|चक्र,राज|चक्र,2,2,0.175,0.175,0.0,0,0,,,,
,data/oldNepali_fullset/oldNepali/images/DNA_0012_0007/eSc_line_46ae53a2.png,सिदासकोचेला.रामदास्‌लाइदीनु.आफुलेनपाउन्यामहन्त्याञी.मपाउन्या,सिदासकोचेला.रामदास्‌लाइदीनु.आफुलेनपाउन्यामहन्त्याञी.मपाउन्या,0.0,दास|चेला|लाइ|दीनु|आफु|पाउन्या|पाउन्या,दास|चेला|लाइ|दीनु|आफु|पाउन्या|पाउन्या,दास|चेलो|लाई|दिनु|आफु|पाउनु|पाउनु,दास|चेलो|लाई|दिनु|आफु|पाउनु|पाउनु,7,7,0.5166666666666667,0.5166666666666667,0.0,0,0,,,,
,data/oldNepali_fullset/oldNepali_100/images/CA__The Cambridge Manuscript_Page_036/eSc_line_ba9ed1c8.png,इन्कापालामाकलियुगकोपादलेपृथ्वीकनछोयोभनि.ज्योतीषजान्याहरूलेसुनाया.इन्‌दिनदेषिसंपूर्णप्राणी६,इन्कापालामाकलियुगकोपादलेपृथीकनछोयोभनि.त्योतीषजान्याहरूलेसुनाया.इन्‌दिनदेषिसपूर्णप्राणि,0.0666666701436042,पाला|कन|भनि|जान्या|सुना|दिन|देषि|संपूर्ण,पाला|कन|भनि|जान्या|सुना|दिन|देषि,पालो|कन|भनि|जानु|सुन|दिनु|देखि|सम्पुर्न,पालो|कन|भनि|जानु|सुन|दिनु|देखि,8,7,0.36666666666666664,0.3023255813953488,0.06434108527131782,1,0,सम्पुर्न,,संपूर्ण,
,data/oldNepali_fullset/oldNepali/images/DNA_1_00000116/eSc_line_ba11c3ad.png,ऊप्रान्त.ग्रहणमा २ नुहाव़नजाँदा.कहलुर्‍याराजाले.मछेउभन्याकोस्माचार.रणजीतसिं,ऊप्रान्त.ग्रहणमा २ नुहाव़नजाँदा.कहलुर्‍याराजाले.मछेउभन्याकोस्माचार.रणजीतसिं,0.0,ऊप्रान्त|ग्रहण|जाँदा|राजा|छेउ|भन्याको|चार|रणजीत,ऊप्रान्त|ग्रहण|जाँदा|राजा|छेउ|भन्याको|चार|रणजीत,उप्रान्त|ग्रहण|जानु|राजा|छेउ|भन्नु|चार|रणजीत,उप्रान्त|ग्रहण|जानु|राजा|छेउ|भन्नु|चार|रणजीत,8,8,0.5333333333333333,0.5333333333333333,0.0,0,0,,,,
,data/oldNepali_fullset/oldNepali_100/images/DNA 4_00000490/eSc_line_81069c89.png,रोजकादिनकालिज्यामीरदाना२४कोपेरुंगा१डाक्‌वाटचढाइपठायाको,रोजकादिनकालिज्यावीरदाना२८कोपेरुंगा१डाक्‌वाटचढाइपठायाको,0.0370370373129844,रोज|दिन|मीर|वाट|पठायाको,रोज|दिन|वीर|वाट|पठायाको,रोज|दिनु|मिर|बाट|पठाउनु,रोज|दिनु|वीर|बाट|पठाउनु,5,5,0.35185185185185186,0.35185185185185186,0.0,1,1,मिर,वीर,मीर,वीर
,data/oldNepali_fullset/oldNepali_100/images/CA__The Cambridge Manuscript_Page_034/eSc_line_fc1db79e.png,भोगवर्ष१०००यस्‌पछि.शून्यवर्ष१०००फेरीविशालनगरकावर्षहज्जार२फेरीपिंगलोपाख्यानवर्षपचा,भोगवर्ष१००यस्‌पछि.शून्यवर्ष१०००फेरीविशालनगरकावर्षहजार२फेरीपिगलोपारष्यानवर्षपचा,0.0740740746259689,भोग|वर्ष|पछि|वर्ष|फेरी|नगर|वर्ष|हज्जार|फेरी|वर्ष,भोग|वर्ष|पछि|वर्ष|फेरी|नगर|वर्ष|हजार|फेरी|वर्ष,भोग|वर्ष|पछि|वर्ष|फेरि|नगर|वर्ष|हजार|फेरि|वर्ष,भोग|वर्ष|पछि|वर्ष|फेरि|नगर|वर्ष|हजार|फेरि|वर्ष,10,10,0.48148148148148145,0.47435897435897434,0.007122507122507116,1,1,,,हज्जार,हजार
,data/oldNepali_fullset/oldNepali_100/images/DNA 2_00000161_result/eSc_line_47d068e4.png,द्धायोकामगर्‍याको१५।१६वर्षभयोभंन्या.विंतिगर्‍या.अ,द्धायोकामगर्‍याको१५।१६वर्षभयोभंन्या.विंतिगर्‍या.अ,0.0,काम|वर्ष|भयो|भंन्या|विंति,काम|वर्ष|भयो|भंन्या|विंति,काम|वर्ष|हुनु|भने|बिन्ती,काम|वर्ष|हुनु|भने|बिन्ती,5,5,0.42857142857142855,0.42857142857142855,0.0,0,0,,,,
,data/oldNepali_fullset/oldNepali/images/DNA_0014_0296/eSc_line_cf4d681b.png,सावलेअमालिदारलेतिराइदिनु.वितलपकाकुरियामाहापनिति,सावलेअमालिदारलेतिराइदिनु.वितलपकाकुरियामाहापनिति,0.0,अमालिदार|तिराइ|दिनु|वितलप|कुरिया|माहा|पनि,अमालिदार|तिराइ|दिनु|वितलप|कुरिया|माहा|पनि,अमालिदार|तिराउनु|दिनु|बितलब|कुरिया|मा|पनि,अमालिदार|तिराउनु|दिनु|बितलब|कुरिया|मा|पनि,7,7,0.7446808510638298,0.7446808510638298,0.0,0,0,,,,
,data/oldNepali_fullset/oldNepali_100/images/CA__The Cambridge Manuscript_Page_033/eSc_line_f241f9d5.png,॥ ॥त्रेतायुगकाभोगवार्हलाषछयानन्यहज्जार१२९६०००मनुष्यकाआयुपाँचहज्जार५०००प्राणवायु॥,॥ ॥त्रेतायुगकाभोगवाहूलापछ्यानव्यहज्जार१२९६००मनुष्यकाआयुपाँवहज्जार५०००प्राणवायु॥,0.1000000014901161,भोग|लाष|हज्जार|मनुष्य|आयु|हज्जार,भोग|हज्जार|मनुष्य|आयु|हज्जार,भोग|लाख|हजार|मनुष्य|आयु|हजार,भोग|हजार|मनुष्य|आयु|हजार,6,5,0.3375,0.3037974683544304,0.03370253164556963,1,0,लाख,,लाष,
,data/oldNepali_fullset/oldNepali_100/images/DNA 1_00000671/eSc_line_f94b2801.png,स्वस्तिश्रीसर्वोपमाज़ोग्येत्यादिसकलगुण:गम्भीर:राजभारोद्धरसामर्थसी,स्वस्तिश्रीसर्वोपमाजोग्येत्यादिसकलगुगा:गम्सीर:राजभारोद्धरसामर्थसी,0.0615384615957737,स्वस्ति|गुण|राज|सामर्थ,स्वस्ति|राज|सामर्थ,स्वस्ति|गुण|राज|सामर्थ,स्वस्ति|राज|सामर्थ,4,3,0.2923076923076923,0.24615384615384617,0.046153846153846156,1,0,गुण,,गुण,
,data/oldNepali_fullset/oldNepali/images/DNA_2_00000394_result/eSc_line_20339b7e.png,६कादिन्‌ .फौतभया.कंपनीकाषैरषाह.पुरानाआदमीथिया,६कादिन्‌.फौतभय़ा.कंपनीकाषैरषाह.पुरानाआदमीथिय़ा,0.0666666701436042,भया|कंपनी|आदमी|थिया,कंपनी|आदमी,हुनु|कम्पनी|आदमी|हुनु,कम्पनी|आदमी,4,2,0.35555555555555557,0.1956521739130435,0.15990338164251208,2,0,हुनु,,थिया|भया,
,data/oldNepali_fullset/oldNepali_100/images/13/eSc_line_00675c29.png,राज्यगर्छन्.कलकत्तादेषीतहासम्मजहाजकोवाटो,राज्यगर्छन्.कलकत्तादेषीतहासम्मजहाजकोवाटो,0.0,राज्य|गर्छन्|कलकत्ता|देषी|तहा|सम्म|जहाज|वाटो,राज्य|गर्छन्|कलकत्ता|देषी|तहा|सम्म|जहाज|वाटो,राज्य|गर्नु|कलकत्ता|देखि|त्यहाँ|सम्म|जहाज|बाटो,राज्य|गर्नु|कलकत्ता|देखि|त्यहाँ|सम्म|जहाज|बाटो,8,8,0.925,0.925,0.0,0,0,,,,
,data/oldNepali_fullset/oldNepali_100/images/DNA 2_00000126_result/eSc_line_cd63259f.png,उप्रांन्त:पूर्वअंग्रेजकोसर्हद्दमाआक्‌आयेवर.ककोइफकोईभंन्याव्रह्मावादसाह,उप्रांन्त:पूर्वअंग्रेजकोसर्हद्दमाआक्‌आयेवर.ककोइफकोईभंन्याव्रह्मावादसाह,0.0,उप्रांन्त|पूर्व|कोस|कोइ|भंन्या|वादसाह,उप्रांन्त|पूर्व|कोस|कोइ|भंन्या|वादसाह,उप्रान्त|पूर्व|कोस|कोही|भने|बादशाह,उप्रान्त|पूर्व|कोस|कोही|भने|बादशाह,6,6,0.45714285714285713,0.45714285714285713,0.0,0,0,,,,
,data/oldNepali_fullset/oldNepali/images/DNA_0012_0007/eSc_line_7b84a788.png,नु.कारोवारिमैलेहुनुतिम्रासेषपछीय़ोमहन्त्याञीमैलेचलाउनुभंन्या,नु.कारोवारिमैलेहुनुतिम्रासेषपछीयोमहन्त्याञीमैलेचलाउनुभंन्या,0.016666667535901,वारि|हुनु|तिम्रा|सेष|पछी|चलाउनु|भंन्या,वारि|हुनु|तिम्रा|सेष|पछी|चलाउनु|भंन्या,बारि|हुनु|तिम्रो|शेष|पछि|चलाउनु|भने,बारि|हुनु|तिम्रो|शेष|पछि|चलाउनु|भने,7,7,0.5333333333333333,0.5423728813559322,-0.009039548022598876,0,0,,,,
,data/oldNepali_fullset/oldNepali/images/DNA_2_00000095_result/eSc_line_27679495.png,तैवढियागर्दारह्याछन्‌ञाहाकासाहेवा,तैवढिय़ागर्दारह्माइपन्‌आहाकासाहेवा,0.1818181872367859,वढिया|गर्दा|रह्या|ञाहा,गर्दा,बढिया|गर्नु|रहनु|यहाँ,गर्नु,4,1,0.5757575757575758,0.14705882352941177,0.428698752228164,3,0,बढिया|यहाँ|रहनु,,ञाहा|रह्या|वढिया,
,data/oldNepali_fullset/oldNepali/images/DNA_1_00000116/eSc_line_228f0c0e.png,यो.फ,यो.फ,0.0,,,,,0,0,0.0,0.0,0.0,0,0,,,,
,data/oldNepali_fullset/oldNepali_100/images/DNA 1_00000609/eSc_line_7d2a3be7.png,हजूरकापनितेहिजोग.पर्‍याकोछ.कुंडली.दशागन्याकोच,हजूरकापनितेहिजोग.पर्याकोछ.कुंडली.दशागर्न्याकोच,0.0666666701436042,हजूर|पनि|हिजो,हजूर|पनि|हिजो|पर्याको|गर्न्या,हजुर|पनि|हिजो,हजुर|पनि|हिजो|पर्नु|गर्नु,3,5,0.24444444444444444,0.5434782608695652,-0.2990338164251207,0,2,,गर्नु|पर्नु,,गर्न्या|पर्याको
,data/oldNepali_fullset/oldNepali/images/DNA_1_00000116/eSc_line_4882ee66.png,अर्जिजानिनजानिलेष्याको.माफ्‌भयाजाला.ईतिसम्वत्१,अर्जिजानिनजानिलेष्याको.माफ्‌भयाजाला.ईतिसम्वत्१,0.0,अर्जि|जानि|जानि|लेष्याको|भया|जाला|ईति|सम्वत्,अर्जि|जानि|जानि|लेष्याको|भया|जाला|ईति|सम्वत्,अर्जी|जान्नु|जान्नु|लेख्नु|हुनु|जानु|इति|संवत्,अर्जी|जान्नु|जान्नु|लेख्नु|हुनु|जानु|इति|संवत्,8,8,0.8043478260869565,0.8043478260869565,0.0,0,0,,,,
,data/oldNepali_fullset/oldNepali/images/DNA_0003_0551/eSc_line_e0ef34c9.png,गरीवपर्वरहाललखनऊकादरियाफ्तहुवाकिइसमहीनेमेँकइरइ,गरीवपर्वरहाललखनउकादरियाफ़ाहुवाकिइसमहीनेमेँकइरइ,0.0652173906564712,गरीव|पर्व|हाल|दरि|वाकि,गरीव|पर्व|हाल|दरि|वाकि,गरिब|पर्व|हाल|दर्नु|बाँकि,गरिब|पर्व|हाल|दर्नु|बाँकि,5,5,0.391304347826087,0.391304347826087,0.0,0,0,,,,
,data/oldNepali_fullset/oldNepali_100/images/DNA 4_00000552/eSc_line_800b3edf.png,वाटसजायगर्नुभन्न्यावेव़राकोअघिल्लोयोपाठकोवन्दोवस्तलाईतेरातजवीज,वाटसजायगर्नुभन्न्यावेव़राकोअघिल्लोयोपाठकोवन्दोवस्तलाईतेरातजवीज,0.0,वाट|सजा|गर्नु|भन्न्या|अघि|पाठ|वन्दोवस्त|लाई|तेरा,वाट|सजा|गर्नु|भन्न्या|अघि|पाठ|वन्दोवस्त|लाई|तेरा,बाट|सजा|गर्नु|भन्ने|अघि|पाठ|बन्दोबस्त|लाई|तेरो,बाट|सजा|गर्नु|भन्ने|अघि|पाठ|बन्दोबस्त|लाई|तेरो,9,9,0.6451612903225806,0.6451612903225806,0.0,0,0,,,,
,data/oldNepali_fullset/oldNepali/images/DNA_0001_0167/eSc_line_490f8014.png,कमारव़ानागर्नषोज्दाहल्काराहरूआइपुग्यारथामिय़ाकोहोइनहल्काराहस्तेचह्राइपठाउला.ञा,कमारव़ानागर्नषोज्दाहल्काराहरूआइपुग्यार थामिय़ाकोहोइनहल्काराहस्तेचहाइपठाउला.ञा,0.0384615398943424,गर्न|षोज्दा|हल्काराहरू|आइ|पुग्या|थामि|होइन|हल्कारा|हस्ते|चह्राइ|पठाउला,गर्न|षोज्दा|हल्काराहरू|आइ|पुग्या|थामि|होइन|हल्कारा|हस्ते|पठाउला,गर्नु|खोज्नु|हल्कारो|आउनु|पुग्नु|थाम्नु|हुनु|हल्कारो|हस्ते|चड़ाइ|पठाउनु,गर्नु|खोज्नु|हल्कारो|आउनु|पुग्नु|थाम्नु|हुनु|हल्कारो|हस्ते|पठाउनु,11,10,0.7692307692307693,0.7012987012987013,0.06793206793206796,1,0,चड़ाइ,,चह्राइ,
,data/oldNepali_fullset/oldNepali_100/images/DNA 1_00000054/eSc_line_5aef0a3c.png,अर्जि,अर्जि,0.0,अर्जि,अर्जि,अर्जी,अर्जी,1,1,1.0,1.0,0.0,0,0,,,,
,data/oldNepali_fullset/oldNepali/images/CA__The Cambridge Manuscript_Page_002/eSc_line_7aa74e9e.png,तिकादिन.वासदी.यस् क्षेत्रकाधनद्रव्यसवै.तम्राषुसिभयोभनि.कर्कोटकनागराजलाईवुझाई.ठुलोतलाउ,तिकादिन.वासदी.यस् क्षेत्रकाधनद्रव्यसवै.तम्राषुसिभयोभनि.कर्कोटकनागराजलाईवुझाई.ठुलोतलाउ,0.0,दिन|वास|यस्|धन|द्रव्य|सवै|तम्रा|षुसि|भयो|भनि|राज|लाई|वुझाई|ठुलो,दिन|वास|यस्|धन|द्रव्य|सवै|तम्रा|षुसि|भयो|भनि|राज|लाई|वुझाई|ठुलो,दिनु|बास|यो|धन|द्रब्य|सब|तिम्रो|खुसि|हुनु|भनि|राज|लाई|बुझाउनु|ठुलो,दिनु|बास|यो|धन|द्रब्य|सब|तिम्रो|खुसि|हुनु|भनि|राज|लाई|बुझाउनु|ठुलो,14,14,0.5882352941176471,0.5882352941176471,0.0,0,0,,,,
,data/oldNepali_fullset/oldNepali/images/DNA_0013_0160/eSc_line_7c607ef5.png,१,९,1.0,,,,,0,0,0.0,0.0,0.0,0,0,,,,
